$MeshFormat
2.2 0 8
$EndMeshFormat
$Nodes
5138
1 0.5 0 0
2 -0.5 0 0
3 0 0.5 0
4 0 -0.5 0
5 -1 -1 0
6 1 -1 0
7 1 1 0
8 -1 1 0
9 0.4990877771116748 0.03018924871087632 0
10 0.4963544370490914 0.06026834012713105 0
11 0.4918099534737163 0.09012751890616444 0
12 0.4854709087132818 0.1196578321427412 0
13 0.4773604332546703 0.148751526926326 0
14 0.4675081213432759 0.1773024435197689 0
15 0.4559499229967143 0.2052064027248914 0
16 0.4427280128272642 0.2323615860206283 0
17 0.4278906361513478 0.2586689070877961 0
18 0.4114919329473929 0.2840323733647598 0
19 0.3935917403050073 0.308359436313656 0
20 0.3742553740859283 0.3315613291199712 0
21 0.3535533905935266 0.353553390593021 0
22 0.331561329120488 0.3742553740854704 0
23 0.3083594363141802 0.3935917403045966 0
24 0.2840323733652875 0.4114919329470287 0
25 0.2586689070883237 0.4278906361510288 0
26 0.2323615860211523 0.4427280128269891 0
27 0.2052064027254087 0.4559499229964815 0
28 0.1773024435202478 0.4675081213430943 0
29 0.1487515269267335 0.4773604332545433 0
30 0.1196578321430727 0.4854709087132001 0
31 0.09012751890641631 0.4918099534736701 0
32 0.06026834012730044 0.4963544370490708 0
33 0.03018924871096151 0.4990877771116697 0
34 -0.03018924871087632 0.4990877771116748 0
35 -0.06026834012713105 0.4963544370490914 0
36 -0.09012751890616444 0.4918099534737163 0
37 -0.1196578321427412 0.4854709087132818 0
38 -0.148751526926326 0.4773604332546703 0
39 -0.1773024435197689 0.4675081213432759 0
40 -0.2052064027248914 0.4559499229967143 0
41 -0.2323615860206283 0.4427280128272642 0
42 -0.2586689070877961 0.4278906361513478 0
43 -0.2840323733647598 0.4114919329473929 0
44 -0.308359436313656 0.3935917403050073 0
45 -0.3315613291199712 0.3742553740859283 0
46 -0.353553390593021 0.3535533905935266 0
47 -0.3742553740854704 0.331561329120488 0
48 -0.3935917403045966 0.3083594363141802 0
49 -0.4114919329470287 0.2840323733652875 0
50 -0.4278906361510288 0.2586689070883237 0
51 -0.4427280128269891 0.2323615860211523 0
52 -0.4559499229964815 0.2052064027254087 0
53 -0.4675081213430943 0.1773024435202478 0
54 -0.4773604332545433 0.1487515269267335 0
55 -0.4854709087132001 0.1196578321430727 0
56 -0.4918099534736701 0.09012751890641631 0
57 -0.4963544370490708 0.06026834012730044 0
58 -0.4990877771116697 0.03018924871096151 0
59 -0.4990877771116748 -0.03018924871087632 0
60 -0.4963544370490914 -0.06026834012713105 0
61 -0.4918099534737163 -0.09012751890616444 0
62 -0.4854709087132818 -0.1196578321427412 0
63 -0.4773604332546703 -0.148751526926326 0
64 -0.4675081213432759 -0.1773024435197689 0
65 -0.4559499229967143 -0.2052064027248914 0
66 -0.4427280128272642 -0.2323615860206283 0
67 -0.4278906361513478 -0.2586689070877961 0
68 -0.4114919329473929 -0.2840323733647598 0
69 -0.3935917403050073 -0.308359436313656 0
70 -0.3742553740859283 -0.3315613291199712 0
71 -0.3535533905935266 -0.353553390593021 0
72 -0.331561329120488 -0.3742553740854704 0
73 -0.3083594363141802 -0.3935917403045966 0
74 -0.2840323733652875 -0.4114919329470287 0
75 -0.2586689070883237 -0.4278906361510288 0
76 -0.2323615860211523 -0.4427280128269891 0
77 -0.2052064027254087 -0.4559499229964815 0
78 -0.1773024435202478 -0.4675081213430943 0
79 -0.1487515269267335 -0.4773604332545433 0
80 -0.1196578321430727 -0.4854709087132001 0
81 -0.09012751890641631 -0.4918099534736701 0
82 -0.06026834012730044 -0.4963544370490708 0
83 -0.03018924871096151 -0.4990877771116697 0
84 0.03018924871087632 -0.4990877771116748 0
85 0.06026834012713105 -0.4963544370490914 0
86 0.09012751890616444 -0.4918099534737163 0
87 0.1196578321427412 -0.4854709087132818 0
88 0.148751526926326 -0.4773604332546703 0
89 0.1773024435197689 -0.4675081213432759 0
90 0.2052064027248914 -0.4559499229967143 0
91 0.2323615860206283 -0.4427280128272642 0
92 0.2586689070877961 -0.4278906361513478 0
93 0.2840323733647598 -0.4114919329473929 0
94 0.308359436313656 -0.3935917403050073 0
95 0.3315613291199712 -0.3742553740859283 0
96 0.353553390593021 -0.3535533905935266 0
97 0.3742553740854704 -0.331561329120488 0
98 0.3935917403045966 -0.3083594363141802 0
99 0.4114919329470287 -0.2840323733652875 0
100 0.4278906361510288 -0.2586689070883237 0
101 0.4427280128269891 -0.2323615860211523 0
102 0.4559499229964815 -0.2052064027254087 0
103 0.4675081213430943 -0.1773024435202478 0
104 0.4773604332545433 -0.1487515269267335 0
105 0.4854709087132001 -0.1196578321430727 0
106 0.4918099534736701 -0.09012751890641631 0
107 0.4963544370490708 -0.06026834012730044 0
108 0.4990877771116697 -0.03018924871096151 0
109 -0.9696969696970538 -1 0
110 -0.9393939393941076 -1 0
111 -0.9090909090911614 -1 0
112 -0.8787878787882153 -1 0
113 -0.8484848484852691 -1 0
114 -0.8181818181823228 -1 0
115 -0.7878787878793767 -1 0
116 -0.7575757575764305 -1 0
117 -0.7272727272734842 -1 0
118 -0.6969696969705381 -1 0
119 -0.666666666667592 -1 0
120 -0.6363636363646457 -1 0
121 -0.6060606060616995 -1 0
122 -0.5757575757587533 -1 0
123 -0.5454545454558071 -1 0
124 -0.515151515152861 -1 0
125 -0.4848484848498937 -1 0
126 -0.4545454545469055 -1 0
127 -0.4242424242439172 -1 0
128 -0.393939393940929 -1 0
129 -0.3636363636379408 -1 0
130 -0.3333333333349526 -1 0
131 -0.3030303030319643 -1 0
132 -0.272727272728976 -1 0
133 -0.2424242424259877 -1 0
134 -0.2121212121229995 -1 0
135 -0.1818181818200113 -1 0
136 -0.151515151517023 -1 0
137 -0.1212121212140348 -1 0
138 -0.0909090909110466 -1 0
139 -0.06060606060805829 -1 0
140 -0.0303030303050702 -1 0
141 -2.081779193474631e-12 -1 0
142 0.03030303030099057 -1 0
143 0.06060606060406304 -1 0
144 0.09090909090713528 -1 0
145 0.1212121212102077 -1 0
146 0.15151515151328 -1 0
147 0.1818181818163525 -1 0
148 0.2121212121194247 -1 0
149 0.2424242424224972 -1 0
150 0.2727272727255694 -1 0
151 0.3030303030286419 -1 0
152 0.3333333333317139 -1 0
153 0.3636363636347864 -1 0
154 0.3939393939378588 -1 0
155 0.4242424242409313 -1 0
156 0.4545454545440037 -1 0
157 0.4848484848470758 -1 0
158 0.5151515151501693 -1 0
159 0.5454545454532838 -1 0
160 0.5757575757563982 -1 0
161 0.6060606060595124 -1 0
162 0.636363636362627 -1 0
163 0.6666666666657413 -1 0
164 0.6969696969688557 -1 0
165 0.7272727272719701 -1 0
166 0.7575757575750846 -1 0
167 0.7878787878781988 -1 0
168 0.8181818181813134 -1 0
169 0.8484848484844276 -1 0
170 0.8787878787875423 -1 0
171 0.9090909090906565 -1 0
172 0.9393939393937709 -1 0
173 0.9696969696968856 -1 0
174 1 -0.9696969696970538 0
175 1 -0.9393939393941076 0
176 1 -0.9090909090911614 0
177 1 -0.8787878787882153 0
178 1 -0.8484848484852691 0
179 1 -0.8181818181823228 0
180 1 -0.7878787878793767 0
181 1 -0.7575757575764305 0
182 1 -0.7272727272734842 0
183 1 -0.6969696969705381 0
184 1 -0.666666666667592 0
185 1 -0.6363636363646457 0
186 1 -0.6060606060616995 0
187 1 -0.5757575757587533 0
188 1 -0.5454545454558071 0
189 1 -0.515151515152861 0
190 1 -0.4848484848498937 0
191 1 -0.4545454545469055 0
192 1 -0.4242424242439172 0
193 1 -0.393939393940929 0
194 1 -0.3636363636379408 0
195 1 -0.3333333333349526 0
196 1 -0.3030303030319643 0
197 1 -0.272727272728976 0
198 1 -0.2424242424259877 0
199 1 -0.2121212121229995 0
200 1 -0.1818181818200113 0
201 1 -0.151515151517023 0
202 1 -0.1212121212140348 0
203 1 -0.0909090909110466 0
204 1 -0.06060606060805829 0
205 1 -0.0303030303050702 0
206 1 -2.081779193474631e-12 0
207 1 0.03030303030099057 0
208 1 0.06060606060406304 0
209 1 0.09090909090713528 0
210 1 0.1212121212102077 0
211 1 0.15151515151328 0
212 1 0.1818181818163525 0
213 1 0.2121212121194247 0
214 1 0.2424242424224972 0
215 1 0.2727272727255694 0
216 1 0.3030303030286419 0
217 1 0.3333333333317139 0
218 1 0.3636363636347864 0
219 1 0.3939393939378588 0
220 1 0.4242424242409313 0
221 1 0.4545454545440037 0
222 1 0.4848484848470758 0
223 1 0.5151515151501693 0
224 1 0.5454545454532838 0
225 1 0.5757575757563982 0
226 1 0.6060606060595124 0
227 1 0.636363636362627 0
228 1 0.6666666666657413 0
229 1 0.6969696969688557 0
230 1 0.7272727272719701 0
231 1 0.7575757575750846 0
232 1 0.7878787878781988 0
233 1 0.8181818181813134 0
234 1 0.8484848484844276 0
235 1 0.8787878787875423 0
236 1 0.9090909090906565 0
237 1 0.9393939393937709 0
238 1 0.9696969696968856 0
239 0.9696969696970538 1 0
240 0.9393939393941076 1 0
241 0.9090909090911614 1 0
242 0.8787878787882153 1 0
243 0.8484848484852691 1 0
244 0.8181818181823228 1 0
245 0.7878787878793767 1 0
246 0.7575757575764305 1 0
247 0.7272727272734842 1 0
248 0.6969696969705381 1 0
249 0.666666666667592 1 0
250 0.6363636363646457 1 0
251 0.6060606060616995 1 0
252 0.5757575757587533 1 0
253 0.5454545454558071 1 0
254 0.515151515152861 1 0
255 0.4848484848498937 1 0
256 0.4545454545469055 1 0
257 0.4242424242439172 1 0
258 0.393939393940929 1 0
259 0.3636363636379408 1 0
260 0.3333333333349526 1 0
261 0.3030303030319643 1 0
262 0.272727272728976 1 0
263 0.2424242424259877 1 0
264 0.2121212121229995 1 0
265 0.1818181818200113 1 0
266 0.151515151517023 1 0
267 0.1212121212140348 1 0
268 0.0909090909110466 1 0
269 0.06060606060805829 1 0
270 0.0303030303050702 1 0
271 2.081779193474631e-12 1 0
272 -0.03030303030099057 1 0
273 -0.06060606060406304 1 0
274 -0.09090909090713528 1 0
275 -0.1212121212102077 1 0
276 -0.15151515151328 1 0
277 -0.1818181818163525 1 0
278 -0.2121212121194247 1 0
279 -0.2424242424224972 1 0
280 -0.2727272727255694 1 0
281 -0.3030303030286419 1 0
282 -0.3333333333317139 1 0
283 -0.3636363636347864 1 0
284 -0.3939393939378588 1 0
285 -0.4242424242409313 1 0
286 -0.4545454545440037 1 0
287 -0.4848484848470758 1 0
288 -0.5151515151501693 1 0
289 -0.5454545454532838 1 0
290 -0.5757575757563982 1 0
291 -0.6060606060595124 1 0
292 -0.636363636362627 1 0
293 -0.6666666666657413 1 0
294 -0.6969696969688557 1 0
295 -0.7272727272719701 1 0
296 -0.7575757575750846 1 0
297 -0.7878787878781988 1 0
298 -0.8181818181813134 1 0
299 -0.8484848484844276 1 0
300 -0.8787878787875423 1 0
301 -0.9090909090906565 1 0
302 -0.9393939393937709 1 0
303 -0.9696969696968856 1 0
304 -1 0.9696969696970538 0
305 -1 0.9393939393941076 0
306 -1 0.9090909090911614 0
307 -1 0.8787878787882153 0
308 -1 0.8484848484852691 0
309 -1 0.8181818181823228 0
310 -1 0.7878787878793767 0
311 -1 0.7575757575764305 0
312 -1 0.7272727272734842 0
313 -1 0.6969696969705381 0
314 -1 0.666666666667592 0
315 -1 0.6363636363646457 0
316 -1 0.6060606060616995 0
317 -1 0.5757575757587533 0
318 -1 0.5454545454558071 0
319 -1 0.515151515152861 0
320 -1 0.4848484848498937 0
321 -1 0.4545454545469055 0
322 -1 0.4242424242439172 0
323 -1 0.393939393940929 0
324 -1 0.3636363636379408 0
325 -1 0.3333333333349526 0
326 -1 0.3030303030319643 0
327 -1 0.272727272728976 0
328 -1 0.2424242424259877 0
329 -1 0.2121212121229995 0
330 -1 0.1818181818200113 0
331 -1 0.151515151517023 0
332 -1 0.1212121212140348 0
333 -1 0.0909090909110466 0
334 -1 0.06060606060805829 0
335 -1 0.0303030303050702 0
336 -1 2.081779193474631e-12 0
337 -1 -0.03030303030099057 0
338 -1 -0.06060606060406304 0
339 -1 -0.09090909090713528 0
340 -1 -0.1212121212102077 0
341 -1 -0.15151515151328 0
342 -1 -0.1818181818163525 0
343 -1 -0.2121212121194247 0
344 -1 -0.2424242424224972 0
345 -1 -0.2727272727255694 0
346 -1 -0.3030303030286419 0
347 -1 -0.3333333333317139 0
348 -1 -0.3636363636347864 0
349 -1 -0.3939393939378588 0
350 -1 -0.4242424242409313 0
351 -1 -0.4545454545440037 0
352 -1 -0.4848484848470758 0
353 -1 -0.5151515151501693 0
354 -1 -0.5454545454532838 0
355 -1 -0.5757575757563982 0
356 -1 -0.6060606060595124 0
357 -1 -0.636363636362627 0
358 -1 -0.6666666666657413 0
359 -1 -0.6969696969688557 0
360 -1 -0.7272727272719701 0
361 -1 -0.7575757575750846 0
362 -1 -0.7878787878781988 0
363 -1 -0.8181818181813134 0
364 -1 -0.8484848484844276 0
365 -1 -0.8787878787875423 0
366 -1 -0.9090909090906565 0
367 -1 -0.9393939393937709 0
368 -1 -0.9696969696968856 0
369 -0.6454928409109083 -0.760398750763596 0
370 0.7603985680360782 -0.645492849343375 0
371 0.6454928409109083 0.760398750763596 0
372 -0.760398750763596 0.6454928409109083 0
373 -0.4924218349442747 -0.7125104621660736 0
374 0.7125104102435929 -0.4924218371450383 0
375 -0.7125104621660736 0.4924218349442747 0
376 0.4924218349442747 0.7125104621660736 0
377 0.5081695489910713 -0.7133347006731264 0
378 -0.7096547137213959 -0.5111570833428196 0
379 0.7096547137213959 0.5111570833428196 0
380 -0.5111570833428196 0.7096547137213959 0
381 0.3929588282574268 -0.6655311823953641 0
382 -0.6569967437901518 -0.3908373289418491 0
383 0.6569967437901518 0.3908373289418491 0
384 -0.3908373289418491 0.6569967437901518 0
385 0.3567693340625823 -0.7549244686284723 0
386 -0.7566759754001927 -0.35180053080738 0
387 0.7566759754001927 0.35180053080738 0
388 -0.35180053080738 0.7566759754001927 0
389 -0.3131522671631255 -0.7948654490646376 0
390 0.794865449061959 -0.3131522671632391 0
391 -0.7948654490646376 0.3131522671631256 0
392 0.3131522671631256 0.7948654490646376 0
393 0.3056859091400165 -0.8332397740062661 0
394 -0.8086436595161025 -0.3208383232378526 0
395 0.8086436595161025 0.3208383232378526 0
396 -0.3208383232378526 0.8086436595161025 0
397 -0.2757026354456256 -0.6993937450765274 0
398 0.6993937450765274 -0.2757026354456256 0
399 -0.6993937450765274 0.2757026354456256 0
400 0.2757026354456256 0.6993937450765274 0
401 0.2768086588326561 -0.7002270925533819 0
402 -0.7002272507697173 -0.2768056517201113 0
403 0.7002272507697173 0.2768056517201113 0
404 -0.2768056517201113 0.7002272507697173 0
405 -0.223846272616593 -0.7751546089614555 0
406 0.7751546089615355 -0.2238462726188755 0
407 -0.7751546089615754 0.2238462726188739 0
408 0.2238462726188739 0.7751546089615754 0
409 0.2414528621959975 -0.7755602979797643 0
410 -0.7755618986993537 -0.2414224383845106 0
411 0.7755618986993537 0.2414224383845106 0
412 -0.2414224383845106 0.7755618986993537 0
413 -0.1902207706138793 -0.7294997263765557 0
414 0.7294997263765557 -0.1902207706138793 0
415 -0.7294997263765557 0.1902207706138793 0
416 0.1902207706138793 0.7294997263765557 0
417 0.1901053554194919 -0.7296267035623779 0
418 -0.729626750441292 -0.1901044644231824 0
419 0.729626750441292 0.1901044644231824 0
420 -0.1901044644231824 0.729626750441292 0
421 -0.1641262519364022 -0.7816856365701553 0
422 0.7816856365722394 -0.1641262519761 0
423 -0.7816856365722441 0.1641262519760998 0
424 0.1641262519760998 0.7816856365722441 0
425 -0.8525973997534833 -0.7184647239493758 0
426 0.7184642482824687 -0.8525973505981129 0
427 0.8525973997534833 0.7184647239493758 0
428 -0.7184647239493758 0.8525973997534833 0
429 -0.1230700965472838 -0.739277183946225 0
430 0.7392771839465097 -0.1230700965526938 0
431 -0.7392771839465097 0.1230700965526938 0
432 0.1230700965526938 0.7392771839465097 0
433 -0.07062770484805146 -0.8160066094265496 0
434 0.8160066094307079 -0.07062770492708677 0
435 -0.8160066094307079 0.07062770492708677 0
436 0.07062770492708677 0.8160066094307079 0
437 0.08656465647302626 -0.8001199831617897 0
438 -0.8001200186460409 -0.08656398204748701 0
439 0.8001200186460409 0.08656398204748701 0
440 -0.08656398204748701 0.8001200186460409 0
441 0.0376696502593184 -0.715635655242548 0
442 -0.7156356554490504 -0.03766964633446819 0
443 0.7156356554490504 0.03766964633446819 0
444 -0.03766964633446819 0.7156356554490504 0
445 -0.04679803811703687 -0.7216824274337196 0
446 0.7216824274337196 -0.04679803811703687 0
447 -0.7216824274337196 0.04679803811703687 0
448 0.04679803811703687 0.7216824274337196 0
449 -0.7937646232232906 -0.8766276069716206 0
450 0.8766276069716206 -0.7937646232232906 0
451 -0.8766276069716206 0.7937646232232906 0
452 0.7937646232232906 0.8766276069716206 0
453 0.8566771696185672 -0.8706840142106552 0
454 -0.8706840142106552 -0.8566771696185672 0
455 -0.8566771696185672 0.8706840142106552 0
456 0.8706840142106552 0.8566771696185672 0
457 0.8786587764024624 -0.8969227686403188 0
458 -0.8969227686403188 -0.8786587764024624 0
459 0.8969227686403188 0.8786587764024624 0
460 -0.8786587764024624 0.8969227686403188 0
461 0.9107191123944669 -0.906240286397317 0
462 -0.906240286397317 -0.9107191123944669 0
463 0.906240286397317 0.9107191123944669 0
464 -0.9107191123944669 0.906240286397317 0
465 -0.5132796186215485 -0.6255459682746463 0
466 -0.6255459682746463 0.5132796186215485 0
467 0.6255449216216883 -0.5132796629845245 0
468 0.5132796186215485 0.6255459682746463 0
469 0.4491327059692526 -0.5760317271469209 0
470 -0.575821563746305 -0.4489435133068965 0
471 -0.4489435133068965 0.575821563746305 0
472 0.575821563746305 0.4489435133068965 0
473 0.5641898599994999 -0.4021881766345519 0
474 -0.4021877241722172 -0.564190955713704 0
475 -0.564190955713704 0.4021877241722172 0
476 0.4021877241722172 0.564190955713704 0
477 0.3451849730170017 -0.4608017200729311 0
478 -0.4607893024764871 -0.3451854905748959 0
479 0.4607893024764871 0.3451854905748959 0
480 -0.3451854905748959 0.4607893024764871 0
481 0.3183851428735101 -0.6311911631859127 0
482 -0.6308213884446386 -0.3188480807195828 0
483 0.6308213884446386 0.3188480807195828 0
484 -0.3188480807195828 0.6308213884446386 0
485 0.3044709847294685 -0.5209679866681073 0
486 -0.5209541367395859 -0.3044713948940813 0
487 0.5209541367395859 0.3044713948940813 0
488 -0.3044713948940813 0.5209541367395859 0
489 0.2593859806880459 -0.5399908034784171 0
490 -0.539986782084506 -0.259385843795048 0
491 0.539986782084506 0.259385843795048 0
492 -0.259385843795048 0.539986782084506 0
493 -0.1949196960395877 -0.5872315612765618 0
494 0.5872315612765618 -0.1949196960395877 0
495 -0.5872315612765618 0.1949196960395877 0
496 0.1949196960395877 0.5872315612765618 0
497 -0.6728959162536901 -0.8935839995550031 0
498 0.8935839995550031 -0.6728959162536901 0
499 -0.8935839995550031 0.6728959162536901 0
500 0.6728959162536901 0.8935839995550031 0
501 -0.6385529710206278 -0.6198867504065591 0
502 0.6198808279039278 -0.6385532220492421 0
503 0.6385529710206278 0.6198867504065591 0
504 -0.6198867504065591 0.6385529710206278 0
505 0.9126562269362225 -0.5514389154117615 0
506 -0.5514389154117615 -0.9126562269362225 0
507 -0.9126562269362225 0.5514389154117615 0
508 0.5514389154117615 0.9126562269362225 0
509 -0.5366566255237339 0.8886378231373594 0
510 -0.8886378231373594 -0.5366566255237339 0
511 0.8886378231373594 0.5366566255237339 0
512 0.5389631504149602 -0.8868839651054659 0
513 0.8686820604696827 -0.5888430424606923 0
514 -0.5888430424606923 -0.8686820604696827 0
515 -0.8686820604696827 0.5888430424606923 0
516 0.5888430424606923 0.8686820604696827 0
517 0.1721438507600856 -0.6312374287499652 0
518 -0.6312374337183253 -0.1721437563297759 0
519 0.6312374337183253 0.1721437563297759 0
520 -0.1721437563297759 0.6312374337183253 0
521 -0.1631847134912944 -0.6411239618913737 0
522 0.6411239618913737 -0.1631847134912944 0
523 -0.6411239618913737 0.1631847134912944 0
524 0.1631847134912944 0.6411239618913737 0
525 -0.5915810496827146 0.05902556329272581 0
526 0.05902556329272581 0.5915810496827146 0
527 -0.05902556328434175 -0.5915810496822735 0
528 0.5915810496827146 -0.05902556329272581 0
529 0.4632404171287947 -0.902824092670195 0
530 -0.8226020439963705 0.7508624223529434 0
531 0.8226020439963705 -0.7508624223529434 0
532 -0.7508624223529434 -0.8226020439963705 0
533 0.7508624223529434 0.8226020439963705 0
534 0.5064828030225891 -0.850970424435095 0
535 -0.5069734113257346 0.8509496297254588 0
536 0.8509496297254588 0.5069734113257346 0
537 -0.8509496297254588 -0.5069734113257346 0
538 0.1110013894639658 -0.6161767535852531 0
539 -0.6161767536194356 -0.111001388814281 0
540 0.6161767536194356 0.111001388814281 0
541 -0.111001388814281 0.6161767536194356 0
542 -0.09895391898320956 -0.6143853770265586 0
543 0.6143853770266249 -0.09895391898446866 0
544 -0.6143853770266249 0.09895391898446866 0
545 0.09895391898446866 0.6143853770266249 0
546 -0.8878835842172836 -0.5969460803102693 0
547 0.5970431632788696 -0.887396081553102 0
548 0.8878835842172836 0.5969460803102693 0
549 -0.5969460803102693 0.8878835842172836 0
550 -0.4399658389896229 -0.8690788742776728 0
551 0.8690788742776728 -0.4399658389896229 0
552 -0.8690788742776728 0.4399658389896229 0
553 0.4399658389896229 0.8690788742776728 0
554 -0.874939892189688 -0.3925569185254191 0
555 0.874939892189688 0.3925569185254191 0
556 -0.3925569185254191 0.874939892189688 0
557 0.04013783178161286 -0.6420559662705163 0
558 -0.6420559662736348 -0.04013783172234253 0
559 0.6420559662736348 0.04013783172234253 0
560 -0.04013783172234253 0.6420559662736348 0
561 -0.03996696890513139 -0.6471072385879229 0
562 0.6471072385930409 -0.03996696900240491 0
563 -0.6471072385930409 0.03996696900240491 0
564 0.03996696900240491 0.6471072385930409 0
565 0.003872638845065959 -0.5915409502894374 0
566 -0.5915409502894842 -0.003872638844178088 0
567 0.5915409502894842 0.003872638844178088 0
568 -0.003872638844178088 0.5915409502894842 0
569 0.001396965525109725 -0.8797626792601877 0
570 -0.8797626806868445 -0.001396938409590932 0
571 0.8797626806868445 0.001396938409590932 0
572 -0.001396938409590932 0.8797626806868445 0
573 -0.3756996927016706 -0.8753684803225664 0
574 0.8753684803225579 -0.375699692701671 0
575 -0.8753684803225664 0.3756996927016706 0
576 0.3756996927016706 0.8753684803225664 0
577 -0.8574654273273727 -0.3668868732839247 0
578 0.8574654273273727 0.3668868732839247 0
579 -0.3668868732839247 0.8574654273273727 0
580 -0.04767606949533448 -0.8704247838877299 0
581 0.8704247838901825 -0.04767606954194771 0
582 -0.8704247838901825 0.04767606954194771 0
583 0.04767606954194771 0.8704247838901825 0
584 0.06035317407262387 -0.8705384925660027 0
585 -0.870595950783384 -0.06059321283659717 0
586 0.870595950783384 0.06059321283659717 0
587 -0.06059321283659717 0.870595950783384 0
588 0.3396645406212625 -0.8974381796342488 0
589 -0.3156681665010991 -0.9026943194786932 0
590 0.9026943194786932 -0.3156681665010991 0
591 -0.9026943194786932 0.3156681665010991 0
592 0.3156681665010991 0.9026943194786932 0
593 0.3048529281735877 -0.8883178737790041 0
594 -0.905550379128063 -0.3236110307105564 0
595 0.905550379128063 0.3236110307105564 0
596 -0.3236110307105564 0.905550379128063 0
597 -0.2330645645182739 -0.8946072431404559 0
598 0.8946072431405948 -0.233064564520914 0
599 -0.8946072431405948 0.233064564520914 0
600 0.233064564520914 0.8946072431405948 0
601 0.2340097370193084 -0.8764763805272074 0
602 -0.8893453026820348 -0.2393423401058343 0
603 0.8893453026820348 0.2393423401058343 0
604 -0.2393423401058343 0.8893453026820348 0
605 -0.1600347514499333 -0.8982933687576298 0
606 0.8982933687699239 -0.1600347516836016 0
607 -0.8982933687699239 0.1600347516836016 0
608 0.1600347516836016 0.8982933687699239 0
609 -0.08333900624316649 -0.9152616706307204 0
610 0.9152616738263234 -0.08333902273002479 0
611 -0.9152616738263234 0.08333902273002479 0
612 0.08333902273002479 0.9152616738263234 0
613 -0.7357044856524292 -0.9227043442044099 0
614 0.9227043442044099 -0.7357044856524292 0
615 -0.9227043442044099 0.7357044856524292 0
616 0.7357044856524292 0.9227043442044099 0
617 -0.6921260793989156 -0.6837583209591943 0
618 0.6921260793989156 0.6837583209591943 0
619 0.6837567133530736 -0.6921261475382076 0
620 -0.6837583209591943 0.6921260793989156 0
621 -0.8320335484755379 -0.6609644534404894 0
622 0.6609628159666093 -0.8320336178807919 0
623 0.8320335484755379 0.6609644534404894 0
624 -0.6609644534404894 0.8320335484755379 0
625 -0.7792154087257702 -0.9311860235853542 0
626 0.9311860235853542 -0.7792154087257702 0
627 -0.9311860235853542 0.7792154087257702 0
628 0.7792154087257702 0.9311860235853542 0
629 0.9266114055173924 -0.8233966897731375 0
630 -0.8233966897731375 -0.9266114055173924 0
631 -0.9266114055173924 0.8233966897731375 0
632 0.8233966897731375 0.9266114055173924 0
633 0.8128290843567501 -0.9058802882652828 0
634 -0.9058802882652828 -0.8128290843567501 0
635 0.9058802882652828 0.8128290843567501 0
636 -0.8128290843567501 0.9058802882652828 0
637 0.9376110156907865 -0.8471076702847893 0
638 -0.8471076702847893 -0.9376110156907865 0
639 0.8471076702847893 0.9376110156907865 0
640 -0.9376110156907865 0.8471076702847893 0
641 0.8637812156965633 -0.9323476425611403 0
642 -0.9323476425611403 -0.8637812156965633 0
643 0.9323476425611403 0.8637812156965633 0
644 -0.8637812156965633 0.9323476425611403 0
645 -0.5660648326217443 0.7968140237982478 0
646 -0.7968140237982478 -0.5660648326217443 0
647 0.7968140237982478 0.5660648326217443 0
648 0.566560182225332 -0.7969293159964992 0
649 -0.4230103273646078 0.720106483523427 0
650 0.720106483523427 0.4230103273646078 0
651 -0.720106483523427 -0.4230103273646078 0
652 0.755100534879689 -0.5514442436373787 0
653 -0.5514442436373787 -0.755100534879689 0
654 -0.755100534879689 0.5514442436373787 0
655 0.5514442436373787 0.755100534879689 0
656 0.9398111345501856 -0.9110433444336451 0
657 -0.9110433444336451 -0.9398111345501856 0
658 -0.9398111345501856 0.9110433444336451 0
659 0.9110433444336451 0.9398111345501856 0
660 0.8957636264403769 -0.9526280222433708 0
661 -0.9526280222433708 -0.8957636264403769 0
662 0.9526280222433708 0.8957636264403769 0
663 -0.8957636264403769 0.9526280222433708 0
664 0.3387481155797425 -0.7239720521210753 0
665 -0.7239677700893146 -0.3405533742412252 0
666 0.7239677700893146 0.3405533742412252 0
667 -0.3405533742412252 0.7239677700893146 0
668 -0.3372139357289605 -0.717927689827115 0
669 0.7179276897730489 -0.3372139357312522 0
670 -0.717927689827115 0.3372139357289605 0
671 0.3372139357289605 0.717927689827115 0
672 0.06704341606558281 -0.7095566986427321 0
673 -0.7095567018824598 -0.06704335449023464 0
674 0.7095567018824598 0.06704335449023464 0
675 -0.06704335449023464 0.7095567018824598 0
676 -0.07261236179237307 -0.7093423994671858 0
677 0.7093423994735288 -0.07261236191293031 0
678 -0.7093423994735288 0.07261236191293031 0
679 0.07261236191293031 0.7093423994735288 0
680 -0.781946355036918 -0.3998877898508224 0
681 0.781946355036918 0.3998877898508224 0
682 -0.3998877898508224 0.781946355036918 0
683 -0.397379882675281 -0.7832020050058511 0
684 0.7832020050058511 -0.397379882675281 0
685 -0.7832020050058511 0.397379882675281 0
686 0.397379882675281 0.7832020050058511 0
687 -0.8253805341264958 -0.1355408259430978 0
688 -0.1355408259430978 0.8253805341264958 0
689 0.1355457595248244 -0.8253802745508368 0
690 0.8253805341264958 0.1355408259430978 0
691 0.265098828479851 -0.7968344926455923 0
692 -0.7961900234875063 -0.2622669389198916 0
693 0.7961900234875063 0.2622669389198916 0
694 -0.2622669389198916 0.7961900234875063 0
695 -0.2616058245713849 -0.8037262562556515 0
696 0.8037262562554504 -0.2616058245714231 0
697 -0.8037262562556532 0.2616058245714145 0
698 0.2616058245714145 0.8037262562556532 0
699 -0.1972082337577454 0.8116421993523734 0
700 0.1972835718922245 -0.8115920149941968 0
701 -0.8116421993523734 -0.1972082337577454 0
702 0.8116421993523734 0.1972082337577454 0
703 -0.141393265632022 -0.7186348935032224 0
704 0.7186348935032224 -0.141393265632022 0
705 -0.7186348935032224 0.141393265632022 0
706 0.141393265632022 0.7186348935032224 0
707 0.2216581323708194 -0.6898798212081961 0
708 -0.6898799535271992 -0.2216556174716234 0
709 0.6898799535271992 0.2216556174716234 0
710 -0.2216556174716234 0.6898799535271992 0
711 -0.2168244548159727 -0.6884888441086072 0
712 0.6884888441086072 -0.2168244548159727 0
713 -0.6884888441086072 0.2168244548159727 0
714 0.2168244548159727 0.6884888441086072 0
715 -0.7266413009625771 -0.3959590214463298 0
716 0.7266413009625771 0.3959590214463298 0
717 -0.3959590214463298 0.7266413009625771 0
718 0.4039412958598225 0.7308374909951967 0
719 -0.7308374909951967 0.4039412958598225 0
720 -0.4039412958598225 -0.7308374909951967 0
721 0.7308374879098251 -0.4039412959905977 0
722 -0.04861421457143539 -0.7725497664939857 0
723 0.7725497666436481 -0.04861421741596668 0
724 -0.7725497666436481 0.04861421741596668 0
725 0.04861421741596668 0.7725497666436481 0
726 -0.7566187475206273 -0.2960292330054042 0
727 0.7566187475206273 0.2960292330054042 0
728 -0.2960292330054042 0.7566187475206273 0
729 -0.2930615736496584 -0.7550484710263835 0
730 0.7550484710263835 -0.2930615736496584 0
731 -0.7550484710263835 0.2930615736496584 0
732 0.2930615736496584 0.7550484710263835 0
733 0.9209181683189772 -0.970613657460066 0
734 -0.9209181683189772 0.970613657460066 0
735 0.970613657460066 0.9209181683189772 0
736 -0.970613657460066 -0.9209181683189772 0
737 0.4742525678134442 -0.7963939500501259 0
738 -0.4756979090881219 0.7968412581509462 0
739 0.7968412581509462 0.4756979090881219 0
740 -0.7968412581509462 -0.4756979090881219 0
741 0.9702792629538753 -0.9264897255156876 0
742 -0.9264897255156876 -0.9702792629538753 0
743 -0.9702792629538753 0.9264897255156876 0
744 0.9264897255156876 0.9702792629538753 0
745 0.4510388977499887 0.7834556172656365 0
746 0.7834556146221306 -0.4510388978620352 0
747 -0.4510388977499887 -0.7834556172656365 0
748 -0.7834556172656365 0.4510388977499887 0
749 0.2134646003988507 -0.7512897691847638 0
750 -0.7512902605994923 -0.2134552604062863 0
751 0.7512902605994923 0.2134552604062863 0
752 -0.2134552604062863 0.7512902605994923 0
753 -0.2061269602068487 -0.7489836934065108 0
754 0.7489836934065108 -0.2061269602068487 0
755 -0.7489836934065108 0.2061269602068487 0
756 0.2061269602068487 0.7489836934065108 0
757 -0.3540700375849825 -0.7495017855501508 0
758 0.7495017854857864 -0.3540700375877107 0
759 -0.7495017855501508 0.3540700375849825 0
760 0.3540700375849825 0.7495017855501508 0
761 0.3745895603940029 -0.7278617943915499 0
762 -0.7276706593750206 -0.3690881091802552 0
763 0.7276706593750206 0.3690881091802552 0
764 -0.3690881091802552 0.7276706593750206 0
765 -0.1098136248283865 -0.7629605936703611 0
766 0.7629605936816284 -0.1098136250425382 0
767 -0.7629605936816284 0.1098136250425382 0
768 0.1098136250425382 0.7629605936816284 0
769 0.106566550212833 -0.7816693097913445 0
770 -0.7816693503951121 -0.1065657784840539 0
771 0.7816693503951121 0.1065657784840539 0
772 -0.1065657784840539 0.7816693503951121 0
773 0.1378084524807729 -0.7607887483970269 0
774 -0.7607888375530072 -0.1378067579524159 0
775 0.7607888375530072 0.1378067579524159 0
776 -0.1378067579524159 0.7607888375530072 0
777 -0.1410584671441967 -0.7602216296510479 0
778 0.7602216296531882 -0.1410584671848771 0
779 -0.7602216296531884 0.1410584671848771 0
780 0.1410584671848771 0.7602216296531884 0
781 -0.2392813078910005 -0.741569710649652 0
782 0.741569710649652 -0.2392813078910005 0
783 -0.741569710649652 0.2392813078910005 0
784 0.2392813078910005 0.741569710649652 0
785 0.2422292464287075 -0.7428214307995177 0
786 -0.742822339938856 -0.2422119670225989 0
787 0.742822339938856 0.2422119670225989 0
788 -0.2422119670225989 0.742822339938856 0
789 -0.1713715643324193 -0.752973945259099 0
790 0.752973945259099 -0.1713715643324193 0
791 -0.752973945259099 0.1713715643324193 0
792 0.1713715643324193 0.752973945259099 0
793 0.1772216896712583 -0.7610269332298552 0
794 -0.7610306949875414 -0.1772122029803378 0
795 0.7610306949875414 0.1772122029803378 0
796 -0.1772122029803378 0.7610306949875414 0
797 0.9730520544593358 -0.9567112138992923 0
798 0.9567112138992923 0.9730520544593358 0
799 -0.9730520544593358 0.9567112138992923 0
800 -0.9567112138992923 -0.9730520544593358 0
801 0.335421447492994 -0.7928653000979338 0
802 -0.7894640473675 -0.3440318914966211 0
803 0.7894640473675 0.3440318914966211 0
804 -0.3440318914966211 0.7894640473675 0
805 -0.3352103742856178 -0.7766700606213141 0
806 0.7766700606105866 -0.3352103742860724 0
807 -0.7766700606213141 0.3352103742856178 0
808 0.3352103742856178 0.7766700606213141 0
809 0.4687915716891607 0.4811663117327338 0
810 -0.4811663117327338 0.4687915716891607 0
811 -0.4687915716891607 -0.4811663117327338 0
812 0.481162699281034 -0.4687959477682444 0
813 0.3492744674763479 0.4732787865600984 0
814 -0.4732787865600984 0.3492744674763479 0
815 -0.3492744674763479 -0.4732787865600984 0
816 0.473278000696177 -0.3492747605131874 0
817 0.5372914277870681 0.545767468552633 0
818 -0.545767468552633 0.5372914277870681 0
819 -0.5372914277870681 -0.545767468552633 0
820 0.5457669019040624 -0.5373024274106249 0
821 0.6076105477659326 0.5374871987966001 0
822 -0.5374871987966001 0.6076105477659326 0
823 -0.6076105477659326 -0.5374871987966001 0
824 0.5374972217977594 -0.6076281806121561 0
825 0.6555488466335684 0.4893973570104306 0
826 -0.4893973570104306 0.6555488466335684 0
827 -0.6555488466335684 -0.4893973570104306 0
828 0.4896351136403627 -0.6555905338524363 0
829 -0.3940624916960738 0.4962977860822135 0
830 0.4962977860822135 0.3940624916960738 0
831 -0.4962977860822135 -0.3940624916960738 0
832 0.3940642333816415 -0.4963308111829653 0
833 0.6835042805381439 -0.534670007502108 0
834 -0.534669998691704 -0.683504488401465 0
835 -0.683504488401465 0.534669998691704 0
836 0.534669998691704 0.683504488401465 0
837 -0.7353364342183683 -0.5666180954320903 0
838 0.7353364342183683 0.5666180954320903 0
839 -0.5666180954320903 0.7353364342183683 0
840 0.5665544523174966 -0.7353391317676756 0
841 0.4272312161397471 -0.8984593442617635 0
842 0.5809420584313755 -0.4673028708660079 0
843 -0.4673024008744061 -0.5809440688376736 0
844 -0.5809440688376736 0.4673024008744061 0
845 0.4673024008744061 0.5809440688376736 0
846 0.6173217819769167 0.8197403956903125 0
847 -0.8197403956903125 0.6173217819769167 0
848 -0.6173217819769167 -0.8197403956903125 0
849 0.8197403956903125 -0.6173217819769167 0
850 0.6323824834574184 0.4005406709758293 0
851 -0.4005406709758293 0.6323824834574184 0
852 -0.6323824834574184 -0.4005406709758293 0
853 -0.6781598497576461 0.6573628960228973 0
854 0.6573628960228973 0.6781598497576461 0
855 0.6781581809880756 -0.6573629699627729 0
856 -0.6573628960228973 -0.6781598497576461 0
857 -0.9369436975441426 -0.423939800459438 0
858 0.9369436975441426 0.423939800459438 0
859 -0.423939800459438 0.9369436975441426 0
860 0.3643801064722991 -0.6040597866125034 0
861 -0.598537454059212 -0.3647957913110403 0
862 0.598537454059212 0.3647957913110403 0
863 -0.3647957913110403 0.598537454059212 0
864 -0.5571033731371671 0.6734958675154967 0
865 0.6734958675154967 0.5571033731371671 0
866 0.5570466250084704 -0.673498272816938 0
867 -0.6734958675154967 -0.5571033731371671 0
868 -0.5539557785669796 -0.3629572380126661 0
869 0.3629525927330334 -0.5540368695747127 0
870 -0.3629572380126661 0.5539557785669796 0
871 0.5539557785669796 0.3629572380126661 0
872 0.3737326208672243 0.9370557359452397 0
873 -0.9370557359452397 0.3737326208672243 0
874 0.9370557359452397 -0.3737326208672243 0
875 -0.3737326208672243 -0.9370557359452397 0
876 0.05284563784714007 0.9087889155811832 0
877 -0.9087889155811832 0.05284563784714007 0
878 0.9087889155811832 -0.05284563784714007 0
879 -0.05284562520111219 -0.9087889149158247 0
880 -0.5551113114282851 -0.09933178928422541 0
881 0.09933178930594977 -0.5551113114271421 0
882 -0.09933178928422541 0.5551113114282851 0
883 0.5551113114282851 0.09933178928422541 0
884 -0.9375106457604306 0.4447163537777807 0
885 -0.4447163537777807 -0.9375106457604306 0
886 0.4447163537777807 0.9375106457604306 0
887 0.9375106457604306 -0.4447163537777807 0
888 -0.6183630021013867 0.5712478303296149 0
889 0.5712478303296149 0.6183630021013867 0
890 0.6183605077415335 -0.5712479360544642 0
891 -0.5712478303296149 -0.6183630021013867 0
892 -0.1075828710404235 -0.5552654858016444 0
893 0.5552654858016444 -0.1075828710404235 0
894 0.1075828710404235 0.5552654858016444 0
895 -0.5552654858016444 0.1075828710404235 0
896 0.7859364397234967 0.005578301171912441 0
897 -0.7859364397234967 -0.005578301171912441 0
898 0.005578323614347253 -0.7859364385427097 0
899 -0.005578301171912441 0.7859364397234967 0
900 -0.9399483494013984 -0.395709962020588 0
901 0.9399483494013984 0.395709962020588 0
902 -0.395709962020588 0.9399483494013984 0
903 0.7007842129679248 0.793977106130816 0
904 -0.7007842129679248 -0.793977106130816 0
905 0.793977106130816 -0.7007842129679248 0
906 -0.793977106130816 0.7007842129679248 0
907 0.8141318123727125 -0.5721013437090271 0
908 -0.5721013437090271 -0.8141318123727125 0
909 -0.8141318123727125 0.5721013437090271 0
910 0.5721013437090271 0.8141318123727125 0
911 0.2112896984701964 -0.4890857392221544 0
912 -0.489085473516167 -0.2112896927988424 0
913 0.489085473516167 0.2112896927988424 0
914 -0.2112896927988424 0.489085473516167 0
915 -0.8467471985541459 0.2912788196848163 0
916 -0.2912788196848072 -0.8467471985541454 0
917 0.2912788196848163 0.8467471985541459 0
918 0.8467471985538791 -0.2912788196848276 0
919 -0.3436630949984731 -0.5039699155345124 0
920 0.5039692958378851 -0.3436632279684333 0
921 -0.5039699155345124 0.3436630949984731 0
922 0.3436630949984731 0.5039699155345124 0
923 -0.6930082293566795 -0.01423218771786446 0
924 0.01423219382767684 -0.6930082290352176 0
925 -0.01423218771786446 0.6930082293566795 0
926 0.6930082293566795 0.01423218771786446 0
927 -0.9304750719391439 0.5992692159679708 0
928 0.5992692159679708 0.9304750719391439 0
929 -0.5992692159679708 -0.9304750719391439 0
930 0.9304750719391439 -0.5992692159679708 0
931 -0.85799199531661 0.3222918965350062 0
932 -0.3222918965350062 -0.85799199531661 0
933 0.3222918965350062 0.85799199531661 0
934 0.85799199531661 -0.3222918965350062 0
935 -0.5799725034541576 -0.3173441998324282 0
936 0.3173467819834857 -0.5800479767611685 0
937 -0.3173441998324282 0.5799725034541576 0
938 0.5799725034541576 0.3173441998324282 0
939 0.2789625065859259 0.5972146398987815 0
940 -0.5972146398987815 0.2789625065859259 0
941 0.5972145899775224 -0.2789625108485274 0
942 -0.2789625065859259 -0.5972146398987815 0
943 0.857107191638467 -0.7041121761464296 0
944 -0.7041121761464296 -0.857107191638467 0
945 0.7041121761464296 0.857107191638467 0
946 -0.857107191638467 0.7041121761464296 0
947 0.7308096171229875 0.8737939238925637 0
948 -0.7308096171229875 -0.8737939238925637 0
949 -0.8737939238925637 0.7308096171229875 0
950 0.8737939238925637 -0.7308096171229875 0
951 0.2789283234137585 -0.8480478128801371 0
952 -0.2881034112681183 0.852043136165506 0
953 0.852043136165506 0.2881034112681183 0
954 -0.852043136165506 -0.2881034112681183 0
955 0.8061864651977202 0.7502487097186075 0
956 -0.8061864651977202 -0.7502487097186075 0
957 0.7502486598421529 -0.8061864673117619 0
958 -0.7502487097186075 0.8061864651977202 0
959 -0.7348577430417323 0.7065108890437024 0
960 0.7065108890437024 0.7348577430417323 0
961 0.7348574637417661 -0.7065109008819891 0
962 -0.7065108890437024 -0.7348577430417323 0
963 0.4923920046397144 0.8990664679826735 0
964 0.8990664679826735 -0.4923920046397144 0
965 -0.4923920046397144 -0.8990664679826735 0
966 -0.8990664679826735 0.4923920046397144 0
967 0.03958889025974564 -0.5503612488510838 0
968 -0.5503612488510838 -0.03958889025974564 0
969 0.5503612488510838 0.03958889025974564 0
970 -0.03958889025974564 0.5503612488510838 0
971 0.2710543676719414 -0.6703252503415842 0
972 -0.670283658696036 -0.2712052646549073 0
973 0.670283658696036 0.2712052646549073 0
974 -0.2712052646549073 0.670283658696036 0
975 -0.8279823573724105 -0.382091064888109 0
976 0.8279823573724105 0.382091064888109 0
977 -0.382091064888109 0.8279823573724105 0
978 0.595631514471921 -0.9409878444049861 0
979 -0.9410892822425581 -0.5963263396501797 0
980 -0.5963263396501797 0.9410892822425581 0
981 0.9410892822425581 0.5963263396501797 0
982 -0.4166605575874961 -0.8239678753243025 0
983 0.8239678753243025 -0.4166605575874961 0
984 -0.8239678753243025 0.4166605575874961 0
985 0.4166605575874961 0.8239678753243025 0
986 0.2322963909698509 -0.9464682325646526 0
987 -0.2303062464403235 0.9414218058542378 0
988 0.9414218058542378 0.2303062464403235 0
989 -0.9414218058542378 -0.2303062464403235 0
990 0.1659943552090733 -0.5321989038692242 0
991 -0.5321989038692242 -0.1659943552090733 0
992 0.5321989038692242 0.1659943552090733 0
993 -0.1659943552090733 0.5321989038692242 0
994 -0.1657155439818946 -0.5355518940326273 0
995 0.5355518940326273 -0.1657155439818957 0
996 -0.5355518940326273 0.1657155439818957 0
997 0.1657155439818957 0.5355518940326273 0
998 0.9544724763853253 -0.5738189782519029 0
999 -0.5738189782519029 -0.9544724763853253 0
1000 -0.9544724763853253 0.5738189782519029 0
1001 0.5738189782519029 0.9544724763853253 0
1002 -0.9457810221936533 0.2404833625226477 0
1003 0.9457810221936533 -0.2404833625226477 0
1004 -0.2404833624984737 -0.9457810221923814 0
1005 0.2404833625226477 0.9457810221936533 0
1006 -0.6651602264236759 -0.1295977269514477 0
1007 0.1295978988504766 -0.6651602155979831 0
1008 -0.1295977269514477 0.6651602264236759 0
1009 0.6651602264236759 0.1295977269514477 0
1010 -0.6088167906256876 0.6947791993269247 0
1011 0.6947791993269247 0.6088167906256876 0
1012 0.6088006411292126 -0.6947798838324412 0
1013 -0.6947791993269247 -0.6088167906256876 0
1014 0.7715301436970989 -0.7490687241811532 0
1015 -0.7490687241811532 -0.7715301436970989 0
1016 -0.7715301436970989 0.7490687241811532 0
1017 0.7490687241811532 0.7715301436970989 0
1018 -0.5346371308281762 0.8541285157028762 0
1019 -0.8541285157028762 -0.5346371308281762 0
1020 0.8541285157028762 0.5346371308281762 0
1021 0.5346596424873615 -0.8538355041675595 0
1022 -0.2635984597301632 -0.6686302729109376 0
1023 0.6686302727790443 -0.2635984597357535 0
1024 -0.6686302729109376 0.2635984597301632 0
1025 0.2635984597301632 0.6686302729109376 0
1026 0.08480988377570943 -0.8539068921377073 0
1027 -0.08480733151471642 0.8539073002930407 0
1028 -0.8539073002930407 -0.08480733151471642 0
1029 0.8539073002930407 0.08480733151471642 0
1030 0.1788842485969672 0.8516698245081932 0
1031 -0.8516698245081932 0.1788842485969672 0
1032 0.8516698245081863 -0.1788842485969675 0
1033 -0.1788842485525445 -0.8516698245058562 0
1034 -0.07579959146330749 0.6752478382466697 0
1035 0.6752478382466697 0.07579959146330749 0
1036 -0.6752478382466697 -0.07579959146330749 0
1037 0.07579961811109295 -0.6752478368446221 0
1038 0.1178027033628552 -0.8510064749893332 0
1039 -0.1200686981525566 0.8525606299995121 0
1040 -0.8525606299995121 -0.1200686981525566 0
1041 0.8525606299995121 0.1200686981525566 0
1042 0.5898947518703224 -0.8551227054572433 0
1043 -0.8552503257353575 -0.5899143145520025 0
1044 -0.5899143145520025 0.8552503257353575 0
1045 0.8552503257353575 0.5899143145520025 0
1046 -0.5932028704306193 -0.05922874609071103 0
1047 0.05922874610396991 -0.5932028704299217 0
1048 -0.05922874609071103 0.5932028704306193 0
1049 0.5932028704306193 0.05922874609071103 0
1050 -0.859551360829143 0.5382578151055837 0
1051 0.5382578151055837 0.859551360829143 0
1052 -0.5382578151055837 -0.859551360829143 0
1053 0.859551360829143 -0.5382578151055837 0
1054 0.4528907557313648 -0.9438129653202365 0
1055 -0.3267460143888468 0.8513196307162314 0
1056 0.8513196307162314 0.3267460143888468 0
1057 -0.8513196307162314 -0.3267460143888468 0
1058 -0.2290851091584457 -0.6249063191477534 0
1059 0.6249063191477534 -0.2290851091584457 0
1060 -0.6249063191477534 0.2290851091584457 0
1061 0.2290851091584457 0.6249063191477534 0
1062 0.5305591221235428 -0.9446409512790713 0
1063 0.9541569013722818 0.5324569149895779 0
1064 -0.9541569013722818 -0.5324569149895779 0
1065 -0.5324569149895779 0.9541569013722818 0
1066 0.3021132437649985 -0.8618849218577416 0
1067 0.2280161711014082 -0.6297023563594518 0
1068 -0.6297012075968512 -0.2280158109978542 0
1069 0.6297012075968512 0.2280158109978542 0
1070 -0.2280158109978542 0.6297012075968512 0
1071 0.0748976547083684 0.8463980923932065 0
1072 -0.07489765455931968 -0.8463980923853646 0
1073 -0.8463980923932065 0.0748976547083684 0
1074 0.8463980923932065 -0.0748976547083684 0
1075 0.5126584046498199 -0.7703439849611239 0
1076 -0.7604140499464132 -0.9017584474551551 0
1077 0.9017584474551551 -0.7604140499464132 0
1078 -0.9017584474551551 0.7604140499464132 0
1079 0.7604140499464132 0.9017584474551551 0
1080 -0.6767538071363703 0.4967456271552302 0
1081 0.6767536957155167 -0.4967456318778658 0
1082 0.4967456271552302 0.6767538071363703 0
1083 -0.4967456271552302 -0.6767538071363703 0
1084 -0.1459602914304078 0.5843651851266487 0
1085 0.5843651851266487 0.1459602914304078 0
1086 -0.5843651851266487 -0.1459602914304078 0
1087 0.1459602914304078 -0.5843651851266487 0
1088 0.5081699062232844 -0.801137296682109 0
1089 -0.9133596721995904 -0.7245604478282957 0
1090 0.7245551694893291 -0.9133570958934534 0
1091 -0.7245604478282957 0.9133596721995904 0
1092 0.9133596721995904 0.7245604478282957 0
1093 0.1513513650902712 -0.8528363165129016 0
1094 -0.8566898775927321 -0.1519780717650086 0
1095 -0.1519780717650086 0.8566898775927321 0
1096 0.8566898775927321 0.1519780717650086 0
1097 -0.4643583679988025 -0.2890717298652642 0
1098 0.2890715497924028 -0.4643600481085396 0
1099 -0.2890717298652642 0.4643583679988025 0
1100 0.4643583679988025 0.2890717298652642 0
1101 -0.5006647624004511 0.804648613248889 0
1102 0.804648613248889 0.5006647624004511 0
1103 -0.804648613248889 -0.5006647624004511 0
1104 0.1490558023068459 0.8671198518814858 0
1105 -0.8671198518814858 0.1490558023068459 0
1106 0.8671198518814858 -0.1490558023068459 0
1107 -0.1490558022432573 -0.8671198518781401 0
1108 -0.853543129109001 0.2591515350990161 0
1109 0.8535431291089693 -0.2591515350990174 0
1110 -0.2591515350990161 -0.853543129109001 0
1111 0.2591515350990161 0.853543129109001 0
1112 0.9496347097294852 -0.663876691948127 0
1113 0.663876691948127 0.9496347097294852 0
1114 -0.9496347097294852 0.663876691948127 0
1115 -0.663876691948127 -0.9496347097294852 0
1116 0.4158751451740736 -0.8165729064718453 0
1117 -0.7932764674602034 -0.8078893794562623 0
1118 0.8078893794562623 -0.7932764674602034 0
1119 0.7932764674602034 0.8078893794562623 0
1120 -0.8078893794562623 0.7932764674602034 0
1121 0.3769062560324557 0.8312864270640156 0
1122 -0.8312864270640156 0.3769062560324557 0
1123 0.831286427060152 -0.3769062560326195 0
1124 -0.3769062560324557 -0.8312864270640156 0
1125 -0.02187730178559957 -0.8272109290516984 0
1126 0.8272109293393314 -0.02187730725245071 0
1127 -0.8272109293393314 0.02187730725245071 0
1128 0.02187730725245071 0.8272109293393314 0
1129 0.6486555058872707 -0.4726233131807803 0
1130 -0.4726232775666874 -0.6486559639794471 0
1131 -0.6486559639794471 0.4726232775666874 0
1132 0.4726232775666874 0.6486559639794471 0
1133 -0.6698881226275394 0.09921180050112961 0
1134 0.09921180050112961 0.6698881226275394 0
1135 -0.09921180048633056 -0.6698881226267607 0
1136 0.6698881226275394 -0.09921180050112961 0
1137 -0.8640093260023569 0.2017503478988382 0
1138 0.864009326002346 -0.2017503478988387 0
1139 -0.2017503478625571 -0.864009326000448 0
1140 0.2017503478988382 0.8640093260023569 0
1141 -0.8163230221176045 -0.4101943738129638 0
1142 0.8163230221176045 0.4101943738129638 0
1143 -0.4101943738129638 0.8163230221176045 0
1144 0.1603799261632103 -0.9494406451696582 0
1145 0.2513645147568825 -0.8424651882883145 0
1146 -0.2493969859314863 0.8549090801486127 0
1147 0.8549090801486127 0.2493969859314863 0
1148 -0.8549090801486127 -0.2493969859314863 0
1149 0.1544053120144599 0.9477371397216086 0
1150 -0.9477371397216086 0.1544053120144599 0
1151 0.9477371397216086 -0.1544053120144599 0
1152 -0.1544053115718507 -0.9477371396983211 0
1153 0.2729268596911708 -0.5606136747582282 0
1154 -0.560599723085984 -0.2729263692191047 0
1155 0.560599723085984 0.2729263692191047 0
1156 -0.2729263692191047 0.560599723085984 0
1157 0.0204388611708891 0.70337939521821 0
1158 -0.70337939521821 0.0204388611708891 0
1159 0.70337939521821 -0.0204388611708891 0
1160 -0.02043885816118028 -0.7033793950598569 0
1161 0.4844891599763464 -0.7545871877450979 0
1162 0.2129122409615926 -0.8441762317990869 0
1163 -0.2147464284647271 0.839448755285167 0
1164 0.839448755285167 0.2147464284647271 0
1165 -0.839448755285167 -0.2147464284647271 0
1166 0.6018167055733054 -0.1502624842516699 0
1167 -0.1502624842516699 -0.6018167055733054 0
1168 0.1502624842516699 0.6018167055733054 0
1169 -0.6018167055733054 0.1502624842516699 0
1170 -0.3299968143193297 -0.6916849304074125 0
1171 0.6916849299527383 -0.3299968143386013 0
1172 -0.6916849304074125 0.3299968143193297 0
1173 0.3299968143193297 0.6916849304074125 0
1174 -0.4517050886031166 0.7573142853852467 0
1175 0.7573142853852467 0.4517050886031166 0
1176 -0.7573142853852467 -0.4517050886031166 0
1177 0.3242663184890421 -0.6926992724885839 0
1178 -0.6920086667674498 -0.3270304968228943 0
1179 0.6920086667674498 0.3270304968228943 0
1180 -0.3270304968228943 0.6920086667674498 0
1181 -0.4516362032660287 -0.8190905140382316 0
1182 -0.8190905140382316 0.4516362032660287 0
1183 0.4516362032660287 0.8190905140382316 0
1184 0.8190905138447414 -0.45163620327423 0
1185 -0.1619314215189519 0.6579025321254519 0
1186 0.6579025321254519 0.1619314215189519 0
1187 -0.6579025321254519 -0.1619314215189519 0
1188 0.1619315395735752 -0.6579025259141215 0
1189 0.274083773859365 -0.6094910267691726 0
1190 -0.609477047474044 -0.2740831425809855 0
1191 0.609477047474044 0.2740831425809855 0
1192 -0.2740831425809855 0.609477047474044 0
1193 0.6709843582799571 -0.1536851279620374 0
1194 -0.1536851279620374 -0.6709843582799571 0
1195 0.1536851279620374 0.6709843582799571 0
1196 -0.6709843582799571 0.1536851279620374 0
1197 -0.6225720224811601 0.9534046857060273 0
1198 -0.9534046857060273 -0.6225720224811601 0
1199 0.6224299411825992 -0.9521893917295537 0
1200 0.9534046857060273 0.6225720224811601 0
1201 0.5361281657616864 -0.006338536906652018 0
1202 -0.5361281657616864 0.006338536906652018 0
1203 -0.006338536906612557 -0.5361281657616843 0
1204 0.006338536906652018 0.5361281657616864 0
1205 -0.2416146175409856 0.4876159935096717 0
1206 0.4876159935096717 0.2416146175409856 0
1207 -0.4876159935096717 -0.2416146175409856 0
1208 0.2416146175409856 -0.4876159935096717 0
1209 0.5148505942537855 -0.8284207107650182 0
1210 -0.5152216256737686 0.8284883549032795 0
1211 0.8284883549032795 0.5152216256737686 0
1212 -0.8284883549032795 -0.5152216256737686 0
1213 0.5468143103730051 0.9728799624910941 0
1214 -0.9728799624910941 0.5468143103730051 0
1215 -0.5468143103730051 -0.9728799624910941 0
1216 0.9728799624910941 -0.5468143103730051 0
1217 0.2918615490380419 -0.949791340033225 0
1218 -0.2497128077126668 -0.6113585574699651 0
1219 0.6113585565216689 -0.2497128077528609 0
1220 -0.6113585574699651 0.2497128077126668 0
1221 0.2497128077126668 0.6113585574699651 0
1222 0.7368656396178842 -0.5015738410838682 0
1223 -0.501573839898981 -0.7368656675728519 0
1224 -0.7368656675728519 0.501573839898981 0
1225 0.501573839898981 0.7368656675728519 0
1226 -0.8701546272197931 -0.6428197215959791 0
1227 0.642793617175905 -0.8700986646727873 0
1228 0.8701546272197931 0.6428197215959791 0
1229 -0.6428197215959791 0.8701546272197931 0
1230 -0.6769443803269074 -0.657507965406111 0
1231 0.6769443803269074 0.657507965406111 0
1232 0.6575055198052265 -0.6769444839850802 0
1233 -0.657507965406111 0.6769443803269074 0
1234 -0.6507214181623187 0.3519121426320165 0
1235 0.6507213822384619 -0.3519121441546696 0
1236 -0.3519121426320165 -0.6507214181623187 0
1237 0.3519121426320165 0.6507214181623187 0
1238 0.101804255038827 -0.9507546220562682 0
1239 -0.1017845525608501 0.9507593113826091 0
1240 -0.9507593113826091 -0.1017845525608501 0
1241 0.9507593113826091 0.1017845525608501 0
1242 0.6676515765427481 0.04204804763212403 0
1243 -0.6676515765427481 -0.04204804763212403 0
1244 0.0420480517916574 -0.6676515763238982 0
1245 -0.04204804763212403 0.6676515765427481 0
1246 -0.3487315958854563 -0.8294013999182428 0
1247 0.8294013999182428 -0.3487315958854563 0
1248 -0.8294013999182428 0.3487315958854563 0
1249 0.3487315958854563 0.8294013999182428 0
1250 0.9532533068464287 -0.3022629653420419 0
1251 -0.9532533068464289 0.3022629653420419 0
1252 -0.3022629653416467 -0.953253306846408 0
1253 0.3022629653420419 0.9532533068464289 0
1254 -0.7968170499008943 -0.9091173040916183 0
1255 0.9091173040916183 -0.7968170499008943 0
1256 -0.9091173040916183 0.7968170499008943 0
1257 0.7968170499008943 0.9091173040916183 0
1258 0.1931825259499384 -0.6532292707023961 0
1259 -0.193182202169245 0.653229287737806 0
1260 0.653229287737806 0.193182202169245 0
1261 -0.653229287737806 -0.193182202169245 0
1262 -0.6132368311255117 0.7706377378472001 0
1263 -0.7706377378472001 -0.6132368311255117 0
1264 0.7706377378472001 0.6132368311255117 0
1265 0.6132128754647717 -0.770643273466917 0
1266 0.8729474078868538 0.8059260108649673 0
1267 -0.8729474078868538 -0.8059260108649673 0
1268 0.8059260046167752 -0.8729474072201281 0
1269 -0.8059260108649673 0.8729474078868538 0
1270 -0.9288836954847511 -0.7531383619129356 0
1271 0.7531383619129356 -0.9288836954847511 0
1272 -0.7531383619129356 0.9288836954847511 0
1273 0.9288836954847511 0.7531383619129356 0
1274 0.4372700177753169 -0.7898353901617085 0
1275 0.815796184048675 0.8215917010422867 0
1276 -0.815796184048675 -0.8215917010422867 0
1277 0.8215917010422867 -0.815796184048675 0
1278 -0.8215917010422867 0.815796184048675 0
1279 0.4799224143792732 0.8260921778699938 0
1280 0.8260921777063212 -0.4799224143862106 0
1281 -0.4799224143792732 -0.8260921778699938 0
1282 -0.8260921778699938 0.4799224143792732 0
1283 0.2973378883897031 -0.6861704364015981 0
1284 -0.6863903471622944 -0.2978261413947726 0
1285 0.6863903471622944 0.2978261413947726 0
1286 -0.2978261413947726 0.6863903471622944 0
1287 0.2042753680801071 -0.5964991208406824 0
1288 -0.5964978370383885 -0.2042758119999569 0
1289 0.5964978370383885 0.2042758119999569 0
1290 -0.2042758119999569 0.5964978370383885 0
1291 -0.6811307098817787 0.297332015544928 0
1292 -0.297332015544928 -0.6811307098817787 0
1293 0.681130707900531 -0.2973320156289686 0
1294 0.297332015544928 0.6811307098817787 0
1295 -0.229275604817832 0.5400469760244485 0
1296 0.5400469760244485 0.229275604817832 0
1297 -0.5400469760244485 -0.229275604817832 0
1298 0.229275657392679 -0.5400485204728347 0
1299 -0.6490825690025487 -0.3721296984928693 0
1300 -0.3721296984928693 0.6490825690025487 0
1301 0.3642975206103923 -0.6590561493210326 0
1302 0.6490825690025487 0.3721296984928693 0
1303 -0.4397742985861514 0.7865649972552463 0
1304 0.7865649972552463 0.4397742985861514 0
1305 -0.7865649972552463 -0.4397742985861514 0
1306 0.009731098220736398 -0.6540927480702603 0
1307 -0.654092748153573 -0.009731096637270882 0
1308 0.654092748153573 0.009731096637270882 0
1309 -0.009731096637270882 0.654092748153573 0
1310 -0.2072352973639399 -0.6175733214699429 0
1311 0.6175733214699429 -0.2072352973639399 0
1312 -0.6175733214699429 0.2072352973639399 0
1313 0.2072352973639399 0.6175733214699429 0
1314 0.7064055269129268 0.9113413956802553 0
1315 -0.9113413956802553 0.7064055269129268 0
1316 0.9113413956802553 -0.7064055269129268 0
1317 -0.7064055269129268 -0.9113413956802553 0
1318 0.2183126757378653 0.5585916143923008 0
1319 -0.5585916143923008 0.2183126757378653 0
1320 0.5585916143923008 -0.2183126757378653 0
1321 -0.2183126757378653 -0.5585916143923008 0
1322 0.8005012614816156 -0.9720830777627881 0
1323 -0.9720830777627881 -0.8005012614816156 0
1324 0.9720830777627881 0.8005012614816156 0
1325 -0.8005012614816156 0.9720830777627881 0
1326 -0.9607252662005322 0.09324474564740023 0
1327 0.09324474564740023 0.9607252662005322 0
1328 -0.09324472069414323 -0.960725260587636 0
1329 0.9607252662005322 -0.09324474564740023 0
1330 0.05553287488763026 0.837687830286985 0
1331 -0.837687830286985 0.05553287488763026 0
1332 0.837687830286985 -0.05553287488763026 0
1333 -0.05553287475897643 -0.8376878302802162 0
1334 0.01199712750966326 0.6254674940214116 0
1335 -0.01199712739979413 -0.6254674940156306 0
1336 0.6254674940214116 -0.01199712750966326 0
1337 -0.6254674940214116 0.01199712750966326 0
1338 -0.8777275049392664 0.3409473906313743 0
1339 -0.3409473906313743 -0.8777275049392664 0
1340 0.3409473906313743 0.8777275049392664 0
1341 0.8777275049392664 -0.3409473906313743 0
1342 0.1628297423024717 -0.8053043365830952 0
1343 -0.8053129816920856 -0.1628118442299082 0
1344 -0.1628118442299082 0.8053129816920856 0
1345 0.8053129816920856 0.1628118442299082 0
1346 0.9545218417793517 -0.8236227332323151 0
1347 -0.8236227332323151 -0.9545218417793517 0
1348 -0.9545218417793517 0.8236227332323151 0
1349 0.8236227332323151 0.9545218417793517 0
1350 0.1879168359968504 -0.705849492902515 0
1351 -0.7058496937558535 -0.1879146755268694 0
1352 0.7058496937558535 0.1879146755268694 0
1353 -0.1879146755268694 0.7058496937558535 0
1354 -0.1863613954927804 -0.701451562508146 0
1355 0.701451562508146 -0.1863613954927804 0
1356 -0.701451562508146 0.1863613954927804 0
1357 0.1863613954927804 0.701451562508146 0
1358 -0.8764405488426705 0.519991372595643 0
1359 -0.519991372595643 -0.8764405488426705 0
1360 0.8764405488426705 -0.519991372595643 0
1361 0.519991372595643 0.8764405488426705 0
1362 0.2327931458738963 -0.8096923429375561 0
1363 -0.809010035381565 -0.2335858197068252 0
1364 0.809010035381565 0.2335858197068252 0
1365 -0.2335858197068252 0.809010035381565 0
1366 -0.8974895386301807 0.2826467247481979 0
1367 -0.2826467247479695 -0.8974895386301686 0
1368 0.2826467247481979 0.8974895386301807 0
1369 0.8974895386301807 -0.2826467247481979 0
1370 0.4944398532540488 -0.9020898188521516 0
1371 -0.5079689257923276 0.9048342044257659 0
1372 0.9048342044257659 0.5079689257923276 0
1373 -0.9048342044257659 -0.5079689257923276 0
1374 -0.9715966938072159 -0.680618174578452 0
1375 0.680618174578452 -0.9715966938072159 0
1376 0.9715966938072159 0.680618174578452 0
1377 -0.680618174578452 0.9715966938072159 0
1378 -0.1889289714292204 0.8923990020243867 0
1379 0.8923990020243867 0.1889289714292204 0
1380 -0.8923990020243867 -0.1889289714292204 0
1381 0.4647809911019715 -0.8491337694614939 0
1382 -0.8801736174266138 0.07665741720256293 0
1383 0.07665741720256293 0.8801736174266138 0
1384 -0.07665741208638095 -0.8801736167694036 0
1385 0.8801736174266138 -0.07665741720256293 0
1386 -0.6462826204550092 0.9078434339866341 0
1387 -0.9078434339866341 -0.6462826204550092 0
1388 0.6462097068832829 -0.9077901313365793 0
1389 0.9078434339866341 0.6462826204550092 0
1390 -0.3469530139020032 0.8244395125850039 0
1391 0.8244395125850039 0.3469530139020032 0
1392 -0.8244395125850039 -0.3469530139020032 0
1393 0.8427672227670769 0.7415325478399377 0
1394 -0.8427672227670769 -0.7415325478399377 0
1395 0.7415323151607089 -0.8427672018218592 0
1396 -0.7415325478399377 0.8427672227670769 0
1397 -0.06613794398550286 -0.7397618666519087 0
1398 0.7397618666802757 -0.06613794452465364 0
1399 -0.7397618666802757 0.06613794452465364 0
1400 0.06613794452465364 0.7397618666802757 0
1401 0.8657311719404467 -0.9688904029473795 0
1402 -0.9688904029473795 -0.8657311719404467 0
1403 0.9688904029473795 0.8657311719404467 0
1404 -0.8657311719404467 0.9688904029473795 0
1405 0.7673803809118057 0.8466752026296404 0
1406 -0.7673803809118057 -0.8466752026296404 0
1407 0.8466752026296404 -0.7673803809118057 0
1408 -0.8466752026296404 0.7673803809118057 0
1409 -0.7227269864623885 -0.6848909524791417 0
1410 0.7227269864623885 0.6848909524791417 0
1411 0.6848895057377885 -0.7227285660042995 0
1412 -0.6848909524791417 0.7227269864623885 0
1413 0.4103764945249156 0.8809426146492264 0
1414 -0.8809426146492264 0.4103764945249156 0
1415 0.8809426146492264 -0.4103764945249156 0
1416 -0.4103764945249156 -0.8809426146492264 0
1417 -0.4694705019092814 0.8527928208310344 0
1418 0.8527928208310344 0.4694705019092814 0
1419 -0.8527928208310344 -0.4694705019092814 0
1420 -0.8837865950183045 0.6392772354240925 0
1421 0.6392772354240925 0.8837865950183045 0
1422 -0.6392772354240925 -0.8837865950183045 0
1423 0.8837865950183045 -0.6392772354240925 0
1424 0.8406078461836325 0.8386592836281479 0
1425 -0.8406078461836325 -0.8386592836281479 0
1426 0.8386592833512339 -0.8406078461668441 0
1427 -0.8386592836281479 0.8406078461836325 0
1428 0.04820418463148368 0.6838083088199676 0
1429 -0.6838083088199676 0.04820418463148368 0
1430 0.6838083088199676 -0.04820418463148368 0
1431 -0.04820418389515411 -0.6838083087812262 0
1432 0.04128362781726815 0.6147087125156983 0
1433 -0.6147087125156983 0.04128362781726815 0
1434 0.6147087125156983 -0.04128362781726815 0
1435 -0.04128362776906375 -0.6147087125131618 0
1436 0.4538631480494675 -0.7095630563681539 0
1437 0.896621366903858 -0.8265139973346606 0
1438 -0.8265139973346606 -0.896621366903858 0
1439 -0.896621366903858 0.8265139973346606 0
1440 0.8265139973346606 0.896621366903858 0
1441 0.2554325531912542 -0.9021882250462075 0
1442 -0.6209006864225733 -0.02297500765837464 0
1443 -0.02297500765837464 0.6209006864225733 0
1444 0.02297500782401854 -0.620900686413858 0
1445 0.6209006864225733 0.02297500765837464 0
1446 -0.4497213755827517 0.707527055156922 0
1447 0.707527055156922 0.4497213755827517 0
1448 -0.707527055156922 -0.4497213755827517 0
1449 -0.7110177133328792 -0.6521810132693941 0
1450 0.7110177133328792 0.6521810132693941 0
1451 0.6521809238440787 -0.7110221102705435 0
1452 -0.6521810132693941 0.7110177133328792 0
1453 -0.2632154038871863 0.9020742738763726 0
1454 0.9020742738763726 0.2632154038871863 0
1455 -0.9020742738763726 -0.2632154038871863 0
1456 -0.4954904357205986 -0.332238776216891 0
1457 0.3322380470183772 -0.49551100771389 0
1458 -0.332238776216891 0.4954904357205986 0
1459 0.4954904357205986 0.332238776216891 0
1460 0.3124336999089097 0.5129148272340799 0
1461 -0.5129148272340799 0.3124336999089097 0
1462 0.51291452863871 -0.3124337513852066 0
1463 -0.3124336999089097 -0.5129148272340799 0
1464 0.9694054578133915 -0.8553597645384371 0
1465 -0.8553597645384371 -0.9694054578133915 0
1466 0.8553597645384371 0.9694054578133915 0
1467 -0.9694054578133915 0.8553597645384371 0
1468 -0.4231928157142859 -0.7707604336560722 0
1469 0.770760432899147 -0.4231928157463685 0
1470 -0.7707604336560722 0.4231928157142859 0
1471 0.4231928157142859 0.7707604336560722 0
1472 -0.02826521692682414 -0.5922519637257889 0
1473 0.5922519637269287 -0.02826521694848592 0
1474 -0.5922519637269287 0.02826521694848592 0
1475 0.02826521694848592 0.5922519637269287 0
1476 -0.6332988091597495 -0.1375707817356773 0
1477 0.137570815403302 -0.6332988073883596 0
1478 -0.1375707817356773 0.6332988091597495 0
1479 0.6332988091597495 0.1375707817356773 0
1480 0.9201002720762784 -0.8676859550947187 0
1481 -0.8676859550947187 -0.9201002720762784 0
1482 -0.9201002720762784 0.8676859550947187 0
1483 0.8676859550947187 0.9201002720762784 0
1484 0.3067811608001401 -0.7113387931553188 0
1485 -0.710967741036189 -0.3079592866938333 0
1486 0.710967741036189 0.3079592866938333 0
1487 -0.3079592866938333 0.710967741036189 0
1488 -0.2356026186700761 -0.7111356393697165 0
1489 0.7111356393697165 -0.2356026186700761 0
1490 -0.7111356393697165 0.2356026186700761 0
1491 0.2356026186700761 0.7111356393697165 0
1492 0.2362932376293767 -0.7114760078133827 0
1493 -0.7114762981324516 -0.2362877197281243 0
1494 0.7114762981324516 0.2362877197281243 0
1495 -0.2362877197281243 0.7114762981324516 0
1496 0.8915282540447557 0.9706103883940372 0
1497 -0.8915282540447557 -0.9706103883940372 0
1498 0.9706103883940372 -0.8915282540447557 0
1499 -0.9706103883940372 0.8915282540447557 0
1500 -0.7772506104276715 -0.3714740390526666 0
1501 0.7772506104276715 0.3714740390526666 0
1502 -0.3714740390526666 0.7772506104276715 0
1503 0.2868534776525886 -0.7347085754884176 0
1504 -0.7312947485292857 -0.2886418501946242 0
1505 0.7312947485292857 0.2886418501946242 0
1506 -0.2886418501946242 0.7312947485292857 0
1507 -0.6435875212666837 -0.06858173022109826 0
1508 0.06858173516609491 -0.6435875210065075 0
1509 -0.06858173022109826 0.6435875212666837 0
1510 0.6435875212666837 0.06858173022109826 0
1511 -0.3045788765024124 -0.7081785330310498 0
1512 0.7081785330310498 -0.3045788765024124 0
1513 -0.7081785330310498 0.3045788765024124 0
1514 0.3045788765024124 0.7081785330310498 0
1515 0.2618894897266583 -0.7707679382133777 0
1516 -0.7707698894412134 -0.2618524040383 0
1517 0.7707698894412134 0.2618524040383 0
1518 -0.2618524040383 0.7707698894412134 0
1519 0.4858250574348634 -0.8253058513760054 0
1520 -0.2531426850902099 -0.7755550552405209 0
1521 0.7755550552404316 -0.2531426850902384 0
1522 -0.7755550552405223 0.2531426850902345 0
1523 0.2531426850902345 0.7755550552405223 0
1524 0.4017213899789774 -0.7125375282889613 0
1525 -0.486851727731177 0.8253422868151897 0
1526 0.8253422868151897 0.486851727731177 0
1527 -0.8253422868151897 -0.486851727731177 0
1528 -0.4660247988252718 -0.8520381474551719 0
1529 -0.8520381474551719 0.4660247988252718 0
1530 0.4660247988252718 0.8520381474551719 0
1531 0.8520381474226829 -0.4660247988266488 0
1532 0.9692728509851035 0.04766195642788151 0
1533 -0.9692728509851035 -0.04766195642788151 0
1534 0.04767609958208498 -0.9692690319021453 0
1535 -0.04766195642788151 0.9692728509851035 0
1536 0.4487278163557931 -0.8182998176624471 0
1537 0.5685722244751034 -0.8916889831786515 0
1538 -0.8924252052612699 -0.5680451778390304 0
1539 -0.5680451778390304 0.8924252052612699 0
1540 0.8924252052612699 0.5680451778390304 0
1541 -0.2872178874886222 -0.729593473055974 0
1542 0.729593473055974 -0.2872178874886222 0
1543 -0.729593473055974 0.2872178874886222 0
1544 0.2872178874886222 0.729593473055974 0
1545 0.5126820239884249 -0.8784843447407799 0
1546 -0.5151515816062282 0.8760387569378241 0
1547 0.8760387569378241 0.5151515816062282 0
1548 -0.8760387569378241 -0.5151515816062282 0
1549 -0.4500721897600876 0.8231152123657494 0
1550 0.8231152123657494 0.4500721897600876 0
1551 -0.8231152123657494 -0.4500721897600876 0
1552 -0.4179896869701523 0.7522259032444935 0
1553 0.7522259032444935 0.4179896869701523 0
1554 -0.7522259032444935 -0.4179896869701523 0
1555 0.4461034287142953 -0.8759111401924672 0
1556 -0.8338101097595417 -0.867287547703519 0
1557 0.867287547703519 -0.8338101097595417 0
1558 -0.867287547703519 0.8338101097595417 0
1559 0.8338101097595417 0.867287547703519 0
1560 -0.8407930237271247 -0.6911935678711795 0
1561 0.6911903315980097 -0.8407923548891271 0
1562 0.8407930237271247 0.6911935678711795 0
1563 -0.6911935678711795 0.8407930237271247 0
1564 0.4651875958841793 0.7006480131874078 0
1565 0.7006479430859017 -0.4651875988554711 0
1566 -0.4651875958841793 -0.7006480131874078 0
1567 -0.7006480131874078 0.4651875958841793 0
1568 -0.2482249037791223 -0.6915482926860671 0
1569 0.6915482926860671 -0.2482249037791223 0
1570 -0.6915482926860671 0.2482249037791223 0
1571 0.2482249037791223 0.6915482926860671 0
1572 0.2520173512643997 -0.6944963632316395 0
1573 -0.6944687034190745 -0.2520677826404221 0
1574 0.6944687034190745 0.2520677826404221 0
1575 -0.2520677826404221 0.6944687034190745 0
1576 0.01810815239270564 -0.7588132293336473 0
1577 -0.7588132319385569 -0.01810810288292361 0
1578 0.7588132319385569 0.01810810288292361 0
1579 -0.01810810288292361 0.7588132319385569 0
1580 -0.7743354126589123 -0.9516919443338976 0
1581 0.9516919443338976 -0.7743354126589123 0
1582 -0.9516919443338976 0.7743354126589123 0
1583 0.7743354126589123 0.9516919443338976 0
1584 -0.4840340190007331 0.8826817871542112 0
1585 0.4832764087341834 -0.8776667842035913 0
1586 0.8826817871542112 0.4840340190007331 0
1587 -0.8826817871542112 -0.4840340190007331 0
1588 -0.3690040940019454 -0.7803446239220254 0
1589 0.7803446239095102 -0.3690040940024759 0
1590 -0.7803446239220254 0.3690040940019454 0
1591 0.3690040940019454 0.7803446239220254 0
1592 0.3166165373547284 -0.7778934536092619 0
1593 0.8328481027280502 -0.9340538224343485 0
1594 -0.9340538224343485 -0.8328481027280502 0
1595 0.9340538224343485 0.8328481027280502 0
1596 -0.8328481027280502 0.9340538224343485 0
1597 0.07692882272344889 -0.766399912480998 0
1598 -0.07692845582865572 0.7663999317848147 0
1599 0.7663999317848147 0.07692845582865572 0
1600 -0.7663999317848147 -0.07692845582865572 0
1601 -0.01726787930244604 -0.764394485350647 0
1602 0.7643944857805604 -0.01726788747352034 0
1603 -0.7643944857805604 0.01726788747352034 0
1604 0.01726788747352034 0.7643944857805604 0
1605 -0.3132276742906755 0.7806274625236751 0
1606 0.7806274625236751 0.3132276742906755 0
1607 -0.7806274625236751 -0.3132276742906755 0
1608 -0.1164974548923785 -0.7149886909375995 0
1609 0.7149886909379788 -0.1164974548995899 0
1610 -0.7149886909379788 0.1164974548995899 0
1611 0.1164974548995899 0.7149886909379788 0
1612 0.04947730008262008 -0.7392514053077733 0
1613 -0.7392514111927797 -0.04947718823021977 0
1614 0.7392514111927797 0.04947718823021977 0
1615 -0.04947718823021977 0.7392514111927797 0
1616 -0.9728459322442532 -0.7399044266663589 0
1617 0.7399044266663589 -0.9728459322442532 0
1618 -0.7399044266663589 0.9728459322442532 0
1619 0.9728459322442532 0.7399044266663589 0
1620 -0.7508451659657593 -0.2727011577093278 0
1621 0.7508451659657593 0.2727011577093278 0
1622 -0.2727011577093278 0.7508451659657593 0
1623 0.2677147700798013 -0.7493619722083266 0
1624 0.2150377680852894 -0.7191269300682519 0
1625 -0.7191272340927485 -0.2150319896941 0
1626 0.7191272340927485 0.2150319896941 0
1627 -0.2150319896941 0.7191272340927485 0
1628 -0.2131707149627204 -0.7187441620213604 0
1629 0.7187441620213604 -0.2131707149627204 0
1630 -0.7187441620213604 0.2131707149627204 0
1631 0.2131707149627204 0.7187441620213604 0
1632 0.7576744337935526 0.9334649711036926 0
1633 -0.7576744337935526 -0.9334649711036926 0
1634 -0.9334649711036926 0.7576744337935526 0
1635 0.9334649711036926 -0.7576744337935526 0
1636 0.4345691573910633 0.7179623072217044 0
1637 -0.7179623072217044 0.4345691573910633 0
1638 -0.4345691573910633 -0.7179623072217044 0
1639 0.7179622758898664 -0.4345691587190809 0
1640 0.3977423292721937 0.7020499091855598 0
1641 -0.7020499091855598 0.3977423292721937 0
1642 -0.3977423292721937 -0.7020499091855598 0
1643 0.7020498501313058 -0.3977423317753762 0
1644 -0.270602794533397 -0.7505869060828646 0
1645 0.7505869060828646 -0.270602794533397 0
1646 -0.7505869060828646 0.270602794533397 0
1647 0.270602794533397 0.7505869060828646 0
1648 -0.3632480083164135 -0.7027584274066567 0
1649 0.7027583994860688 -0.3632480094999618 0
1650 -0.7027584274066567 0.3632480083164135 0
1651 0.3632480083164135 0.7027584274066567 0
1652 -0.3514021108221243 0.9046237597109326 0
1653 0.9046237597109326 0.3514021108221243 0
1654 -0.9046237597109326 -0.3514021108221243 0
1655 -0.0135165143034715 -0.7337439324547983 0
1656 0.7337439327340605 -0.01351651961122194 0
1657 -0.7337439327340605 0.01351651961122194 0
1658 0.01351651961122194 0.7337439327340605 0
1659 0.01734726671925008 -0.7264726668816692 0
1660 -0.7264726678729098 -0.0173472478793983 0
1661 0.7264726678729098 0.0173472478793983 0
1662 -0.0173472478793983 0.7264726678729098 0
1663 -0.1507675405343501 -0.7392018481545277 0
1664 0.7392018481545277 -0.1507675405343501 0
1665 -0.7392018481545277 0.1507675405343501 0
1666 0.1507675405343501 0.7392018481545277 0
1667 -0.2831910097487355 -0.7802490679541085 0
1668 0.7802490679538004 -0.2831910097487486 0
1669 -0.7802490679541085 0.2831910097487355 0
1670 0.2831910097487355 0.7802490679541085 0
1671 -0.1961330051828546 -0.7774820953324348 0
1672 0.7774820953329655 -0.1961330051933118 0
1673 -0.7774820953329851 0.196133005193311 0
1674 0.196133005193311 0.7774820953329851 0
1675 -0.03854737908819114 -0.7483503902441977 0
1676 0.7483503902596274 -0.03854737938145165 0
1677 -0.7483503902596274 0.03854737938145165 0
1678 0.03854737938145165 0.7483503902596274 0
1679 -0.06679822136636922 -0.7898784307059546 0
1680 0.7898784307840013 -0.06679822284974894 0
1681 -0.7898784307840013 0.06679822284974894 0
1682 0.06679822284974894 0.7898784307840013 0
1683 0.1104634729327492 -0.8026333073703423 0
1684 -0.8026333429201854 -0.1104627972605478 0
1685 0.8026333429201854 0.1104627972605478 0
1686 -0.1104627972605478 0.8026333429201854 0
1687 0.9402559376456739 -0.7999165609702591 0
1688 -0.7999165609702591 -0.9402559376456739 0
1689 -0.9402559376456739 0.7999165609702591 0
1690 0.7999165609702591 0.9402559376456739 0
1691 0.2741943517378569 -0.5148087030060117 0
1692 -0.5148045005497782 -0.2741943556200399 0
1693 0.5148045005497782 0.2741943556200399 0
1694 -0.2741943556200399 0.5148045005497782 0
1695 -0.3942727382249168 -0.7556260963256004 0
1696 0.7556260950757318 -0.3942727382778933 0
1697 -0.7556260963256004 0.3942727382249168 0
1698 0.3942727382249168 0.7556260963256004 0
1699 -0.7778735182761568 -0.2834328261897965 0
1700 0.7778735182761568 0.2834328261897965 0
1701 -0.2834328261897965 0.7778735182761568 0
1702 0.288611146634335 -0.7682906269158281 0
1703 0.3750110363860565 -0.6913617630993866 0
1704 -0.8036671319348279 -0.2911637591330134 0
1705 0.8036671319348279 0.2911637591330134 0
1706 -0.2911637591330134 0.8036671319348279 0
1707 0.07722295630714607 -0.9233397218888033 0
1708 0.9234002631356036 0.07692706093371467 0
1709 -0.07692706093371467 0.9234002631356036 0
1710 -0.9234002631356036 -0.07692706093371467 0
1711 0.9530329667563034 -0.9768087458419511 0
1712 0.9768087458419511 0.9530329667563034 0
1713 -0.9530329667563034 0.9768087458419511 0
1714 -0.9768087458419511 -0.9530329667563034 0
1715 0.3791013218444867 0.7278029568571559 0
1716 0.7278029550057002 -0.3791013219229618 0
1717 -0.3791013218444867 -0.7278029568571559 0
1718 -0.7278029568571559 0.3791013218444867 0
1719 0.89327293485911 -0.9781572427012432 0
1720 -0.89327293485911 0.9781572427012432 0
1721 0.9781572427012432 0.89327293485911 0
1722 -0.9781572427012432 -0.89327293485911 0
1723 -0.7933404265971907 -0.1342440272505822 0
1724 -0.1342440272505822 0.7933404265971907 0
1725 0.7933404265971907 0.1342440272505822 0
1726 0.1342489890085728 -0.7933388816358796 0
1727 -0.7470270940209437 -0.3185454413013863 0
1728 0.7470270940209437 0.3185454413013863 0
1729 -0.3185454413013863 0.7470270940209437 0
1730 0.3188721236856499 -0.7491065985915857 0
1731 -0.2058861295669098 0.7828571581966529 0
1732 -0.7828571581966529 -0.2058861295669098 0
1733 0.7828571581966529 0.2058861295669098 0
1734 0.2058684925229752 -0.7827158974715912 0
1735 -0.9149901432269941 0.9357935334787882 0
1736 0.9357935334787882 0.9149901432269941 0
1737 -0.9357935334787882 -0.9149901432269941 0
1738 0.9149901432269941 -0.9357935334787882 0
1739 0.03148785890267561 -0.7888510723710196 0
1740 -0.7888510830261056 -0.03148769596081786 0
1741 0.7888510830261056 0.03148769596081786 0
1742 -0.03148769596081786 0.7888510830261056 0
1743 -0.7221515213059084 -0.2615996947732886 0
1744 0.7221515213059084 0.2615996947732886 0
1745 -0.2615996947732886 0.7221515213059084 0
1746 0.2614360123576485 -0.7222765194381821 0
1747 0.8767836707069723 0.9447082688184693 0
1748 -0.8767836707069723 -0.9447082688184693 0
1749 0.9447082688184693 -0.8767836707069723 0
1750 -0.9447082688184693 0.8767836707069723 0
1751 0.1586468728736474 -0.725826950190397 0
1752 -0.7258275982164527 -0.1586444294340627 0
1753 0.7258275982164527 0.1586444294340627 0
1754 -0.1586444294340627 0.7258275982164527 0
1755 -0.2600695634859458 -0.7213077242978635 0
1756 0.7213077242978635 -0.2600695634859458 0
1757 -0.7213077242978635 0.2600695634859458 0
1758 0.2600695634859458 0.7213077242978635 0
1759 -0.09236950163098352 -0.7902384556953579 0
1760 0.7902384557196304 -0.09236950209231649 0
1761 -0.7902384557196304 0.09236950209231648 0
1762 0.09236950209231648 0.7902384557196304 0
1763 0.8868632329427947 -0.9194321324882213 0
1764 -0.9194321324882213 -0.8868632329427947 0
1765 0.9194321324882213 0.8868632329427947 0
1766 -0.8868632329427947 0.9194321324882213 0
1767 -0.1674152946069264 -0.7243657900475967 0
1768 0.7243657900475967 -0.1674152946069264 0
1769 -0.7243657900475967 0.1674152946069264 0
1770 0.1674152946069264 0.7243657900475967 0
1771 -0.754704815323009 -0.3836932374838747 0
1772 0.754704815323009 0.3836932374838747 0
1773 -0.3836932374838747 0.754704815323009 0
1774 -0.316667014123487 -0.7445049955495812 0
1775 0.7445049955495812 -0.316667014123487 0
1776 -0.7445049955495812 0.316667014123487 0
1777 0.316667014123487 0.7445049955495812 0
1778 -0.3079117641056935 -0.774053738422084 0
1779 0.774053738422084 -0.3079117641056935 0
1780 -0.774053738422084 0.3079117641056935 0
1781 0.3079117641056935 0.774053738422084 0
1782 0.1004509640979882 -0.8256712642740984 0
1783 -0.8256717753454431 -0.1004481306759053 0
1784 -0.1004481306759053 0.8256717753454431 0
1785 0.8256717753454431 0.1004481306759053 0
1786 0.9792710839536882 -0.9787238458422385 0
1787 -0.9787238458422385 -0.9792710839536882 0
1788 0.9787238458422385 0.9792710839536882 0
1789 -0.9792710839536882 0.9787238458422385 0
1790 -0.8216746330046905 0.1024291959572908 0
1791 0.1024291959572908 0.8216746330046905 0
1792 0.8216746330046903 -0.1024291959572908 0
1793 -0.1024291958069049 -0.8216746329967782 0
1794 -0.7037325727299407 -0.384597436230764 0
1795 0.7037325727299407 0.384597436230764 0
1796 -0.384597436230764 0.7037325727299407 0
1797 0.5008707630423537 -0.5598541745761886 0
1798 0.5598020929376805 0.5008268381485156 0
1799 -0.5008268381485156 0.5598020929376805 0
1800 -0.5598020929376805 -0.5008268381485156 0
1801 0.4949796562176688 -0.5878467987365665 0
1802 -0.5877696398908948 -0.4948814522376052 0
1803 -0.4948814522376052 0.5877696398908948 0
1804 0.5877696398908948 0.4948814522376052 0
1805 0.4631751728679417 -0.5207464655268231 0
1806 -0.5207028013522226 -0.4631557841557217 0
1807 0.5207028013522226 0.4631557841557217 0
1808 -0.4631557841557217 0.5207028013522226 0
1809 0.4263102022598488 -0.4847147969371189 0
1810 0.4846984842610167 0.426310221726296 0
1811 -0.426310221726296 0.4846984842610167 0
1812 -0.4846984842610167 -0.426310221726296 0
1813 -0.5303898743598957 -0.4073649727856989 0
1814 0.5303898743598957 0.4073649727856989 0
1815 -0.4073649727856989 0.5303898743598957 0
1816 0.4073845824359514 -0.5305205289777044 0
1817 -0.4393606294720048 0.4366880972272806 0
1818 -0.4366880972272806 -0.4393606294720048 0
1819 0.4366880972272806 0.4393606294720048 0
1820 0.4393574821798996 -0.4366897436783024 0
1821 0.5941680870900382 -0.3816266507240447 0
1822 -0.3816264689753755 -0.5941686929232307 0
1823 -0.5941686929232307 0.3816264689753755 0
1824 0.3816264689753755 0.5941686929232307 0
1825 -0.6200985527668816 -0.4732219544611734 0
1826 -0.4732219544611734 0.6200985527668816 0
1827 0.6200985527668816 0.4732219544611734 0
1828 0.4736919069749671 -0.6201251420907179 0
1829 0.4400105381804682 -0.6205993682422467 0
1830 -0.6228299709264532 -0.4331259428361443 0
1831 0.6228299709264532 0.4331259428361443 0
1832 -0.4331259428361443 0.6228299709264532 0
1833 0.3991765810008585 -0.9500714389849846 0
1834 0.3994585158445206 -0.4578962156406219 0
1835 -0.4578865760498739 -0.3994598580689304 0
1836 0.4578865760498739 0.3994598580689304 0
1837 -0.3994598580689304 0.4578865760498739 0
1838 0.4354293892009035 0.3660057741176798 0
1839 -0.3660057741176798 0.4354293892009035 0
1840 0.3660050172664386 -0.4354363591169572 0
1841 -0.4354293892009035 -0.3660057741176798 0
1842 0.5875980385672931 -0.5852466173162111 0
1843 0.5852452582415407 0.5876067595067046 0
1844 -0.5876067595067046 0.5852452582415407 0
1845 -0.5852452582415407 -0.5876067595067046 0
1846 0.6167360310431201 0.6503779814628122 0
1847 0.6503747778007355 -0.6167361668321444 0
1848 -0.6503779814628122 0.6167360310431201 0
1849 -0.6167360310431201 -0.6503779814628122 0
1850 0.4350973924309527 0.5708486126506095 0
1851 -0.5708486126506095 0.4350973924309527 0
1852 -0.4350973924309527 -0.5708486126506095 0
1853 0.5708471995388896 -0.4350983159840728 0
1854 -0.1201060421079285 -0.9575494520980495 0
1855 0.9575494521554894 -0.1201060431996477 0
1856 -0.9575494521554894 0.1201060431996477 0
1857 0.1201060431996477 0.9575494521554894 0
1858 0.5871434250692 -0.6201165599444457 0
1859 -0.6201140351446788 -0.5871546273453286 0
1860 -0.5871546273453286 0.6201140351446788 0
1861 0.6201140351446788 0.5871546273453286 0
1862 -0.6548547481547158 -0.7927259899379837 0
1863 -0.7927259899379837 0.6548547481547158 0
1864 0.6548547481547158 0.7927259899379837 0
1865 0.7927259824747598 -0.6548547484710487 0
1866 0.5929350902595066 -0.5219124797056557 0
1867 0.5219119563399857 0.5929383599169101 0
1868 -0.5929383599169101 0.5219119563399857 0
1869 -0.5219119563399857 -0.5929383599169101 0
1870 0.5915780844545541 -0.5516809110893464 0
1871 -0.5516794859394863 -0.5915829606848187 0
1872 0.5516794859394863 0.5915829606848187 0
1873 -0.5915829606848187 0.5516794859394863 0
1874 0.3946446094226271 -0.5898071188231128 0
1875 0.4962800457182102 -0.9465323825543459 0
1876 -0.3930551744677718 0.5885512302809734 0
1877 0.5885512302809734 0.3930551744677718 0
1878 -0.5885512302809734 -0.3930551744677718 0
1879 0.6515112175124652 -0.584231872029508 0
1880 -0.5842317811361105 -0.6515133619547883 0
1881 0.5842317811361105 0.6515133619547883 0
1882 -0.6515133619547883 0.5842317811361105 0
1883 -0.03104993808541646 -0.9605164692802802 0
1884 0.03105016216700382 0.9605165213373787 0
1885 -0.9605165213373787 0.03105016216700382 0
1886 0.9605165213373787 -0.03105016216700382 0
1887 0.5573187428115195 0.3871642560430058 0
1888 -0.5573187428115195 -0.3871642560430058 0
1889 -0.3871642560430058 0.5573187428115195 0
1890 0.3874112545878345 -0.5578742486695082 0
1891 0.9320020335619388 -0.4100776224312035 0
1892 -0.9320020335619389 0.4100776224312035 0
1893 0.4100776224312035 0.9320020335619389 0
1894 -0.4100776224312035 -0.9320020335619389 0
1895 -0.6296230446235642 -0.7907264098892924 0
1896 -0.7907264098892924 0.6296230446235642 0
1897 0.7907263494547708 -0.6296230472996918 0
1898 0.6296230446235642 0.7907264098892924 0
1899 0.6546478232663188 -0.5547105803011819 0
1900 -0.5547105446315964 -0.6546486648166533 0
1901 -0.6546486648166533 0.5547105446315964 0
1902 0.5547105446315964 0.6546486648166533 0
1903 0.431579244173695 0.9042818799536745 0
1904 -0.9042818799536745 0.431579244173695 0
1905 -0.431579244173695 -0.9042818799536745 0
1906 0.9042818799536745 -0.431579244173695 0
1907 -0.5599246222270784 0.3687375270010181 0
1908 0.3687375270010181 0.5599246222270784 0
1909 -0.3687375270010181 -0.5599246222270784 0
1910 0.5599239771288291 -0.3687376322617548 0
1911 -0.4354835315884235 0.3783682616511982 0
1912 0.4354823368132909 -0.3783692196847647 0
1913 -0.3783682616511982 -0.4354835315884235 0
1914 0.3783682616511982 0.4354835315884235 0
1915 0.5875847620928785 0.1019380002608168 0
1916 0.1019380003690976 -0.5875847620871814 0
1917 -0.1019380002608168 0.5875847620928785 0
1918 -0.5875847620928785 -0.1019380002608168 0
1919 0.5770743188171397 0.7291213294769141 0
1920 0.7291210273538297 -0.5770743316227972 0
1921 -0.7291213294769141 0.5770743188171397 0
1922 -0.5770743188171397 -0.7291213294769141 0
1923 0.4057691264405837 -0.9214100717924566 0
1924 0.4126150497595145 -0.6136127568761657 0
1925 0.9522884840587734 -0.1854226371176843 0
1926 -0.9522884840587734 0.1854226371176843 0
1927 0.1854226371176843 0.9522884840587734 0
1928 -0.1854226369330057 -0.9522884840490567 0
1929 0.5416718851457311 -0.5774973018189059 0
1930 -0.541677463882526 0.5774847766450565 0
1931 -0.5774847766450565 -0.541677463882526 0
1932 0.5774847766450565 0.541677463882526 0
1933 0.9642045586514193 -0.6016067311667783 0
1934 -0.6016067311667783 -0.9642045586514193 0
1935 0.6016067311667783 0.9642045586514193 0
1936 -0.9642045586514193 0.6016067311667783 0
1937 -0.4057015518665241 0.6110286221311607 0
1938 0.6110286221311607 0.4057015518665241 0
1939 -0.6110286221311607 -0.4057015518665241 0
1940 0.9712691033306612 -0.3705070404855499 0
1941 -0.3705070404855464 -0.971269103330661 0
1942 -0.9712691033306612 0.3705070404855499 0
1943 0.3705070404855499 0.9712691033306612 0
1944 0.523448826216646 -0.6627140234004991 0
1945 0.662704146651459 0.5234783009788343 0
1946 -0.5234783009788343 0.662704146651459 0
1947 -0.662704146651459 -0.5234783009788343 0
1948 0.9494123215237771 -0.2699262058602818 0
1949 -0.2699262058526162 -0.9494123215233738 0
1950 -0.9494123215237771 0.2699262058602818 0
1951 0.2699262058602818 0.9494123215237771 0
1952 0.5373938518291556 0.1339726276854548 0
1953 -0.5373938518291556 -0.1339726276854548 0
1954 0.1339726276916037 -0.537393851828832 0
1955 -0.1339726276854548 0.5373938518291556 0
1956 0.5130429247731644 -0.6249200068932911 0
1957 0.5677324111237251 -0.5014024995755827 0
1958 0.5014000516081392 0.5677355406449057 0
1959 -0.5677355406449057 0.5014000516081392 0
1960 -0.5014000516081392 -0.5677355406449057 0
1961 -0.6248910128801634 -0.5129344108466084 0
1962 -0.5129344108466084 0.6248910128801634 0
1963 0.6248910128801634 0.5129344108466084 0
1964 -0.6343501142465945 -0.5520204411888238 0
1965 -0.5520204411888238 0.6343501142465945 0
1966 0.6343501142465945 0.5520204411888238 0
1967 0.5520180660115438 -0.6343593498235273 0
1968 0.6162602040230402 -0.4651640627100755 0
1969 0.4651638417552341 0.6162612755272499 0
1970 -0.4651638417552341 -0.6162612755272499 0
1971 -0.6162612755272499 0.4651638417552341 0
1972 -0.9733831458856996 -0.7707278436846133 0
1973 0.7707278436846133 -0.9733831458856996 0
1974 -0.7707278436846133 0.9733831458856996 0
1975 0.9733831458856996 0.7707278436846133 0
1976 -0.1085770047193675 -0.5233123509617311 0
1977 0.5233123509617321 -0.1085770047193867 0
1978 -0.5233123509617321 0.1085770047193867 0
1979 0.1085770047193867 0.5233123509617321 0
1980 0.5850579432378847 -0.6545371180343943 0
1981 0.6545345816487366 0.5850796629727562 0
1982 -0.5850796629727562 0.6545345816487366 0
1983 -0.6545345816487366 -0.5850796629727562 0
1984 0.9268809235909089 -0.290000434624735 0
1985 -0.9268809235909091 0.290000434624735 0
1986 -0.290000434624735 -0.9268809235909091 0
1987 0.290000434624735 0.9268809235909091 0
1988 -0.7775765674624925 0.6780582751367241 0
1989 0.6780582751367241 0.7775765674624925 0
1990 -0.6780582751367241 -0.7775765674624925 0
1991 0.7775765426856166 -0.678058276186906 0
1992 0.6465391305832233 0.6523804487446281 0
1993 0.6523774813660393 -0.646539600920522 0
1994 -0.6523804487446281 0.6465391305832233 0
1995 -0.6465391305832233 -0.6523804487446281 0
1996 0.6944138935103439 0.955846083087016 0
1997 -0.6944138935103439 -0.955846083087016 0
1998 -0.955846083087016 0.6944138935103439 0
1999 0.955846083087016 -0.6944138935103439 0
2000 0.5463198708449482 0.717025376984791 0
2001 -0.717025376984791 0.5463198708449482 0
2002 -0.5463198708449482 -0.717025376984791 0
2003 0.7170253373917773 -0.5463198725231204 0
2004 0.2061244817698318 -0.9422575977250505 0
2005 -0.2000700272755863 0.9414273312503364 0
2006 -0.9414273312503364 -0.2000700272755863 0
2007 0.9414273312503364 0.2000700272755863 0
2008 0.4671948778218624 0.916279152688554 0
2009 -0.916279152688554 0.4671948778218624 0
2010 -0.4671948778218624 -0.916279152688554 0
2011 0.916279152688554 -0.4671948778218624 0
2012 -0.1354518490068032 -0.545605912671082 0
2013 -0.5456059126710823 0.1354518490068063 0
2014 0.1354518490068063 0.5456059126710823 0
2015 0.5456059126710823 -0.1354518490068063 0
2016 0.5245202324074886 0.6522788446716852 0
2017 -0.6522788446716852 0.5245202324074886 0
2018 -0.5245202324074886 -0.6522788446716852 0
2019 0.6522782688937863 -0.5245202568121594 0
2020 0.1362711390435633 -0.9486863686962695 0
2021 0.9460838326358411 0.1383027864249207 0
2022 -0.9460838326358411 -0.1383027864249207 0
2023 -0.1383027864249207 0.9460838326358411 0
2024 0.5405220451665796 -0.7220446001980738 0
2025 -0.5370971517063979 0.7209982800928666 0
2026 0.7209982800928666 0.5370971517063979 0
2027 -0.7209982800928666 -0.5370971517063979 0
2028 0.009902455181609442 0.8505299060681636 0
2029 -0.8505299060681636 0.009902455181609442 0
2030 0.8505299060681636 -0.009902455181609442 0
2031 -0.009902441524411373 -0.8505299053496033 0
2032 0.571290359122837 0.1265504238346798 0
2033 0.1265504238527266 -0.5712903591218875 0
2034 -0.1265504238346798 0.571290359122837 0
2035 -0.571290359122837 -0.1265504238346798 0
2036 -0.6036340877675549 -0.6185410118414024 0
2037 0.6036340877675549 0.6185410118414024 0
2038 -0.6185410118414024 0.6036340877675549 0
2039 0.6185352118977786 -0.6036343336014367 0
2040 0.07602617456138967 -0.5772853311917915 0
2041 -0.07602617454113307 0.5772853311928573 0
2042 -0.5772853311928573 -0.07602617454113307 0
2043 0.5772853311928573 0.07602617454113306 0
2044 0.01981521745238588 -0.8480996318152297 0
2045 0.8480996531823267 0.01981501485673622 0
2046 -0.8480996531823267 -0.01981501485673622 0
2047 -0.01981501485673622 0.8480996531823267 0
2048 0.9532094356768077 -0.3405460906023817 0
2049 -0.9532094356768078 0.3405460906023817 0
2050 -0.3405460906023154 -0.9532094356768044 0
2051 0.3405460906023817 0.9532094356768078 0
2052 -0.4379330270934922 0.9691574298117094 0
2053 -0.9691574298117094 -0.4379330270934922 0
2054 0.9691574298117094 0.4379330270934922 0
2055 -0.5630959722624438 -0.1547802437805588 0
2056 0.1547802556970661 -0.563095983748423 0
2057 -0.1547802437805588 0.5630959722624438 0
2058 0.5630959722624438 0.1547802437805588 0
2059 0.596763262493867 -0.44485468851296 0
2060 0.4448543496383216 0.5967644019004517 0
2061 -0.5967644019004517 0.4448543496383216 0
2062 -0.4448543496383216 -0.5967644019004517 0
2063 -0.9636818044579639 -0.385421236036224 0
2064 0.9636818044579639 0.385421236036224 0
2065 -0.385421236036224 0.9636818044579639 0
2066 -0.1547940572313848 -0.5656303779000185 0
2067 0.5656303779000185 -0.1547940572313848 0
2068 -0.5656303779000185 0.1547940572313848 0
2069 0.1547940572313848 0.5656303779000185 0
2070 0.9152507805552014 -0.000368240369184379 0
2071 0.000368240369184379 0.9152507805552014 0
2072 -0.9152507805552014 0.000368240369184379 0
2073 -0.0003681470359449444 -0.9152507756445628 0
2074 0.3105871769928207 -0.9229788370411433 0
2075 0.5657812616739027 -0.941747386902704 0
2076 0.7892175367318561 -0.5338928312305699 0
2077 0.5338928312273244 0.7892175368084248 0
2078 -0.7892175368084248 0.5338928312273244 0
2079 -0.5338928312273244 -0.7892175368084248 0
2080 0.600864554870563 -0.4946105233350334 0
2081 0.4946101135504716 0.6008664416839603 0
2082 -0.6008664416839603 0.4946101135504716 0
2083 -0.4946101135504716 -0.6008664416839603 0
2084 0.5327354940086984 -0.6934153903018206 0
2085 0.3917213095404015 0.9048347347905416 0
2086 -0.9048347347905416 0.3917213095404015 0
2087 -0.3917213095404015 -0.9048347347905416 0
2088 0.9048347347905416 -0.3917213095404015 0
2089 -0.9182382367573924 0.221778231954042 0
2090 0.221778231954042 0.9182382367573924 0
2091 0.9182382367573924 -0.221778231954042 0
2092 -0.2217782319185081 -0.9182382367555229 0
2093 -0.5320367264764919 0.6924750516767423 0
2094 -0.6924750516767423 -0.5320367264764919 0
2095 0.6924750516767423 0.5320367264764919 0
2096 -0.9744369830336342 -0.7091947311672929 0
2097 0.7091947311672929 -0.9744369830336342 0
2098 0.9744369830336342 0.7091947311672929 0
2099 -0.7091947311672929 0.9744369830336342 0
2100 -0.1265712687713607 -0.9305898007698102 0
2101 0.9305898008113175 -0.1265712695602604 0
2102 -0.9305898008113175 0.1265712695602604 0
2103 0.1265712695602604 0.9305898008113175 0
2104 0.6840731444944529 0.9278381641661122 0
2105 -0.9278381641661122 0.6840731444944529 0
2106 0.9278381641661122 -0.6840731444944529 0
2107 -0.6840731444944529 -0.9278381641661122 0
2108 0.5623211681630145 -0.704103930267443 0
2109 -0.7037715625601774 -0.5616635693336858 0
2110 -0.5616635693336858 0.7037715625601774 0
2111 0.7037715625601774 0.5616635693336858 0
2112 0.851631732248192 -0.6261829401110002 0
2113 0.6261829401110002 0.851631732248192 0
2114 -0.851631732248192 0.6261829401110002 0
2115 -0.6261829401110002 -0.851631732248192 0
2116 0.5692859136630615 0.6893372352258622 0
2117 -0.6893372352258622 0.5692859136630615 0
2118 -0.5692859136630615 -0.6893372352258622 0
2119 0.689336436448409 -0.5692859475196945 0
2120 0.4757606108979275 -0.9261106005548528 0
2121 0.3776371873338783 -0.9354021129031649 0
2122 0.005802969201353043 -0.825979848060269 0
2123 0.8259798569979911 0.005802867166198875 0
2124 -0.8259798569979911 -0.005802867166198875 0
2125 -0.005802867166198875 0.8259798569979911 0
2126 0.5667788808258046 -0.3348436655152489 0
2127 -0.3348436325571396 -0.5667791684292491 0
2128 0.3348436325571396 0.5667791684292491 0
2129 -0.5667791684292491 0.3348436325571396 0
2130 -0.7035379306832139 -0.7647860294921199 0
2131 -0.7647860294921199 0.7035379306832139 0
2132 0.7647859811726589 -0.7035379327312615 0
2133 0.7035379306832139 0.7647860294921199 0
2134 0.8260944713313586 -0.7013869218114226 0
2135 0.7013869218114226 0.8260944713313586 0
2136 -0.8260944713313586 0.7013869218114226 0
2137 -0.7013869218114226 -0.8260944713313586 0
2138 0.5642975423852444 -0.7675135961643362 0
2139 -0.5631268460090165 0.7673399916426052 0
2140 0.7673399916426052 0.5631268460090165 0
2141 -0.7673399916426052 -0.5631268460090165 0
2142 0.9150717391618289 0.1481589632089679 0
2143 -0.1481589632089679 0.9150717391618289 0
2144 -0.9150717391618289 -0.1481589632089679 0
2145 0.1495004782213121 -0.927914525722885 0
2146 -0.9177468383968276 -0.5447936816489818 0
2147 -0.5447936816489818 0.9177468383968276 0
2148 0.9177468383968276 0.5447936816489818 0
2149 -0.94768049470935 -0.5693901064705 0
2150 -0.5693901064705 0.94768049470935 0
2151 0.94768049470935 0.5693901064705 0
2152 -0.6856591750470921 -0.5031571243991121 0
2153 -0.5031571243991121 0.6856591750470921 0
2154 0.6856591750470921 0.5031571243991121 0
2155 0.503687868401287 -0.6865312782112546 0
2156 0.7866386775858395 -0.5620384995492816 0
2157 -0.7866386775858395 0.5620384995492816 0
2158 -0.5620384995492816 -0.7866386775858395 0
2159 0.5620384995492816 0.7866386775858395 0
2160 0.3769743448948311 -0.5293674035768924 0
2161 0.2729954262318925 -0.9247464951433543 0
2162 -0.6513647614519672 -0.9154371725649707 0
2163 -0.9154371725649707 0.6513647614519672 0
2164 0.6513647614519672 0.9154371725649707 0
2165 0.9154371725649707 -0.6513647614519672 0
2166 -0.3769305413961712 0.5292179752554469 0
2167 0.5292179752554469 0.3769305413961712 0
2168 -0.5292179752554469 -0.3769305413961712 0
2169 0.5809689328684791 0.8428182874454947 0
2170 0.8428182874454947 -0.5809689328684791 0
2171 -0.8428182874454947 0.5809689328684791 0
2172 -0.5809689328684791 -0.8428182874454947 0
2173 0.5456715244284334 -0.9148635413688211 0
2174 0.9513551505788594 0.4937614367059131 0
2175 -0.4937614367059131 0.9513551505788594 0
2176 -0.9513551505788594 -0.4937614367059131 0
2177 -0.254551489629095 -0.9184372539543756 0
2178 -0.918437253954776 0.2545514896367078 0
2179 0.2545514896367078 0.918437253954776 0
2180 0.918437253954776 -0.2545514896367078 0
2181 0.5753442002197292 -0.8251307413683376 0
2182 -0.575424481752451 0.8251311824839141 0
2183 0.8251311824839141 0.575424481752451 0
2184 -0.8251311824839141 -0.575424481752451 0
2185 0.9291960598435275 -0.3243321895829266 0
2186 -0.9291960598435276 0.3243321895829266 0
2187 -0.3243321895828497 -0.9291960598435236 0
2188 0.3243321895829266 0.9291960598435276 0
2189 -0.2756287564530893 0.9295785376981871 0
2190 0.9295785376981871 0.2756287564530893 0
2191 -0.9295785376981871 -0.2756287564530893 0
2192 0.4737490410949975 0.9486121143109137 0
2193 -0.4737490410949975 -0.9486121143109137 0
2194 -0.9486121143109137 0.4737490410949975 0
2195 0.9486121143109137 -0.4737490410949975 0
2196 -0.4690864883789667 0.6848989436888443 0
2197 0.6848989436888443 0.4690864883789667 0
2198 -0.6848989436888443 -0.4690864883789667 0
2199 -0.653527032840337 -0.4514364819838752 0
2200 0.653527032840337 0.4514364819838752 0
2201 -0.4514364819838752 0.653527032840337 0
2202 0.4458706703987078 0.27328229912073 0
2203 -0.4458706703987078 -0.27328229912073 0
2204 0.2732822360447918 -0.4458712716442645 0
2205 -0.27328229912073 0.4458706703987078 0
2206 -0.3432392164611125 0.6149750120804942 0
2207 0.6149750120804942 0.3432392164611125 0
2208 -0.6149750120804942 -0.3432392164611125 0
2209 0.3397459588563741 -0.6184319293231429 0
2210 -0.969736788120403 -0.2294247841998514 0
2211 0.969736788120403 0.2294247841998514 0
2212 -0.2294247841998514 0.969736788120403 0
2213 0.2202009460401095 -0.9707410795365566 0
2214 0.4728510262887679 -0.6823955968355392 0
2215 0.5866582419338148 -0.6848831253489366 0
2216 -0.6848265817861107 -0.5865693956070167 0
2217 0.6848265817861107 0.5865693956070167 0
2218 -0.5865693956070167 0.6848265817861107 0
2219 0.7302523499591725 0.7501528383262809 0
2220 -0.7302523499591725 -0.7501528383262809 0
2221 0.7501526708178017 -0.7302523570591141 0
2222 -0.7501528383262809 0.7302523499591725 0
2223 0.6110673781504532 -0.6697669343196457 0
2224 -0.6697568604365521 -0.6110615512908659 0
2225 0.6697568604365521 0.6110615512908659 0
2226 -0.6110615512908659 0.6697568604365521 0
2227 -0.5362950025470336 -0.1957119679446387 0
2228 0.1957119767071132 -0.5362952599550979 0
2229 -0.1957119679446387 0.5362950025470336 0
2230 0.5362950025470336 0.1957119679446387 0
2231 -0.3078865409357238 0.9309237166242612 0
2232 0.9309237166242612 0.3078865409357238 0
2233 -0.9309237166242612 -0.3078865409357238 0
2234 -0.5654185022098211 -0.1849933720734061 0
2235 0.1849932716126108 -0.5654190700374513 0
2236 -0.1849933720734061 0.5654185022098211 0
2237 0.5654185022098211 0.1849933720734061 0
2238 -0.8468804110268905 0.6032077847734993 0
2239 0.6032077847734993 0.8468804110268905 0
2240 0.8468804110268905 -0.6032077847734993 0
2241 -0.6032077847734993 -0.8468804110268905 0
2242 -0.3634229236333091 0.94715568729155 0
2243 0.94715568729155 0.3634229236333091 0
2244 -0.94715568729155 -0.3634229236333091 0
2245 -0.0283703213831064 -0.9316743501618118 0
2246 0.02837055023984447 0.9316744024701503 0
2247 -0.9316744024701503 0.02837055023984447 0
2248 0.9316744024701503 -0.02837055023984447 0
2249 0.6205660212042259 -0.5402204464047783 0
2250 -0.5402203497604797 -0.6205683013272073 0
2251 0.5402203497604797 0.6205683013272073 0
2252 -0.6205683013272073 0.5402203497604797 0
2253 -0.5954634362838703 0.9709069715203535 0
2254 0.5929110967002379 -0.9693734369240004 0
2255 0.9709069715203535 0.5954634362838703 0
2256 -0.9709069715203535 -0.5954634362838703 0
2257 0.7161579069027594 0.9428634632707876 0
2258 -0.7161579069027594 -0.9428634632707876 0
2259 -0.9428634632707876 0.7161579069027594 0
2260 0.9428634632707876 -0.7161579069027594 0
2261 0.4516156396372387 -0.6530796251542135 0
2262 0.3122478495876891 -0.5520075349923538 0
2263 -0.5519661942206752 -0.3122478213648795 0
2264 -0.3122478213648795 0.5519661942206752 0
2265 0.5519661942206752 0.3122478213648795 0
2266 0.7937485939823659 -0.6065239162115009 0
2267 -0.6065239142149965 -0.7937486405451331 0
2268 -0.7937486405451331 0.6065239142149965 0
2269 0.6065239142149965 0.7937486405451331 0
2270 -0.6057097508849864 -0.3182337889926241 0
2271 -0.3182337889926241 0.6057097508849864 0
2272 0.6057097508849864 0.3182337889926241 0
2273 0.8992776217342618 -0.5854815400959917 0
2274 -0.5854815400959917 -0.8992776217342618 0
2275 0.5854815400959917 0.8992776217342618 0
2276 -0.8992776217342618 0.5854815400959917 0
2277 -0.372902308570255 0.9197909646748768 0
2278 0.9197909646748768 0.372902308570255 0
2279 -0.9197909646748768 -0.372902308570255 0
2280 -0.8601955107807853 0.657501954612879 0
2281 0.657501954612879 0.8601955107807853 0
2282 -0.657501954612879 -0.8601955107807853 0
2283 0.8601955107807853 -0.657501954612879 0
2284 0.8422774971077583 -0.5525622737035024 0
2285 -0.5525622737035024 -0.8422774971077583 0
2286 0.5525622737035024 0.8422774971077583 0
2287 -0.8422774971077583 0.5525622737035024 0
2288 0.31757703311736 -0.606405252116388 0
2289 0.09770164245261792 -0.7007959202217929 0
2290 -0.7007959454970406 -0.09770141942225846 0
2291 0.7007959454970406 0.09770141942225846 0
2292 -0.09770141942225846 0.7007959454970406 0
2293 -0.6794951510285613 -0.4004550294398415 0
2294 0.6794951510285613 0.4004550294398415 0
2295 -0.4004550294398415 0.6794951510285613 0
2296 0.3426388508692191 -0.5319715266814043 0
2297 0.531903977925581 0.342632996457553 0
2298 -0.342632996457553 0.531903977925581 0
2299 -0.531903977925581 -0.342632996457553 0
2300 -0.3391202195971761 0.9265730093663919 0
2301 0.9265730093663919 0.3391202195971761 0
2302 -0.9265730093663919 -0.3391202195971761 0
2303 -0.7614997164434203 0.5166851713583064 0
2304 -0.5166851713583064 -0.7614997164434203 0
2305 0.7614997076401835 -0.5166851717314366 0
2306 0.5166851713583064 0.7614997164434203 0
2307 0.5886968066520432 -0.7154662075246044 0
2308 -0.715400585347946 -0.5885913591578588 0
2309 0.715400585347946 0.5885913591578588 0
2310 -0.5885913591578588 0.715400585347946 0
2311 -0.4232718105463761 -0.798531363313451 0
2312 0.7985313631872968 -0.4232718105517232 0
2313 -0.798531363313451 0.4232718105463761 0
2314 0.4232718105463761 0.798531363313451 0
2315 -0.0263402323111246 -0.894419058509195 0
2316 0.8944190592277188 -0.0263402459676267 0
2317 -0.8944190592277188 0.0263402459676267 0
2318 0.0263402459676267 0.8944190592277188 0
2319 0.7782621614064964 -0.9470848175856107 0
2320 -0.9470848175856107 -0.7782621614064964 0
2321 0.9470848175856107 0.7782621614064964 0
2322 -0.7782621614064964 0.9470848175856107 0
2323 -0.5012067781632277 -0.9324073272083314 0
2324 -0.9324073272083314 0.5012067781632277 0
2325 0.5012067781632277 0.9324073272083314 0
2326 0.9324073272083314 -0.5012067781632277 0
2327 -0.1301630120681313 0.6000698030737347 0
2328 0.1301630178087375 -0.6000698027716983 0
2329 0.6000698030737347 0.1301630120681313 0
2330 -0.6000698030737347 -0.1301630120681313 0
2331 0.7460831889384866 -0.4216956961931143 0
2332 0.4216956958466623 0.7460831971123049 0
2333 -0.7460831971123049 0.4216956958466623 0
2334 -0.4216956958466623 -0.7460831971123049 0
2335 -0.2126985625814549 0.9120794306609612 0
2336 -0.9120794306609612 -0.2126985625814549 0
2337 0.9120794306609612 0.2126985625814549 0
2338 0.9081813400122074 -0.3527587093951766 0
2339 -0.9081813400122085 0.3527587093951766 0
2340 -0.3527587093951655 -0.908181340012208 0
2341 0.3527587093951766 0.9081813400122085 0
2342 0.6013251254506355 -0.8034947092700145 0
2343 -0.8034935393698986 -0.601369477250722 0
2344 -0.601369477250722 0.8034935393698986 0
2345 0.8034935393698986 0.601369477250722 0
2346 -0.7861016512513861 -0.7280876947639214 0
2347 0.7861016512513861 0.7280876947639214 0
2348 0.7280868143438582 -0.7861017332994074 0
2349 -0.7280876947639214 0.7861016512513861 0
2350 0.06505136852951189 -0.5521663637246407 0
2351 -0.06505136852108322 0.5521663637250841 0
2352 -0.5521663637250841 -0.06505136852108322 0
2353 0.5521663637250841 0.0650513685210832 0
2354 0.5087804440951147 -0.9230818356872534 0
2355 0.2261103946807586 -0.9133554462996931 0
2356 0.8863598991529468 -0.4660747615321991 0
2357 -0.8863598991529468 0.4660747615321991 0
2358 0.4660747615321991 0.8863598991529468 0
2359 -0.4660747615321991 -0.8863598991529468 0
2360 -0.5476535520424471 0.07547230963967455 0
2361 0.5476535520424471 -0.07547230963967455 0
2362 -0.07547230963871934 -0.5476535520423969 0
2363 0.07547230963967455 0.5476535520424471 0
2364 -0.8092962949792238 0.6762441515466749 0
2365 0.6762441515466749 0.8092962949792238 0
2366 -0.6762441515466749 -0.8092962949792238 0
2367 0.8092962896058739 -0.6762441517744274 0
2368 0.5488857875783366 0.9449918547191737 0
2369 -0.9449918547191737 0.5488857875783366 0
2370 -0.5488857875783366 -0.9449918547191737 0
2371 0.9449918547191737 -0.5488857875783366 0
2372 -0.2442867969336785 0.9211687150321967 0
2373 0.9211687150321967 0.2442867969336785 0
2374 -0.9211687150321967 -0.2442867969336785 0
2375 -0.8773201746468153 -0.3075078335110726 0
2376 0.8773201746468153 0.3075078335110726 0
2377 -0.3075078335110726 0.8773201746468153 0
2378 0.0267867568117656 -0.958592996775774 0
2379 0.9585939573398141 0.02678311091380759 0
2380 -0.02678311091380759 0.9585939573398141 0
2381 -0.9585939573398141 -0.02678311091380759 0
2382 -0.7573867426341807 -0.7370519014523257 0
2383 0.7573867426341807 0.7370519014523257 0
2384 0.7370512763969684 -0.7573868972737999 0
2385 -0.7370519014523257 0.7573867426341807 0
2386 -0.9309911011359248 -0.5150015077320951 0
2387 -0.5150015077320951 0.9309911011359248 0
2388 0.9309911011359248 0.5150015077320951 0
2389 -0.1295386877640837 -0.5754218657742066 0
2390 0.5754218657742066 -0.1295386877640837 0
2391 -0.5754218657742066 0.1295386877640837 0
2392 0.1295386877640837 0.5754218657742066 0
2393 0.7057876443630198 0.8847332354167886 0
2394 -0.8847332354167886 0.7057876443630198 0
2395 0.8847332354167886 -0.7057876443630198 0
2396 -0.7057876443630198 -0.8847332354167886 0
2397 0.1843080636339011 0.5602143902103819 0
2398 -0.5602143902103819 0.1843080636339011 0
2399 0.5602143902103819 -0.1843080636339011 0
2400 -0.1843080636339011 -0.5602143902103819 0
2401 0.9282403132501814 0.484360117182745 0
2402 -0.484360117182745 0.9282403132501814 0
2403 -0.9282403132501814 -0.484360117182745 0
2404 0.4446941831493546 -0.9692581922582473 0
2405 -0.62945149648763 0.3286802622722766 0
2406 0.6294513971045418 -0.3286802698204654 0
2407 -0.3286802622722766 -0.62945149648763 0
2408 0.3286802622722766 0.62945149648763 0
2409 -0.6476614294788942 0.4991465152534617 0
2410 -0.4991465152534617 -0.6476614294788942 0
2411 0.4991465152534617 0.6476614294788942 0
2412 0.647660985969137 -0.4991465340518729 0
2413 0.4047725598830307 0.8538125198185132 0
2414 -0.8538125198185132 0.4047725598830307 0
2415 0.85381251981796 -0.4047725598830542 0
2416 -0.4047725598830307 -0.8538125198185132 0
2417 0.8319512857002562 -0.966684213367671 0
2418 -0.966684213367671 -0.8319512857002562 0
2419 0.966684213367671 0.8319512857002562 0
2420 -0.8319512857002562 0.966684213367671 0
2421 -0.7240544922726718 -0.7812778912811759 0
2422 0.7240544922726718 0.7812778912811759 0
2423 0.7812778908996857 -0.7240544922888416 0
2424 -0.7812778912811759 0.7240544922726718 0
2425 0.9449518792403498 -0.6305636973680678 0
2426 -0.9449518792403498 0.6305636973680678 0
2427 -0.6305636973680678 -0.9449518792403498 0
2428 0.6305636973680678 0.9449518792403498 0
2429 -0.01606986777373251 -0.9782024580027556 0
2430 0.9782026422141598 -0.01607057433210683 0
2431 0.01607057433210683 0.9782026422141598 0
2432 -0.9782026422141598 0.01607057433210683 0
2433 -0.6638956796863497 -0.6354757776102608 0
2434 0.6638956796863497 0.6354757776102608 0
2435 -0.6354757776102608 0.6638956796863497 0
2436 0.6354731427988526 -0.663897855535882 0
2437 0.3609532037959535 -0.6317304112576935 0
2438 -0.6398842763913462 -0.3448279205070442 0
2439 -0.3448279205070442 0.6398842763913462 0
2440 0.6398842763913462 0.3448279205070442 0
2441 -0.6934495986202388 0.6367733329228382 0
2442 0.6367733329228382 0.6934495986202388 0
2443 0.6934483555833367 -0.6367733901545182 0
2444 -0.6367733329228382 -0.6934495986202388 0
2445 0.5863356032200441 0.786966581922005 0
2446 -0.786966581922005 0.5863356032200441 0
2447 -0.5863356032200441 -0.786966581922005 0
2448 0.7869665337876072 -0.5863356052640669 0
2449 0.6119407002067271 0.08412435216308198 0
2450 -0.08412435216308198 0.6119407002067271 0
2451 0.08412435324065329 -0.6119407001500318 0
2452 -0.6119407002067271 -0.08412435216308198 0
2453 0.6385439124360365 0.2747641537385017 0
2454 -0.2747641537385017 0.6385439124360365 0
2455 -0.6385439124360365 -0.2747641537385017 0
2456 0.274680140051656 -0.6385713100831437 0
2457 -0.9078430204014508 0.6213180708344611 0
2458 0.6213180708344611 0.9078430204014508 0
2459 -0.6213180708344611 -0.9078430204014508 0
2460 0.9078430204014508 -0.6213180708344611 0
2461 -0.4641416707663346 0.9079802774253242 0
2462 0.9079802774253242 0.4641416707663346 0
2463 -0.9079802774253242 -0.4641416707663346 0
2464 -0.04977363495855841 0.5717537687483732 0
2465 0.5717537687483732 0.0497736349585584 0
2466 -0.5717537687483732 -0.04977363495855841 0
2467 0.049773634964707 -0.5717537687480498 0
2468 0.1010497661886262 -0.6453564487384956 0
2469 0.6453564509555457 0.1010497288874429 0
2470 -0.1010497288874429 0.6453564509555457 0
2471 -0.6453564509555457 -0.1010497288874429 0
2472 0.5952592691748446 0.295908324311849 0
2473 -0.295908324311849 0.5952592691748446 0
2474 -0.5952592691748446 -0.295908324311849 0
2475 -0.8427042760139541 0.7328517105706307 0
2476 0.7328517105706307 0.8427042760139541 0
2477 -0.7328517105706307 -0.8427042760139541 0
2478 0.8427042760139541 -0.7328517105706307 0
2479 -0.01015246453429318 0.5199084998905482 0
2480 -0.5199084998905482 -0.01015246453429318 0
2481 0.5199084998905482 0.01015246453429318 0
2482 0.01015246453429976 -0.5199084998905479 0
2483 0.2957997736180674 -0.5954002926408983 0
2484 0.3666706392494711 -0.789571198413919 0
2485 -0.9491688288161441 -0.7287512732512788 0
2486 0.7287507633198494 -0.9491686005693268 0
2487 -0.7287512732512788 0.9491688288161441 0
2488 0.9491688288161441 0.7287512732512788 0
2489 -0.7462005214632162 -0.7972749435872374 0
2490 0.7462005214632162 0.7972749435872374 0
2491 0.7972749435236556 -0.7462005214659113 0
2492 -0.7972749435872374 0.7462005214632162 0
2493 -0.5640931190314723 -0.3392098363806129 0
2494 0.5640931190314723 0.3392098363806129 0
2495 -0.3392098363806129 0.5640931190314723 0
2496 0.339212405163605 -0.5642067364993271 0
2497 0.02136601278540621 -0.5684028678769798 0
2498 -0.5684028678770433 -0.02136601278420058 0
2499 -0.02136601278420058 0.5684028678770433 0
2500 0.5684028678770433 0.02136601278420057 0
2501 0.3886039313730077 -0.9762139488842912 0
2502 0.5381465601656049 -0.7549333134616149 0
2503 -0.2609984984917365 0.953262871616484 0
2504 0.953262871616484 0.2609984984917365 0
2505 -0.953262871616484 -0.2609984984917365 0
2506 -0.6502475370480293 -0.9740374983038684 0
2507 -0.9740374983038684 0.6502475370480293 0
2508 0.6502475370480293 0.9740374983038684 0
2509 0.9740374983038684 -0.6502475370480293 0
2510 0.2600740010658461 -0.9471702892420923 0
2511 0.3401821775963303 -0.5918969427918683 0
2512 -0.6855782310871407 -0.4303760188547011 0
2513 0.6855782310871407 0.4303760188547011 0
2514 -0.4303760188547011 0.6855782310871407 0
2515 -0.5329036831282887 0.755465988325135 0
2516 0.755465988325135 0.5329036831282887 0
2517 -0.755465988325135 -0.5329036831282887 0
2518 -0.5617905402947622 0.008759896570020754 0
2519 0.008759896570020754 0.5617905402947622 0
2520 0.5617905402947622 -0.008759896570020758 0
2521 -0.008759896566593322 -0.5617905402945816 0
2522 -0.5902162520833258 -0.3409410189345234 0
2523 -0.3409410189345234 0.5902162520833258 0
2524 0.5902162520833258 0.3409410189345234 0
2525 -0.04583787486184296 -0.5679686559591367 0
2526 0.5679686559594671 -0.04583787486812119 0
2527 0.04583787486812119 0.5679686559594671 0
2528 -0.5679686559594671 0.04583787486812119 0
2529 0.5093679008770472 -0.7404144533489571 0
2530 0.1182852186952564 0.6018585897342457 0
2531 -0.1182852186949081 -0.6018585897342272 0
2532 -0.6018585897342457 0.1182852186952564 0
2533 0.6018585897342457 -0.1182852186952564 0
2534 0.2732923117448054 -0.8740697916392307 0
2535 0.5293567545726597 0.9319332926224051 0
2536 -0.9319332926224051 0.5293567545726597 0
2537 -0.5293567545726597 -0.9319332926224051 0
2538 0.9319332926224051 -0.5293567545726597 0
2539 -0.4853824167258801 -0.2646473659321596 0
2540 0.2646473716695382 -0.4853832019110249 0
2541 -0.2646473659321596 0.4853824167258801 0
2542 0.4853824167258801 0.2646473659321596 0
2543 0.3389522134142002 -0.6450696730059412 0
2544 -0.8106551220568187 0.7260233802398016 0
2545 0.7260233802398016 0.8106551220568187 0
2546 -0.7260233802398016 -0.8106551220568187 0
2547 0.8106551219826401 -0.7260233802429457 0
2548 0.489542317930581 0.6276316229985837 0
2549 -0.489542317930581 -0.6276316229985837 0
2550 -0.6276316229985837 0.489542317930581 0
2551 0.6276307128757437 -0.4895424224688334 0
2552 0.2754273950913278 -0.5840768387179024 0
2553 -0.5840396467597951 -0.2754449794745593 0
2554 -0.2754449794745593 0.5840396467597951 0
2555 0.5840396467597951 0.2754449794745593 0
2556 -0.8326520909983484 -0.7695020502695514 0
2557 0.8326520909983484 0.7695020502695514 0
2558 0.7695020027838068 -0.832652087876482 0
2559 -0.7695020502695514 0.8326520909983484 0
2560 0.151991752167624 -0.5075704734552516 0
2561 -0.5075704624235238 -0.1519917517912087 0
2562 -0.1519917517912087 0.5075704624235238 0
2563 0.5075704624235238 0.1519917517912087 0
2564 0.5953270239339356 -0.7468742088268771 0
2565 -0.5951633246307063 0.7468348949407547 0
2566 -0.7468348949407547 -0.5951633246307063 0
2567 0.7468348949407547 0.5951633246307063 0
2568 0.1860440504424985 -0.8624435098890543 0
2569 0.8072507835418476 -0.941207771846309 0
2570 -0.941207771846309 -0.8072507835418476 0
2571 0.941207771846309 0.8072507835418476 0
2572 -0.8072507835418476 0.941207771846309 0
2573 0.901602175036107 -0.5237317534975821 0
2574 -0.901602175036107 0.5237317534975821 0
2575 0.5237317534975821 0.901602175036107 0
2576 -0.5237317534975821 -0.901602175036107 0
2577 -0.1877357823756803 0.8640676459556983 0
2578 0.8640676459556983 0.1877357823756803 0
2579 -0.8640676459556983 -0.1877357823756803 0
2580 0.782447399695856 0.827710449420565 0
2581 -0.782447399695856 -0.827710449420565 0
2582 0.827710449420565 -0.782447399695856 0
2583 -0.827710449420565 0.782447399695856 0
2584 0.4148343337859905 -0.8741547495890801 0
2585 -0.3239103294671052 -0.598334725094842 0
2586 0.5983345536983763 -0.3239103468934609 0
2587 -0.598334725094842 0.3239103294671052 0
2588 0.3239103294671052 0.598334725094842 0
2589 0.6588550495754191 0.2201112038593761 0
2590 -0.2201112038593761 0.6588550495754191 0
2591 -0.6588550495754191 -0.2201112038593761 0
2592 0.2201119494162926 -0.6588551771642449 0
2593 0.4137900377046483 -0.7432636263768541 0
2594 0.7221456848764577 0.9771501690399 0
2595 -0.7221456848764577 -0.9771501690399 0
2596 -0.9771501690399 0.7221456848764577 0
2597 0.9771501690399 -0.7221456848764577 0
2598 0.1290349615859359 0.690061172006552 0
2599 -0.690061172006552 0.1290349615859359 0
2600 0.690061172006552 -0.1290349615859359 0
2601 -0.1290349615828869 -0.6900611720063915 0
2602 0.5783266799324693 -0.8734667597965545 0
2603 -0.5784245471810332 0.8735632892217703 0
2604 -0.8735632892217703 -0.5784245471810332 0
2605 0.8735632892217703 0.5784245471810332 0
2606 0.9251747197118935 -0.8890708575886528 0
2607 -0.8890708575886528 -0.9251747197118935 0
2608 -0.9251747197118935 0.8890708575886528 0
2609 0.8890708575886528 0.9251747197118935 0
2610 0.5415502814206976 -0.8210076366158729 0
2611 0.4608869064153806 0.3150631815805603 0
2612 0.3150627874616602 -0.4608941880546453 0
2613 -0.4608869064153806 -0.3150631815805603 0
2614 -0.3150631815805603 0.4608869064153806 0
2615 -0.542028499284895 0.03568689009399722 0
2616 -0.03568689009214856 -0.5420284992847977 0
2617 0.03568689009399722 0.542028499284895 0
2618 0.542028499284895 -0.03568689009399722 0
2619 0.7611566725847547 -0.7747321422085264 0
2620 -0.7747321416948135 -0.7611566847047478 0
2621 0.7747321416948135 0.7611566847047478 0
2622 -0.7611566847047478 0.7747321416948135 0
2623 -0.51268676927166 -0.1869123515738569 0
2624 0.1869123562912673 -0.5126869243640264 0
2625 -0.1869123515738569 0.51268676927166 0
2626 0.51268676927166 0.1869123515738569 0
2627 -0.4507315839609365 0.2623836185297616 0
2628 0.4507314975599747 -0.2623836622301493 0
2629 -0.2623836185297616 -0.4507315839609365 0
2630 0.2623836185297616 0.4507315839609365 0
2631 0.8864149960988367 0.7845200831559617 0
2632 -0.7845200831559617 0.8864149960988367 0
2633 0.7845200831559617 -0.8864149960988367 0
2634 -0.8864149960988367 -0.7845200831559617 0
2635 -0.6175921106409866 0.919425225557961 0
2636 -0.919425225557961 -0.6175921106409866 0
2637 0.919425225557961 0.6175921106409866 0
2638 0.6174185751904433 -0.9193365734570073 0
2639 -0.5466890368431585 0.8243180929312488 0
2640 0.8243180929312488 0.5466890368431585 0
2641 -0.8243180929312488 -0.5466890368431585 0
2642 -0.4851079823208159 -0.3612748779727637 0
2643 -0.3612748779727637 0.4851079823208159 0
2644 0.4851079823208159 0.3612748779727637 0
2645 0.361274577353418 -0.4851326901675025 0
2646 -0.7349047009601409 -0.5068450595355228 0
2647 0.7349047009601409 0.5068450595355228 0
2648 -0.5068450595355228 0.7349047009601409 0
2649 -0.2704526295524596 -0.4905884263666418 0
2650 0.4905883351707684 -0.270452644951403 0
2651 -0.4905884263666418 0.2704526295524596 0
2652 0.2704526295524596 0.4905884263666418 0
2653 0.03073369605408828 -0.8717909856054495 0
2654 -0.03073355604224901 0.8717909929720379 0
2655 0.8717909929720379 0.03073355604224901 0
2656 -0.8717909929720379 -0.03073355604224901 0
2657 0.7681514415580445 0.8084621811237659 0
2658 0.8084621811110495 -0.7681514415585834 0
2659 -0.8084621811237659 0.7681514415580445 0
2660 -0.7681514415580445 -0.8084621811237659 0
2661 -0.3538593216048795 -0.6736983175194887 0
2662 -0.6736983175194887 0.3538593216048795 0
2663 0.3538593216048795 0.6736983175194887 0
2664 0.6736982709138292 -0.3538593235811247 0
2665 0.107402818962514 -0.7522887076448936 0
2666 -0.752288762726131 -0.1074020673583596 0
2667 0.752288762726131 0.1074020673583596 0
2668 -0.1074020673583596 0.752288762726131 0
2669 0.3656096145496983 -0.5772208137174392 0
2670 -0.8734476297670289 -0.5575846236290625 0
2671 -0.5575846236290625 0.8734476297670289 0
2672 0.8734476297670289 0.5575846236290625 0
2673 -0.2721197920829951 0.8781904008314769 0
2674 0.8781904008314769 0.2721197920829951 0
2675 -0.8781904008314769 -0.2721197920829951 0
2676 -0.04317407970413684 0.5278484933935671 0
2677 0.04317407970573752 -0.5278484933934829 0
2678 -0.5278484933935671 -0.04317407970413684 0
2679 0.5278484933935671 0.04317407970413684 0
2680 -0.7243018544660292 -0.1212899505583553 0
2681 0.7243018544660292 0.1212899505583553 0
2682 -0.1212899505583553 0.7243018544660292 0
2683 0.1212909417158014 -0.724301701644026 0
2684 0.02396050199591542 0.8682092935440855 0
2685 -0.8682092935440855 0.02396050199591542 0
2686 0.8682092935440855 -0.02396050199591542 0
2687 -0.0239604910572433 -0.8682092929685578 0
2688 -0.6985028632678194 -0.3571277125233767 0
2689 0.6985028632678194 0.3571277125233767 0
2690 -0.3571277125233767 0.6985028632678194 0
2691 0.5757008474034987 0.3658068961200369 0
2692 -0.5757008474034987 -0.3658068961200369 0
2693 -0.3658068961200369 0.5757008474034987 0
2694 0.558023922876863 -0.872948077249743 0
2695 -0.8721831463900742 0.2783963001971502 0
2696 -0.2783963001971045 -0.8721831463900717 0
2697 0.2783963001971502 0.8721831463900742 0
2698 0.8721831463900465 -0.2783963001971513 0
2699 -0.8033714874588583 -0.3766808186253029 0
2700 0.8033714874588583 0.3766808186253029 0
2701 -0.3766808186253029 0.8033714874588583 0
2702 0.1535320322852374 0.8371340965581172 0
2703 -0.8371340965581172 0.1535320322852374 0
2704 0.837134096558113 -0.1535320322852376 0
2705 -0.1535320322129076 -0.8371340965543116 0
2706 0.4470482818281411 0.7517151364916268 0
2707 0.7517151255762139 -0.447048282290797 0
2708 -0.4470482818281411 -0.7517151364916268 0
2709 -0.7517151364916268 0.4470482818281411 0
2710 0.6174781439389794 -0.7162404353674278 0
2711 -0.7162198381706659 -0.6174361600822251 0
2712 0.7162198381706659 0.6174361600822251 0
2713 -0.6174361600822251 0.7162198381706659 0
2714 0.6230459644927716 0.2979945829042767 0
2715 -0.2979945829042767 0.6230459644927716 0
2716 -0.6230459644927716 -0.2979945829042767 0
2717 0.2977167998304161 -0.6232697219686053 0
2718 0.4262371549457432 -0.6986420676480224 0
2719 -0.03408319092649729 -0.8438514901714799 0
2720 0.03408319600966771 0.8438514904389259 0
2721 -0.8438514904389259 0.03408319600966771 0
2722 0.8438514904389259 -0.03408319600966771 0
2723 -0.9534510901907183 -0.7529102734765819 0
2724 0.7529102720392558 -0.9534510902516402 0
2725 -0.7529102734765819 0.9534510901907183 0
2726 0.9534510901907183 0.7529102734765819 0
2727 0.4377938154417003 0.658491525681606 0
2728 0.6584912149611468 -0.4377938556921018 0
2729 -0.4377938154417003 -0.658491525681606 0
2730 -0.658491525681606 0.4377938154417003 0
2731 -0.5337612024401353 0.9809578306240535 0
2732 -0.9809578306240535 -0.5337612024401353 0
2733 0.9809578306240535 0.5337612024401353 0
2734 -0.2141471506169725 0.5189702203053994 0
2735 0.5189702203053994 0.2141471506169725 0
2736 -0.5189702203053994 -0.2141471506169725 0
2737 0.2141471632349379 -0.5189705909730119 0
2738 0.5846682405334234 -0.0909418103403641 0
2739 -0.09094181033826014 -0.5846682405333127 0
2740 0.0909418103403641 0.5846682405334234 0
2741 -0.5846682405334234 0.0909418103403641 0
2742 -0.9473396057487715 -0.6703866702774126 0
2743 0.6703540506021705 -0.9473270282151371 0
2744 0.9473396057487715 0.6703866702774126 0
2745 -0.6703866702774126 0.9473396057487715 0
2746 0.4229054415197876 0.6870084442948424 0
2747 -0.6870084442948424 0.4229054415197876 0
2748 -0.4229054415197876 -0.6870084442948424 0
2749 0.6870083383764736 -0.4229054460091973 0
2750 -0.6200900543485549 -0.250465922437603 0
2751 0.6200900543485549 0.250465922437603 0
2752 -0.250465922437603 0.6200900543485549 0
2753 0.2504522225266921 -0.6200983024596461 0
2754 0.586255964505453 -0.7785702225192678 0
2755 0.653321140235781 -0.8019665211175875 0
2756 -0.6533302158717266 0.8019659439218035 0
2757 -0.8019659439218035 -0.6533302158717266 0
2758 0.8019659439218035 0.6533302158717266 0
2759 -0.4631054301324157 -0.2406307364781424 0
2760 0.2406307374678214 -0.4631055472972425 0
2761 -0.2406307364781424 0.4631054301324157 0
2762 0.4631054301324157 0.2406307364781424 0
2763 -0.5863092384287383 0.7785661669211129 0
2764 -0.7785661669211129 -0.5863092384287383 0
2765 0.7785661669211129 0.5863092384287383 0
2766 0.1569684228915859 -0.7810275168724703 0
2767 0.3474774367339655 0.8068697161346899 0
2768 -0.8068697161346899 0.3474774367339655 0
2769 0.8068697161313695 -0.3474774367341062 0
2770 -0.3474774367339655 -0.8068697161346899 0
2771 -0.7810303787546411 -0.1569605943193972 0
2772 -0.1569605943193972 0.7810303787546411 0
2773 0.7810303787546411 0.1569605943193972 0
2774 -0.8483250661087557 -0.3979387699672509 0
2775 0.8483250661087557 0.3979387699672509 0
2776 -0.3979387699672509 0.8483250661087557 0
2777 0.01556648753146897 -0.8047310060313547 0
2778 0.8047310159765892 0.01556636069401591 0
2779 -0.8047310159765892 -0.01556636069401591 0
2780 -0.01556636069401591 0.8047310159765892 0
2781 0.6581161300514942 -0.127058157072354 0
2782 0.127058157072354 0.6581161300514942 0
2783 -0.6581161300514942 0.127058157072354 0
2784 -0.1270581570677092 -0.6581161300512497 0
2785 0.05227371313400372 -0.8470094492460113 0
2786 0.847019133449626 0.0523129760169073 0
2787 -0.847019133449626 -0.0523129760169073 0
2788 -0.0523129760169073 0.847019133449626 0
2789 -0.7028504027469072 -0.407804925623967 0
2790 0.7028504027469072 0.407804925623967 0
2791 -0.407804925623967 0.7028504027469072 0
2792 -0.6723293344706338 -0.2429123037781342 0
2793 0.6723293344706338 0.2429123037781342 0
2794 -0.2429123037781342 0.6723293344706338 0
2795 0.242872783274852 -0.6723431789190488 0
2796 0.7705611851995319 0.7877343856146082 0
2797 -0.7705611851995319 -0.7877343856146082 0
2798 0.787734383581893 -0.7705611852856897 0
2799 -0.7877343856146082 0.7705611851995319 0
2800 0.508225749030924 0.8158202524791018 0
2801 -0.8158202524791018 0.508225749030924 0
2802 0.8158202523105343 -0.5082257490380689 0
2803 -0.508225749030924 -0.8158202524791018 0
2804 0.9763674721326678 -0.3160444262088456 0
2805 -0.9763674721326682 0.3160444262088456 0
2806 -0.3160444262086358 -0.9763674721326568 0
2807 0.3160444262088456 0.9763674721326682 0
2808 0.8229481345016966 -0.3182431522051405 0
2809 -0.3182431522050893 -0.8229481345028661 0
2810 0.3182431522050909 0.8229481345028664 0
2811 -0.8229481345028664 0.3182431522050909 0
2812 0.1126258902500413 -0.8744028239839006 0
2813 0.870538645193385 0.1081686098600874 0
2814 -0.870538645193385 -0.1081686098600874 0
2815 -0.1081686098600874 0.870538645193385 0
2816 0.6774725432778811 0.8405505542341519 0
2817 -0.6774725432778811 -0.8405505542341519 0
2818 -0.8405505542341519 0.6774725432778811 0
2819 0.8405505533385934 -0.6774725433158397 0
2820 0.412955157559374 -0.6403951486937449 0
2821 -0.01692568208171496 0.5436033435355083 0
2822 0.0169256820825854 -0.5436033435354626 0
2823 -0.5436033435355083 -0.01692568208171496 0
2824 0.5436033435355083 0.01692568208171496 0
2825 0.02296755942401126 -0.8983984823188615 0
2826 0.8983988077172003 0.02296617712248773 0
2827 -0.8983988077172003 -0.02296617712248773 0
2828 -0.02296617712248773 0.8983988077172003 0
2829 0.7012161561397069 -0.764288672367604 0
2830 -0.7012181059062133 0.764287800230175 0
2831 0.764287800230175 0.7012181059062133 0
2832 -0.764287800230175 -0.7012181059062133 0
2833 0.3796119723975423 0.6529076816977023 0
2834 0.6529074832763612 -0.379611995163062 0
2835 -0.3796119723975423 -0.6529076816977023 0
2836 -0.6529076816977023 0.3796119723975423 0
2837 0.3086191737873875 -0.6570560514825156 0
2838 0.01927428089281786 0.5189902241712364 0
2839 -0.5189902241712364 0.01927428089281786 0
2840 -0.01927428089261195 -0.5189902241712256 0
2841 0.5189902241712364 -0.01927428089281786 0
2842 -0.7883746825966589 -0.1800158009708597 0
2843 -0.1800158009708597 0.7883746825966589 0
2844 0.7883746825966589 0.1800158009708597 0
2845 0.1800343838561031 -0.7883333398302417 0
2846 0.5174790058244854 0.7128008169957171 0
2847 -0.7128008169957171 0.5174790058244854 0
2848 -0.5174790058244854 -0.7128008169957171 0
2849 0.7128007541551513 -0.5174790084880182 0
2850 0.3393906919005275 -0.7718986146004171 0
2851 0.7453448131121431 0.9513102182898177 0
2852 -0.7453448131121431 -0.9513102182898177 0
2853 -0.9513102182898177 0.7453448131121431 0
2854 0.9513102182898177 -0.7453448131121431 0
2855 -0.626486248329624 0.1256340492695807 0
2856 0.1256340492695807 0.626486248329624 0
2857 0.626486248329624 -0.1256340492695807 0
2858 -0.1256340492668427 -0.6264862483294799 0
2859 0.7618871899329092 -0.5757878386080335 0
2860 -0.575787834212713 -0.7618872936134179 0
2861 -0.7618872936134179 0.575787834212713 0
2862 0.575787834212713 0.7618872936134179 0
2863 -0.6570314662675231 0.07119416535066531 0
2864 0.07119416535066531 0.6570314662675231 0
2865 -0.07119416519652505 -0.6570314662594131 0
2866 0.6570314662675231 -0.07119416535066531 0
2867 -0.6686887523608037 -0.3467396460962383 0
2868 -0.3467396460962383 0.6686887523608037 0
2869 0.6686887523608037 0.3467396460962383 0
2870 -0.6562083708439221 -0.3099045358547772 0
2871 0.6562083708439221 0.3099045358547772 0
2872 -0.3099045358547772 0.6562083708439221 0
2873 -0.8252021024145636 -0.2676735331268554 0
2874 0.8252021024145636 0.2676735331268554 0
2875 -0.2676735331268554 0.8252021024145636 0
2876 -0.5694361928714547 -0.2471181884412353 0
2877 0.5694361928714547 0.2471181884412353 0
2878 -0.2471181884412353 0.5694361928714547 0
2879 0.2471145090415924 -0.5694469002728296 0
2880 -0.5110405622792993 -0.2417010617825295 0
2881 0.241701090916959 -0.5110421228723404 0
2882 -0.2417010617825295 0.5110405622792993 0
2883 0.5110405622792993 0.2417010617825295 0
2884 -0.8667671028505188 0.6842748846792275 0
2885 0.6842748846792275 0.8667671028505188 0
2886 -0.6842748846792275 -0.8667671028505188 0
2887 0.8667671028505188 -0.6842748846792275 0
2888 0.2345515043514716 0.6687427085943435 0
2889 0.6687427085679649 -0.2345515043525897 0
2890 -0.2345515043514716 -0.6687427085943435 0
2891 -0.6687427085943435 0.2345515043514716 0
2892 -0.09730444111278058 -0.7321416036842284 0
2893 0.7321416036890673 -0.09730444120474753 0
2894 -0.7321416036890673 0.09730444120474753 0
2895 0.09730444120474753 0.7321416036890673 0
2896 0.4050162522138386 -0.687664399411124 0
2897 0.4808417483264777 -0.7274920058515808 0
2898 -0.6551349355216771 -0.4177952455053734 0
2899 -0.4177952455053734 0.6551349355216771 0
2900 0.6551349355216771 0.4177952455053734 0
2901 0.8150522471438779 -0.5411929105555442 0
2902 -0.815052247161501 0.5411929105547971 0
2903 0.5411929105547971 0.815052247161501 0
2904 -0.5411929105547971 -0.815052247161501 0
2905 0.6741663228882285 -0.4628502810180266 0
2906 -0.6741664790010959 0.4628502744010948 0
2907 0.4628502744010948 0.6741664790010959 0
2908 -0.4628502744010948 -0.6741664790010959 0
2909 -0.7684486448280778 -0.3319013844740157 0
2910 0.7684486448280778 0.3319013844740157 0
2911 -0.3319013844740157 0.7684486448280778 0
2912 0.7570440763550256 0.8683118913925867 0
2913 -0.7570440763550256 -0.8683118913925867 0
2914 0.8683118913925867 -0.7570440763550256 0
2915 -0.8683118913925867 0.7570440763550256 0
2916 0.4307488477971058 0.6242089731463132 0
2917 -0.4307488477971058 -0.6242089731463132 0
2918 -0.6242089731463132 0.4307488477971058 0
2919 0.6242083019378347 -0.4307490178650571 0
2920 0.6730393533044673 -0.01693600873524754 0
2921 -0.01693600687590458 -0.6730393532066398 0
2922 0.01693600873524754 0.6730393533044673 0
2923 -0.6730393533044673 0.01693600873524754 0
2924 0.5941544421101577 0.03624239045533805 0
2925 -0.03624239045533806 0.5941544421101577 0
2926 0.03624239049757792 -0.5941544421079353 0
2927 -0.5941544421101577 -0.03624239045533806 0
2928 0.4360212037844973 0.8441011361311744 0
2929 -0.8441011361311744 0.4360212037844973 0
2930 -0.4360212037844973 -0.8441011361311744 0
2931 0.8441011361311744 -0.4360212037844973 0
2932 0.2917108235664407 -0.5682691957121017 0
2933 0.8285735320660929 -0.8721046167053337 0
2934 -0.872104616836041 -0.8285735334305245 0
2935 0.872104616836041 0.8285735334305245 0
2936 -0.8285735334305245 0.872104616836041 0
2937 -0.5682166497903047 -0.2917312935604039 0
2938 0.5682166497903047 0.2917312935604039 0
2939 -0.2917312935604039 0.5682166497903047 0
2940 0.6334114770291835 -0.8177132889386277 0
2941 -0.8177138411313988 -0.6334308195173921 0
2942 -0.6334308195173921 0.8177138411313988 0
2943 0.8177138411313988 0.6334308195173921 0
2944 -0.9391057498098367 -0.697963299209895 0
2945 0.6979527127790224 -0.9391010262223206 0
2946 0.9391057498098367 0.697963299209895 0
2947 -0.697963299209895 0.9391057498098367 0
2948 0.2487509883508302 0.5387354887663847 0
2949 -0.5387354887663847 0.2487509883508302 0
2950 0.5387354632899407 -0.248750990601111 0
2951 -0.2487509883508302 -0.5387354887663847 0
2952 -0.2152272575586406 0.5677511106128584 0
2953 0.5677511106128584 0.2152272575586406 0
2954 -0.5677511106128584 -0.2152272575586406 0
2955 0.2152260414870555 -0.5677542394689223 0
2956 0.8171891210381007 -0.5945610198941672 0
2957 0.5945610198941672 0.8171891210381007 0
2958 -0.8171891210381007 0.5945610198941672 0
2959 -0.5945610198941672 -0.8171891210381007 0
2960 -0.02373994323890464 -0.7877722429899058 0
2961 0.02373994990931765 0.7877722433408632 0
2962 -0.7877722433408632 0.02373994990931765 0
2963 0.7877722433408632 -0.02373994990931765 0
2964 0.1799747830725817 0.8798395855059514 0
2965 -0.1799747830001105 -0.8798395855021385 0
2966 0.8798395855059514 -0.1799747830725817 0
2967 -0.8798395855059514 0.1799747830725817 0
2968 0.2936203137821579 0.492603254773752 0
2969 -0.492603254773752 0.2936203137821579 0
2970 0.4926030651502746 -0.2936203458855079 0
2971 -0.2936203137821579 -0.492603254773752 0
2972 -0.8275224684469581 0.2402364273086106 0
2973 0.8275224684468607 -0.2402364273086147 0
2974 -0.2402364273031967 -0.8275224684466733 0
2975 0.2402364273086106 0.8275224684469581 0
2976 0.8666594558342501 0.7621167798616427 0
2977 -0.8666594558342501 -0.7621167798616427 0
2978 0.7621166302599631 -0.8666594369302013 0
2979 -0.7621167798616427 0.8666594558342501 0
2980 0.2778473054961362 -0.8234072063079826 0
2981 0.3881528293823378 -0.6206705931200115 0
2982 0.8754132223001676 -0.5551594557174044 0
2983 -0.5551594557174044 -0.8754132223001676 0
2984 0.5551594557174044 0.8754132223001676 0
2985 -0.8754132223001676 0.5551594557174044 0
2986 -0.09791524266149959 -0.6993999028669924 0
2987 0.6993999028693868 -0.09791524270700562 0
2988 -0.6993999028693868 0.09791524270700562 0
2989 0.09791524270700562 0.6993999028693868 0
2990 0.6091965349146485 -0.8339886181480956 0
2991 -0.6092361406913785 0.8340135464240955 0
2992 0.8340135464240955 0.6092361406913785 0
2993 -0.8340135464240955 -0.6092361406913785 0
2994 0.126570091977512 0.8447985799555257 0
2995 0.8447985799555252 -0.126570091977512 0
2996 -0.1265700918402081 -0.8447985799483017 0
2997 -0.8447985799555257 0.126570091977512 0
2998 -0.9693626279957491 -0.6503598917523296 0
2999 0.6503044533811888 -0.9691779647792631 0
3000 0.9693626279957491 0.6503598917523296 0
3001 -0.6503598917523296 0.9693626279957491 0
3002 0.7389867031148066 -0.5281713301599583 0
3003 -0.5281713292691593 -0.7389867241313701 0
3004 -0.7389867241313701 0.5281713292691593 0
3005 0.5281713292691593 0.7389867241313701 0
3006 -0.8672210039431679 0.4919556470068278 0
3007 0.4919556470068278 0.8672210039431679 0
3008 0.8672210039372565 -0.4919556470070782 0
3009 -0.4919556470068278 -0.8672210039431679 0
3010 -0.64687965636663 0.9351128297277446 0
3011 -0.9351128297277446 -0.64687965636663 0
3012 0.6467902197396405 -0.9350778941328972 0
3013 0.9351128297277446 0.64687965636663 0
3014 -0.9211074795802666 -0.6713426409577968 0
3015 -0.6713426409577968 0.9211074795802666 0
3016 0.9211074795802666 0.6713426409577968 0
3017 0.6713016983012084 -0.9210865164242211 0
3018 -0.2919276434192459 0.9062560248557675 0
3019 0.9062560248557675 0.2919276434192459 0
3020 -0.9062560248557675 -0.2919276434192459 0
3021 0.4821738553036424 0.765065575875013 0
3022 0.7650655644864528 -0.4821738557863529 0
3023 -0.4821738553036424 -0.765065575875013 0
3024 -0.765065575875013 0.4821738553036424 0
3025 -0.9186441110303419 -0.7810848469239771 0
3026 0.7810848469239771 -0.9186441110303419 0
3027 -0.7810848469239771 0.9186441110303419 0
3028 0.9186441110303419 0.7810848469239771 0
3029 0.8225012621138542 0.7972193714495998 0
3030 -0.8225012621138542 -0.7972193714495998 0
3031 0.7972193631421782 -0.8225012616102063 0
3032 -0.7972193714495998 0.8225012621138542 0
3033 -0.01198024262993158 -0.8074086706961671 0
3034 0.01198025976776024 0.8074086715978575 0
3035 -0.8074086715978575 0.01198025976776024 0
3036 0.8074086715978575 -0.01198025976776024 0
3037 -0.3080466402553382 0.8278107648005828 0
3038 0.8278107648005828 0.3080466402553382 0
3039 -0.8278107648005828 -0.3080466402553382 0
3040 0.06902515471930733 -0.9499477464926811 0
3041 -0.06900893608899961 0.9499519272058581 0
3042 -0.9499519272058581 -0.06900893608899961 0
3043 0.9499519272058581 0.06900893608899961 0
3044 -0.6756053038780944 -0.3757033366259321 0
3045 0.6756053038780944 0.3757033366259321 0
3046 -0.3757033366259321 0.6756053038780944 0
3047 0.7800729189330311 -0.7988844860965786 0
3048 -0.7988844859966001 -0.7800729212918158 0
3049 -0.7800729212918158 0.7988844859966001 0
3050 0.7988844859966001 0.7800729212918158 0
3051 0.6373640004016025 -0.8448720271388198 0
3052 -0.8448831825418388 -0.6373914818439755 0
3053 0.8448831825418388 0.6373914818439755 0
3054 -0.6373914818439755 0.8448831825418388 0
3055 0.6753153979039945 -0.782253622974863 0
3056 -0.6753193392600577 0.7822528317900224 0
3057 -0.7822528317900224 -0.6753193392600577 0
3058 0.7822528317900224 0.6753193392600577 0
3059 0.3440125805136209 -0.6756488259658976 0
3060 0.8988662693298345 -0.7278242647995553 0
3061 -0.8988662693298345 0.7278242647995553 0
3062 0.7278242647995553 0.8988662693298345 0
3063 -0.7278242647995553 -0.8988662693298345 0
3064 0.7555787080183386 -0.8992399162263047 0
3065 -0.7555790184560228 0.8992399806691708 0
3066 -0.8992399806691708 -0.7555790184560228 0
3067 0.8992399806691708 0.7555790184560228 0
3068 -0.3570591178910865 -0.8539530064202228 0
3069 0.8539530064195774 -0.3570591178911139 0
3070 -0.8539530064202228 0.3570591178910865 0
3071 0.3570591178910865 0.8539530064202228 0
3072 -0.5207503344072637 0.05059027740523037 0
3073 -0.05059027740471326 -0.5207503344072365 0
3074 0.05059027740523037 0.5207503344072637 0
3075 0.5207503344072637 -0.05059027740523037 0
3076 -0.4819281822488718 0.7136225679008683 0
3077 0.7136225679008683 0.4819281822488718 0
3078 -0.7136225679008683 -0.4819281822488718 0
3079 -0.4030554309885473 0.9069939309309305 0
3080 0.9069939309309305 0.4030554309885473 0
3081 -0.9069939309309305 -0.4030554309885473 0
3082 -0.1889269855657003 0.6752136747049481 0
3083 0.6752136747049481 0.1889269855657003 0
3084 -0.6752136747049481 -0.1889269855657003 0
3085 0.1889278660838102 -0.675213656179932 0
3086 0.05188167743565456 -0.6176403643964617 0
3087 -0.6176403644517326 -0.05188167638515775 0
3088 -0.05188167638515775 0.6176403644517326 0
3089 0.6176403644517326 0.05188167638515775 0
3090 -0.9453472883776119 0.946243370104905 0
3091 0.946243370104905 0.9453472883776119 0
3092 -0.946243370104905 -0.9453472883776119 0
3093 0.9453472883776119 -0.946243370104905 0
3094 0.04783759505334188 -0.6925692755152386 0
3095 0.6925692762632301 0.04783758083676613 0
3096 -0.6925692762632301 -0.04783758083676613 0
3097 -0.04783758083676613 0.6925692762632301 0
3098 0.3307925073321967 -0.846212421292087 0
3099 -0.8237548939383817 0.6487035857289183 0
3100 0.6487035857289183 0.8237548939383817 0
3101 0.8237548919766483 -0.6487035858120676 0
3102 -0.6487035857289183 -0.8237548939383817 0
3103 -0.8266951715248974 0.2679445592827839 0
3104 0.8266951715246357 -0.267944559282795 0
3105 0.2679445592827839 0.8266951715248974 0
3106 -0.2679445592825861 -0.8266951715248869 0
3107 -0.1801054635867211 -0.6122117873632164 0
3108 0.6122117873632164 -0.1801054635867211 0
3109 -0.6122117873632164 0.1801054635867211 0
3110 0.1801054635867211 0.6122117873632164 0
3111 -0.6189204543637307 -0.375820023969252 0
3112 0.6189204543637307 0.375820023969252 0
3113 -0.375820023969252 0.6189204543637307 0
3114 0.6810357132452201 0.7220577908434306 0
3115 0.7220572211127522 -0.6810357691541246 0
3116 -0.7220577908434306 0.6810357132452201 0
3117 -0.6810357132452201 -0.7220577908434306 0
3118 -0.6357557568554812 0.764575659799094 0
3119 -0.764575659799094 -0.6357557568554812 0
3120 0.764575659799094 0.6357557568554812 0
3121 0.6357449968448233 -0.7645796766280375 0
3122 0.724605131448705 -0.3586475745516549 0
3123 -0.3586475745207393 -0.7246051321780951 0
3124 -0.7246051321780951 0.3586475745207393 0
3125 0.3586475745207393 0.7246051321780951 0
3126 0.6700476675617274 -0.1822124144215005 0
3127 -0.1822124144215005 -0.6700476675617274 0
3128 0.1822124144215005 0.6700476675617274 0
3129 -0.6700476675617274 0.1822124144215005 0
3130 0.8897515603389561 -0.1025217642299795 0
3131 0.1025217642299795 0.8897515603389561 0
3132 -0.8897515603389561 0.1025217642299795 0
3133 -0.1025217600335311 -0.8897515596654658 0
3134 0.2829875909345944 -0.9009456157387806 0
3135 0.8334460295048994 0.1745624484291136 0
3136 -0.1745624484291136 0.8334460295048994 0
3137 -0.8334460295048994 -0.1745624484291136 0
3138 0.1751061462719861 -0.8334401389614278 0
3139 0.3044278254582172 -0.8015153295534291 0
3140 0.7063607064927616 -0.7014249948276229 0
3141 -0.7014248232446159 -0.7063615756869885 0
3142 0.7014248232446159 0.7063615756869885 0
3143 -0.7063615756869885 0.7014248232446159 0
3144 -0.1733899477694227 0.596741254247684 0
3145 0.1733899316240182 -0.5967415552182722 0
3146 0.596741254247684 0.1733899477694227 0
3147 -0.596741254247684 -0.1733899477694227 0
3148 -0.8774723404193817 0.6120672875733387 0
3149 0.6120672875733387 0.8774723404193817 0
3150 -0.6120672875733387 -0.8774723404193817 0
3151 0.8774723404193817 -0.6120672875733387 0
3152 -0.6897895694561701 -0.1553471805024348 0
3153 0.6897895694561701 0.1553471805024348 0
3154 -0.1553471805024348 0.6897895694561701 0
3155 0.1553482087587541 -0.6897894128734354 0
3156 0.5199867318776559 -0.9017011362236964 0
3157 -0.731068792243441 -0.4507333115771905 0
3158 0.731068792243441 0.4507333115771905 0
3159 -0.4507333115771905 0.731068792243441 0
3160 0.8777788293844221 -0.3046657834299447 0
3161 0.3046657834299447 0.8777788293844221 0
3162 -0.3046657834299447 -0.8777788293844221 0
3163 -0.8777788293844221 0.3046657834299447 0
3164 -0.9279416675955481 0.5711618279186588 0
3165 0.5711618279186588 0.9279416675955481 0
3166 -0.5711618279186588 -0.9279416675955481 0
3167 0.9279416675955481 -0.5711618279186588 0
3168 0.2478646056738071 -0.6483159292211867 0
3169 -0.2479124432443961 0.6483005361872552 0
3170 -0.6483005361872552 -0.2479124432443961 0
3171 0.6483005361872552 0.2479124432443961 0
3172 0.3841094572648157 -0.6448254187094091 0
3173 0.4447892423712558 -0.9234771711018596 0
3174 -0.7866065475707081 0.5046703553732906 0
3175 -0.5046703553732906 -0.7866065475707081 0
3176 0.786606543363465 -0.504670355551617 0
3177 0.5046703553732906 0.7866065475707081 0
3178 0.08706035730813887 -0.7318385357249717 0
3179 -0.7318385763027662 -0.08705995522137923 0
3180 0.7318385763027662 0.08705995522137923 0
3181 -0.08705995522137923 0.7318385763027662 0
3182 0.2945247296811659 -0.4925864280613535 0
3183 -0.4925815329075762 -0.2945250708285395 0
3184 0.4925815329075762 0.2945250708285395 0
3185 -0.2945250708285395 0.4925815329075762 0
3186 0.2554126733214416 -0.5963859266908378 0
3187 0.5963710188879705 0.2554201666018315 0
3188 -0.2554201666018315 0.5963710188879705 0
3189 -0.5963710188879705 -0.2554201666018315 0
3190 -0.8034373188946445 0.3889274322910321 0
3191 0.3889274322910321 0.8034373188946445 0
3192 0.8034373188709795 -0.3889274322920351 0
3193 -0.3889274322910321 -0.8034373188946445 0
3194 0.0002599688459615722 -0.7137727248323478 0
3195 -0.7137727251692254 -0.0002599624431501133 0
3196 -0.0002599624431501133 0.7137727251692254 0
3197 0.7137727251692254 0.0002599624431501133 0
3198 0.4929801784560032 -0.7801906759060747 0
3199 -0.4992340429357814 0.7710366436681232 0
3200 -0.7710366436681232 -0.4992340429357814 0
3201 0.7710366436681232 0.4992340429357814 0
3202 0.9397264219720505 0.4581603252129735 0
3203 -0.4581603252129735 0.9397264219720505 0
3204 -0.9397264219720505 -0.4581603252129735 0
3205 -0.2849372987383272 0.977599318433383 0
3206 0.977599318433383 0.2849372987383272 0
3207 -0.977599318433383 -0.2849372987383272 0
3208 -0.6514640407317543 0.2132625740444018 0
3209 0.651464040727986 -0.2132625740445615 0
3210 -0.2132625740444018 -0.6514640407317543 0
3211 0.2132625740444018 0.6514640407317543 0
3212 0.3878068057618931 -0.7638122959147386 0
3213 0.4626214078311603 -0.7698832011894901 0
3214 0.470177947425673 0.7308720016826461 0
3215 0.730871973380682 -0.4701779486252677 0
3216 -0.470177947425673 -0.7308720016826461 0
3217 -0.7308720016826461 0.470177947425673 0
3218 0.9041943170678038 -0.8846799314474845 0
3219 -0.8846799314474845 -0.9041943170678038 0
3220 -0.9041943170678038 0.8846799314474845 0
3221 0.8846799314474845 0.9041943170678038 0
3222 0.8454285662508915 -0.9029080494625639 0
3223 -0.9029080494625639 -0.8454285662508915 0
3224 0.9029080494625639 0.8454285662508915 0
3225 -0.8454285662508915 0.9029080494625639 0
3226 0.5631461338829445 -0.8489586187031817 0
3227 -0.8111288131498252 -0.6843370361416173 0
3228 0.8111288131498252 0.6843370361416173 0
3229 -0.6843370361416173 0.8111288131498252 0
3230 0.684333816416812 -0.8111289478169472 0
3231 -0.5630778955150849 0.8491127242531663 0
3232 0.8491127242531663 0.5630778955150849 0
3233 -0.8491127242531663 -0.5630778955150849 0
3234 0.3419353272330755 -0.8161229039929606 0
3235 0.6202785433175535 -0.06970128481247063 0
3236 -0.06970128478515968 -0.6202785433161165 0
3237 0.06970128481247063 0.6202785433175535 0
3238 -0.6202785433175535 0.06970128481247063 0
3239 0.2858228083334453 -0.54277631643587 0
3240 -0.5427546644118056 -0.2858261797422596 0
3241 0.5427546644118056 0.2858261797422596 0
3242 -0.2858261797422596 0.5427546644118056 0
3243 0.4838826680114143 -0.7038633275879309 0
3244 0.4954889139394789 0.9697202144158951 0
3245 -0.9697202144158951 0.4954889139394789 0
3246 -0.4954889139394789 -0.9697202144158951 0
3247 0.9697202144158951 -0.4954889139394789 0
3248 0.8917866593586803 -0.8603564843709816 0
3249 -0.8603564843709816 -0.8917866593586803 0
3250 -0.8917866593586803 0.8603564843709816 0
3251 0.8603564843709816 0.8917866593586803 0
3252 0.6650561870803163 -0.751263269645307 0
3253 -0.7512597598877864 -0.6650563634225997 0
3254 0.7512597598877864 0.6650563634225997 0
3255 -0.6650563634225997 0.7512597598877864 0
3256 -0.1525275262397798 0.6088037083296294 0
3257 0.1525275663133783 -0.6088037121611047 0
3258 0.6088037083296294 0.1525275262397798 0
3259 -0.6088037083296294 -0.1525275262397798 0
3260 -0.2792317332444567 -0.5176778789606906 0
3261 0.517677788289613 -0.2792317427770809 0
3262 -0.5176778789606906 0.2792317332444567 0
3263 0.2792317332444567 0.5176778789606906 0
3264 -0.8186849200395232 -0.717610712270962 0
3265 0.71760950521037 -0.8186848400367545 0
3266 0.8186849200395232 0.717610712270962 0
3267 -0.717610712270962 0.8186849200395232 0
3268 -0.4853231908075215 0.9051648330688383 0
3269 0.9051648330688383 0.4853231908075215 0
3270 -0.9051648330688383 -0.4853231908075215 0
3271 -0.7694747285418501 -0.4692913095813628 0
3272 0.7694747285418501 0.4692913095813628 0
3273 -0.4692913095813628 0.7694747285418501 0
3274 -0.2243343124037415 -0.5960282937482511 0
3275 0.5960282935902017 -0.2243343124104406 0
3276 -0.5960282937482511 0.2243343124037415 0
3277 0.2243343124037415 0.5960282937482511 0
3278 0.1746848236591846 0.5837305353937594 0
3279 -0.5837305353937594 0.1746848236591846 0
3280 0.5837305353937594 -0.1746848236591846 0
3281 -0.1746848236591846 -0.5837305353937594 0
3282 0.8984825365451266 0.05358671576786123 0
3283 -0.8984825365451266 -0.05358671576786123 0
3284 -0.05358671576786123 0.8984825365451266 0
3285 0.05339666254137427 -0.8984147547857041 0
3286 0.6411291557653832 -0.09725031701880267 0
3287 -0.0972503170051266 -0.6411291557646637 0
3288 0.09725031701880267 0.6411291557653832 0
3289 -0.6411291557653832 0.09725031701880267 0
3290 0.1990489174744719 -0.6277703858636303 0
3291 -0.1990486325320736 0.6277701410485309 0
3292 0.6277701410485309 0.1990486325320736 0
3293 -0.6277701410485309 -0.1990486325320736 0
3294 0.6306219984284674 -0.7897907158283329 0
3295 0.3707724448275703 -0.9090367613013286 0
3296 -0.6306409982283184 0.7897885811020565 0
3297 -0.7897885811020565 -0.6306409982283184 0
3298 0.7897885811020565 0.6306409982283184 0
3299 -0.6668013707974761 0.8592663557238523 0
3300 -0.8592663557238523 -0.6668013707974761 0
3301 0.6667855063651494 -0.8592519746149797 0
3302 0.8592663557238523 0.6668013707974761 0
3303 -0.7984097657728894 -0.9714462403392475 0
3304 0.9714462403392475 -0.7984097657728894 0
3305 -0.9714462403392475 0.7984097657728894 0
3306 0.7984097657728894 0.9714462403392475 0
3307 -0.1570734500773359 -0.7012711275056001 0
3308 0.7012711275056001 -0.1570734500773359 0
3309 -0.7012711275056001 0.1570734500773359 0
3310 0.1570734500773359 0.7012711275056001 0
3311 0.8462700839376865 -0.5211518710812392 0
3312 -0.5211518710809261 -0.8462700839450736 0
3313 0.5211518710809261 0.8462700839450736 0
3314 -0.8462700839450736 0.5211518710809261 0
3315 0.9145461439093993 -0.8450121593716575 0
3316 -0.8450121593716575 -0.9145461439093993 0
3317 -0.9145461439093993 0.8450121593716575 0
3318 0.8450121593716575 0.9145461439093993 0
3319 -0.04114648507968775 -0.8107884805625117 0
3320 0.8107884807944119 -0.04114648948726102 0
3321 -0.8107884807944119 0.04114648948726102 0
3322 0.04114648948726102 0.8107884807944119 0
3323 0.806196913412028 0.8467011488377358 0
3324 -0.806196913412028 -0.8467011488377358 0
3325 0.8467011488377358 -0.806196913412028 0
3326 -0.8467011488377358 0.806196913412028 0
3327 0.6306505888232831 -0.6890793592323353 0
3328 -0.5966412368926798 -0.2334205263395202 0
3329 0.5966412368926798 0.2334205263395202 0
3330 -0.2334205263395202 0.5966412368926798 0
3331 0.2334161642597161 -0.5966478076820617 0
3332 -0.6890749839334545 -0.6306526221506457 0
3333 0.6890749839334545 0.6306526221506457 0
3334 -0.6306526221506457 0.6890749839334545 0
3335 -0.01479225124002343 -0.6499267084701134 0
3336 -0.6499267085181232 0.01479225215251121 0
3337 0.6499267085181232 -0.01479225215251121 0
3338 0.01479225215251121 0.6499267085181232 0
3339 -0.8742912442133738 -0.6967602076629953 0
3340 -0.6967602076629953 0.8742912442133738 0
3341 0.8742912442133738 0.6967602076629953 0
3342 0.6967493015952303 -0.8742811588837911 0
3343 -0.129937684914699 -0.900180228709817 0
3344 -0.9001802287404893 0.1299376854976662 0
3345 0.1299376854976662 0.9001802287404893 0
3346 0.9001802287404893 -0.1299376854976662 0
3347 0.3951771742306249 -0.8913797521468924 0
3348 -0.5646668869958461 -0.4738447222370611 0
3349 0.5646668869958461 0.4738447222370611 0
3350 -0.4738447222370611 0.5646668869958461 0
3351 0.4739184584021701 -0.5647666820832441 0
3352 -0.4696756291164494 0.5894986484838747 0
3353 0.5894986484838747 0.4696756291164494 0
3354 -0.5894986484838747 -0.4696756291164494 0
3355 0.4699007792634124 -0.5896184689381621 0
3356 0.4539269813765248 -0.5482890982830037 0
3357 0.4808970538951035 -0.4417732095100087 0
3358 -0.4809002897743636 0.4417712722113117 0
3359 0.4417712722113117 0.4809002897743636 0
3360 -0.4417712722113117 -0.4809002897743636 0
3361 -0.5481732817942263 -0.4538631339185351 0
3362 -0.4538631339185351 0.5481732817942263 0
3363 0.5481732817942263 0.4538631339185351 0
3364 0.4985761663359778 -0.3942504203294512 0
3365 -0.4985777949308102 0.3942500722442463 0
3366 -0.3942500722442463 -0.4985777949308102 0
3367 0.3942500722442463 0.4985777949308102 0
3368 0.4990109033580065 -0.4508789301675506 0
3369 -0.4990138931345937 0.4508763231550262 0
3370 -0.4508763231550262 -0.4990138931345937 0
3371 0.4508763231550262 0.4990138931345937 0
3372 -0.3092171825157421 0.9778300277199996 0
3373 0.9778300277199996 0.3092171825157421 0
3374 -0.9778300277199996 -0.3092171825157421 0
3375 0.4518550327904503 -0.5998612274217627 0
3376 0.6001415415101484 0.4501865973608574 0
3377 -0.4501865973608574 0.6001415415101484 0
3378 -0.6001415415101484 -0.4501865973608574 0
3379 0.1287327970582231 -0.514584950821861 0
3380 -0.5145849479537827 -0.128732796957104 0
3381 -0.128732796957104 0.5145849479537827 0
3382 0.5145849479537827 0.128732796957104 0
3383 0.3832652331102652 0.409265722859028 0
3384 -0.3832652331102652 -0.409265722859028 0
3385 -0.409265722859028 0.3832652331102652 0
3386 0.4092647411402097 -0.3832668815618631 0
3387 0.1973130943700749 -0.9175064336032495 0
3388 0.4515242752804047 0.4582591469929917 0
3389 -0.4515242752804047 -0.4582591469929917 0
3390 -0.4582591469929917 0.4515242752804047 0
3391 0.4582553607496166 -0.4515270299152418 0
3392 -0.1903049533054892 0.9707978456468064 0
3393 0.9707978456468064 0.1903049533054892 0
3394 -0.9707978456468064 -0.1903049533054892 0
3395 0.4451508498279697 -0.4101525675455667 0
3396 0.410151569822256 0.4451529333309077 0
3397 -0.4451529333309077 0.410151569822256 0
3398 -0.410151569822256 -0.4451529333309077 0
3399 0.2494236068546003 -0.9711508744139 0
3400 0.4226987234533405 -0.5600281886266014 0
3401 -0.422313226475223 0.5596301889877748 0
3402 -0.5596301889877748 -0.422313226475223 0
3403 0.5596301889877748 0.422313226475223 0
3404 0.4720447868411241 -0.4962485024456367 0
3405 -0.4962308802915402 -0.4720415322749963 0
3406 -0.4720415322749963 0.4962308802915402 0
3407 0.4962308802915402 0.4720415322749963 0
3408 0.5155863843050483 0.4843461355484289 0
3409 -0.4843461355484289 0.5155863843050483 0
3410 -0.5155863843050483 -0.4843461355484289 0
3411 0.4843611200179082 -0.5156187071987709 0
3412 0.9778697195395866 0.3617514333441457 0
3413 -0.9778697195395866 -0.3617514333441457 0
3414 -0.3617514333441457 0.9778697195395866 0
3415 0.5121964674590798 -0.471249788446962 0
3416 0.4712440875326466 0.5121981135505048 0
3417 -0.4712440875326466 -0.5121981135505048 0
3418 -0.5121981135505048 0.4712440875326466 0
3419 0.9783373230450958 0.01457319342934556 0
3420 -0.9783373230450958 -0.01457319342934556 0
3421 -0.01457319342934556 0.9783373230450958 0
3422 0.0145761804152678 -0.9783365252721831 0
3423 0.4896001465526832 -0.9758661904952145 0
3424 0.4331976075109421 -0.4596346829474472 0
3425 0.4596285932174571 0.4332005121492761 0
3426 -0.4596285932174571 -0.4332005121492761 0
3427 -0.4332005121492761 0.4596285932174571 0
3428 0.3975050511688639 0.9640197368455145 0
3429 -0.3975050511688633 -0.9640197368455145 0
3430 -0.9640197368455145 0.3975050511688639 0
3431 0.9640197368455145 -0.3975050511688639 0
3432 0.4530260320948876 -0.4774988216141753 0
3433 0.4774871686466517 0.4530263186942483 0
3434 -0.4530263186942483 0.4774871686466517 0
3435 -0.4774871686466517 -0.4530263186942483 0
3436 0.4622167534349446 -0.314617694668307 0
3437 -0.4622171426866938 0.3146175074610363 0
3438 0.3146175074610363 0.4622171426866938 0
3439 -0.3146175074610363 -0.4622171426866938 0
3440 -0.7711537643530514 -0.04715745082430243 0
3441 0.7711537643530514 0.04715745082430243 0
3442 -0.04715745082430243 0.7711537643530514 0
3443 0.04715763199648099 -0.7711537548208515 0
3444 0.7300356502604345 -0.8776673560359035 0
3445 -0.7300390008395726 0.8776696644444174 0
3446 -0.8776696644444174 -0.7300390008395726 0
3447 0.8776696644444174 0.7300390008395726 0
3448 0.1752495554750365 -0.4908423383278757 0
3449 -0.4908422519618594 -0.1752495533220006 0
3450 -0.1752495533220006 0.4908422519618594 0
3451 0.4908422519618594 0.1752495533220006 0
3452 0.1189316191400611 -0.9771548024253283 0
3453 -0.1191834887906673 0.9767825809486178 0
3454 -0.9767825809486178 -0.1191834887906673 0
3455 0.9767825809486178 0.1191834887906673 0
3456 0.4991558833913123 -0.4973948769157746 0
3457 0.4973786217475785 0.4991511160398487 0
3458 -0.4973786217475785 -0.4991511160398487 0
3459 -0.4991511160398487 0.4973786217475785 0
3460 0.2719743127607897 0.6333525018318626 0
3461 -0.6333525018318626 0.2719743127607897 0
3462 -0.2719743127607897 -0.6333525018318626 0
3463 0.6333524874299513 -0.2719743137401311 0
3464 0.9563613550797129 -0.4246965531226916 0
3465 -0.9563613550797131 0.4246965531226916 0
3466 0.4246965531226916 0.9563613550797131 0
3467 -0.4246965531226915 -0.9563613550797131 0
3468 0.9771650926302938 0.5039555726372625 0
3469 -0.5039555726372625 0.9771650926302938 0
3470 -0.9771650926302938 -0.5039555726372625 0
3471 -0.3786094066270609 -0.8536051084063295 0
3472 0.8536051084050618 -0.3786094066271147 0
3473 -0.8536051084063295 0.3786094066270609 0
3474 0.3786094066270609 0.8536051084063295 0
3475 -0.07700709015930336 -0.5159761255868212 0
3476 0.07700709015960165 0.5159761255868368 0
3477 -0.5159761255868368 0.07700709015960165 0
3478 0.5159761255868368 -0.07700709015960165 0
3479 0.6255700280284203 -0.3642495056870507 0
3480 -0.6255703054540649 0.3642494513016736 0
3481 -0.3642494513016736 -0.6255703054540649 0
3482 0.3642494513016736 0.6255703054540649 0
3483 -0.001202050847024321 -0.9506032745266729 0
3484 0.9506035291773457 -0.001203064157689012 0
3485 -0.9506035291773457 0.001203064157689012 0
3486 0.001203064157689012 0.9506035291773457 0
3487 0.03646478383129233 -0.8187836800669925 0
3488 0.8187850997004815 0.03647008102148597 0
3489 -0.8187850997004815 -0.03647008102148597 0
3490 -0.03647008102148597 0.8187850997004815 0
3491 0.9744611117536981 0.08152568089659946 0
3492 -0.9744611117536981 -0.08152568089659946 0
3493 -0.08152568089659946 0.9744611117536981 0
3494 0.08149204666524644 -0.9745210338127372 0
3495 -0.4942540106564793 0.3697202294169176 0
3496 -0.3697202294169176 -0.4942540106564793 0
3497 0.3697202294169176 0.4942540106564793 0
3498 0.4942530346192057 -0.3697203913279105 0
3499 -0.3710680626243555 0.8905660623413839 0
3500 0.8905660623413839 0.3710680626243555 0
3501 -0.8905660623413839 -0.3710680626243555 0
3502 0.4008806333163628 -0.7928393338955431 0
3503 -0.5584835868716691 -0.5249911591107466 0
3504 -0.5249911591107466 0.5584835868716691 0
3505 0.5584835868716691 0.5249911591107466 0
3506 0.5250087187432195 -0.5585089945461101 0
3507 0.6314286926257242 -0.8891572322801281 0
3508 0.5220683594040769 -0.3702788300794284 0
3509 -0.5220692996363845 0.3702786219441566 0
3510 -0.3702786219441566 -0.5220692996363845 0
3511 0.3702786219441566 0.5220692996363845 0
3512 -0.8892955044324053 -0.6314642848669491 0
3513 0.8892955044324053 0.6314642848669491 0
3514 -0.6314642848669491 0.8892955044324053 0
3515 0.9700688545300001 -0.4452860822278611 0
3516 -0.9700688545300001 0.4452860822278611 0
3517 0.4452860822278611 0.9700688545300001 0
3518 -0.4452860822278611 -0.9700688545300001 0
3519 0.5005851110792265 0.5305387729143231 0
3520 -0.5305387729143231 0.5005851110792265 0
3521 -0.5005851110792265 -0.5305387729143231 0
3522 0.5305409866223023 -0.500596262376662 0
3523 0.5535827942187869 -0.9707912744010597 0
3524 -0.6250911474080525 -0.9769534980606857 0
3525 -0.9769534980606857 0.6250911474080525 0
3526 0.6250911474080525 0.9769534980606857 0
3527 0.9769534980606857 -0.6250911474080525 0
3528 0.1246964400384509 -0.693889958446873 0
3529 -0.124695847287482 0.6938900438558094 0
3530 -0.6938900438558094 -0.124695847287482 0
3531 0.6938900438558094 0.124695847287482 0
3532 -0.4825871206684612 0.5391050010414317 0
3533 0.5391050010414317 0.4825871206684612 0
3534 -0.5391050010414317 -0.4825871206684612 0
3535 0.4826232278247846 -0.5391646381752501 0
3536 -0.09809943533137666 -0.9384989793912358 0
3537 -0.9384989839255028 0.09809945626513188 0
3538 0.09809945626513188 0.9384989839255028 0
3539 0.9384989839255028 -0.09809945626513188 0
3540 -0.4330179129439927 0.9080297628905701 0
3541 0.9080297628905701 0.4330179129439927 0
3542 -0.9080297628905701 -0.4330179129439927 0
3543 0.09156655108943453 -0.8928206696069126 0
3544 0.8888587239651217 0.09039360729903552 0
3545 -0.8888587239651217 -0.09039360729903552 0
3546 -0.09039360729903552 0.8888587239651217 0
3547 0.2493817532279205 -0.9267857376591999 0
3548 0.4701394639271063 -0.956912215703614 0
3549 -0.2089032331382954 -0.8886812053540556 0
3550 0.2089032331763878 0.8886812053560598 0
3551 -0.8886812053560598 0.2089032331763878 0
3552 0.8886812053560581 -0.2089032331763879 0
3553 0.5385638128449972 -0.7853108573135926 0
3554 -0.06781938953079104 -0.5729678745542799 0
3555 0.06781938953522142 0.572967874554513 0
3556 -0.572967874554513 0.06781938953522142 0
3557 0.572967874554513 -0.06781938953522142 0
3558 0.4364865109035958 -0.5285616104621347 0
3559 -0.4364032239475102 0.5284380331558968 0
3560 0.5284380331558968 0.4364032239475102 0
3561 -0.5284380331558968 -0.4364032239475102 0
3562 0.4459317957214091 -0.5025806014455335 0
3563 -0.3838241886751619 -0.4673508243220462 0
3564 0.3838241886751619 0.4673508243220462 0
3565 -0.4673508243220462 0.3838241886751619 0
3566 0.4673493688515098 -0.3838248405345644 0
3567 0.5025400355013764 0.4459131866432433 0
3568 -0.5025400355013764 -0.4459131866432433 0
3569 -0.4459131866432433 0.5025400355013764 0
3570 0.6642766148102157 -0.3239977501880744 0
3571 -0.6642766293716319 0.3239977495685971 0
3572 -0.3239977495685971 -0.6642766293716319 0
3573 0.3239977495685971 0.6642766293716319 0
3574 -0.4303761090557686 -0.3964714007690059 0
3575 -0.3964714007690059 0.4303761090557686 0
3576 0.4303761090557686 0.3964714007690059 0
3577 0.396470013176852 -0.4303805406868327 0
3578 0.4703112375847299 -0.4202914230251519 0
3579 0.4202901886338827 0.4703137918319696 0
3580 -0.4202901886338827 -0.4703137918319696 0
3581 -0.4703137918319696 0.4202901886338827 0
3582 -0.1050811712385181 0.6754602636994494 0
3583 0.6754602636994494 0.1050811712385181 0
3584 -0.6754602636994494 -0.1050811712385181 0
3585 0.1050813562706693 -0.6754602425969984 0
3586 0.115283139036705 -0.9251289449669108 0
3587 -0.1149920354488059 0.9178850005829226 0
3588 -0.9178850005829226 -0.1149920354488059 0
3589 0.9178850005829226 0.1149920354488059 0
3590 -0.6823866951701812 -0.9761114100267116 0
3591 -0.9761114100267116 0.6823866951701812 0
3592 0.6823866951701812 0.9761114100267116 0
3593 0.9761114100267116 -0.6823866951701812 0
3594 -0.5213853328071145 0.448132661363273 0
3595 0.448132661363273 0.5213853328071145 0
3596 -0.448132661363273 -0.5213853328071145 0
3597 0.5213831530835377 -0.4481351571923123 0
3598 0.1434750186167712 0.5105117755002097 0
3599 -0.1434750186167672 -0.5105117755002094 0
3600 -0.5105117755002097 0.1434750186167712 0
3601 0.5105117755002097 -0.1434750186167712 0
3602 0.274494011716013 -0.9689669737426403 0
3603 0.57251952110257 -0.5351292737880842 0
3604 -0.5351254815515517 -0.5725238818808253 0
3605 -0.5725238818808253 0.5351254815515517 0
3606 0.5351254815515517 0.5725238818808253 0
3607 0.3726427733363343 -0.4675202237948343 0
3608 0.1512900267338025 -0.9775693396771089 0
3609 -0.4675046166232645 -0.372643168750707 0
3610 -0.372643168750707 0.4675046166232645 0
3611 0.4675046166232645 0.372643168750707 0
3612 -0.1736713711541866 -0.5026424135481617 0
3613 0.5026424105425004 -0.1736713716205147 0
3614 -0.5026424135481617 0.1736713711541875 0
3615 0.1736713711541875 0.5026424135481617 0
3616 0.1353409328294496 -0.8734426835173974 0
3617 -0.4255543343855694 0.593000519597136 0
3618 -0.593000519597136 -0.4255543343855694 0
3619 0.593000519597136 0.4255543343855694 0
3620 0.5443502084496484 -0.3086680316220596 0
3621 0.3086680099511651 0.5443504092702854 0
3622 -0.3086680099511651 -0.5443504092702854 0
3623 -0.5443504092702854 0.3086680099511651 0
3624 -0.2105464540327023 0.8846594620027769 0
3625 0.8846594620027769 0.2105464540327023 0
3626 -0.8846594620027769 -0.2105464540327023 0
3627 0.9729006824988188 0.4722007168401201 0
3628 -0.9729006824988188 -0.4722007168401201 0
3629 -0.4722007168401201 0.9729006824988188 0
3630 0.9734575212229576 0.1581486433829332 0
3631 -0.1581486433829332 0.9734575212229576 0
3632 -0.9734575212229576 -0.1581486433829332 0
3633 0.4174118752939874 -0.4391882209789285 0
3634 0.4391841439872118 0.4174139981228587 0
3635 -0.4174139981228587 0.4391841439872118 0
3636 -0.4391841439872118 -0.4174139981228587 0
3637 0.4284927765959423 -0.593323397856135 0
3638 -0.2092766644801504 -0.4943251333969637 0
3639 0.4943251183239829 -0.2092766669106824 0
3640 -0.4943251333969637 0.2092766644801506 0
3641 0.2092766644801506 0.4943251333969637 0
3642 0.6505167458441132 -0.2971057863074377 0
3643 0.2971057857539237 0.6505167587036383 0
3644 -0.6505167587036383 0.2971057857539237 0
3645 -0.2971057857539237 -0.6505167587036383 0
3646 -0.5318014049670777 0.7930207517600423 0
3647 0.7930207517600423 0.5318014049670777 0
3648 -0.7930207517600423 -0.5318014049670777 0
3649 0.1710343291486698 -0.9099513059898346 0
3650 0.5217713615361127 -0.972971799788282 0
3651 0.848577944016329 -0.9504940203276349 0
3652 -0.9504940203276349 -0.848577944016329 0
3653 0.9504940203276349 0.848577944016329 0
3654 -0.848577944016329 0.9504940203276349 0
3655 0.03693812393784003 -0.9329770980419007 0
3656 0.9329943315826568 0.03692033159098487 0
3657 -0.03692033159098487 0.9329943315826568 0
3658 -0.9329943315826568 -0.03692033159098487 0
3659 0.2303136475478932 0.8643816879008261 0
3660 -0.2303136475335995 -0.8643816879000742 0
3661 0.8643816879008009 -0.2303136475478942 0
3662 -0.8643816879008261 0.2303136475478932 0
3663 0.5670549830602193 -0.5640872381350805 0
3664 0.5391848942896807 -0.4288677963218215 0
3665 0.4288668325854183 0.5391866948783604 0
3666 -0.5391866948783604 0.4288668325854183 0
3667 -0.4288668325854183 -0.5391866948783604 0
3668 0.5640825491021515 0.5670622509856238 0
3669 -0.5670622509856238 0.5640825491021515 0
3670 -0.5640825491021515 -0.5670622509856238 0
3671 0.1779316148987201 -0.9336180891056293 0
3672 -0.294029627989046 0.9551699946786094 0
3673 0.9551699946786094 0.294029627989046 0
3674 -0.9551699946786094 -0.294029627989046 0
3675 -0.7462369531166116 -0.476622832413641 0
3676 0.7462369531166116 0.476622832413641 0
3677 -0.476622832413641 0.7462369531166116 0
3678 -0.5212817769907072 0.5895162689679405 0
3679 -0.5895162689679405 -0.5212817769907072 0
3680 0.5895162689679405 0.5212817769907072 0
3681 0.5213262328014517 -0.5895486717073103 0
3682 0.187123769934493 -0.9676609644591433 0
3683 -0.2198798693969124 0.8663528444534652 0
3684 -0.8663528444534652 -0.2198798693969124 0
3685 0.8663528444534652 0.2198798693969124 0
3686 -0.5816421004561082 0.9185090523530026 0
3687 -0.9185090523530026 -0.5816421004561082 0
3688 0.9185090523530026 0.5816421004561082 0
3689 0.5822758143810596 -0.9161144179826218 0
3690 -0.914934443992875 -0.179533209394396 0
3691 -0.179533209394396 0.914934443992875 0
3692 0.914934443992875 0.179533209394396 0
3693 -0.4101976406314221 0.9682885468692023 0
3694 0.9682885468692023 0.4101976406314221 0
3695 -0.9682885468692023 -0.4101976406314221 0
3696 0.4220354649404893 -0.5085416698010914 0
3697 -0.5055771977450779 0.4259963179279438 0
3698 -0.4259963179279438 -0.5055771977450779 0
3699 0.4259963179279438 0.5055771977450779 0
3700 0.5055749359357989 -0.4259977076830091 0
3701 -0.9436287856517743 -0.1690864304987156 0
3702 -0.1690864304987156 0.9436287856517743 0
3703 0.9436287856517743 0.1690864304987156 0
3704 -0.5084728426720798 -0.4220108193597644 0
3705 0.5084728426720798 0.4220108193597644 0
3706 -0.4220108193597644 0.5084728426720798 0
3707 0.1215709880710281 0.8697884744395189 0
3708 0.8697884744395189 -0.1215709880710281 0
3709 -0.8697884744395189 0.1215709880710281 0
3710 -0.1215709870420988 -0.8697884742948432 0
3711 -0.34120365422348 0.8811409056451333 0
3712 -0.8811409056451333 -0.34120365422348 0
3713 0.8811409056451333 0.34120365422348 0
3714 -0.6428337144530384 0.2447169862516901 0
3715 0.6428337129998468 -0.2447169863135415 0
3716 -0.2447169862516901 -0.6428337144530384 0
3717 0.2447169862516901 0.6428337144530384 0
3718 0.8465398694113851 0.8140921087768119 0
3719 -0.8465398694113851 -0.8140921087768119 0
3720 0.814092101147406 -0.8465398686529237 0
3721 -0.8140921087768119 0.8465398694113851 0
3722 -0.1947472601686524 -0.529122045161219 0
3723 0.5291220428393523 -0.1947472604770787 0
3724 -0.529122045161219 0.1947472601686527 0
3725 0.1947472601686527 0.529122045161219 0
3726 0.8546191803905879 0.7888960673964225 0
3727 -0.8546191803905879 -0.7888960673964225 0
3728 0.7888960308510152 -0.8546191763981298 0
3729 -0.7888960673964225 0.8546191803905879 0
3730 0.57269321809536 -0.2557007670932663 0
3731 -0.5726932442076985 0.2557007652726908 0
3732 -0.2557007652726908 -0.5726932442076985 0
3733 0.2557007652726908 0.5726932442076985 0
3734 0.5251991879864856 0.07787701212529204 0
3735 -0.07787701212529204 0.5251991879864856 0
3736 -0.5251991879864856 -0.07787701212529204 0
3737 0.07787701213423637 -0.5251991880596919 0
3738 -0.7637297512602972 -0.9752672686047132 0
3739 0.9752672686047132 -0.7637297512602972 0
3740 -0.9752672686047132 0.7637297512602972 0
3741 0.7637297512602972 0.9752672686047132 0
3742 0.05932046171684486 -0.7945730600799928 0
3743 -0.7945730803412615 -0.05932011054349126 0
3744 0.7945730803412615 0.05932011054349126 0
3745 -0.05932011054349126 0.7945730803412615 0
3746 0.2225440087667196 0.5257571220720089 0
3747 -0.5257571220720089 0.2225440087667196 0
3748 0.525757110439699 -0.222544009982909 0
3749 -0.2225440087667196 -0.5257571220720089 0
3750 -0.638484155803603 0.1892000925815715 0
3751 0.6384841558028492 -0.1892000925816035 0
3752 -0.1892000925815715 -0.638484155803603 0
3753 0.1892000925815715 0.638484155803603 0
3754 0.8222418749294711 0.0709855419122344 0
3755 -0.8222418749294711 -0.0709855419122344 0
3756 -0.0709855419122344 0.8222418749294711 0
3757 0.07098677888031428 -0.8222416928650697 0
3758 0.8833075584641082 0.1276193455941027 0
3759 -0.8833075584641082 -0.1276193455941027 0
3760 -0.1276193455941027 0.8833075584641082 0
3761 0.2567759486516915 -0.8180998075448613 0
3762 0.2563365704729291 0.8829599549722752 0
3763 -0.8829599549722752 0.2563365704729291 0
3764 0.8829599549722639 -0.2563365704729296 0
3765 -0.2563365704704295 -0.8829599549721436 0
3766 0.7456384396183785 -0.6772702058832419 0
3767 0.677270186965791 0.745638739423654 0
3768 -0.745638739423654 0.677270186965791 0
3769 -0.677270186965791 -0.745638739423654 0
3770 -0.5667664614728769 0.2857998592995005 0
3771 0.2857998592995005 0.5667664614728769 0
3772 -0.2857998592995005 -0.5667664614728769 0
3773 0.5667663573888408 -0.2857998696361996 0
3774 0.1335632244999636 -0.897910142008338 0
3775 0.3651852385219753 -0.882968201569188 0
3776 0.4136889621668833 -0.9728948981066354 0
3777 0.7281552522598715 -0.6014440424032502 0
3778 -0.7281556885624072 0.601444023910321 0
3779 0.601444023910321 0.7281556885624072 0
3780 -0.601444023910321 -0.7281556885624072 0
3781 0.6818361076723133 -0.6053598520630256 0
3782 -0.6818376459432685 0.6053597862132778 0
3783 0.6053597862132778 0.6818376459432685 0
3784 -0.6053597862132778 -0.6818376459432685 0
3785 -0.1082832628501636 0.5182616935641179 0
3786 -0.5182616935641179 -0.1082832628501636 0
3787 0.5182616935641179 0.1082832628501636 0
3788 0.1082832628731531 -0.5182616940540875 0
3789 0.6996560064152332 -0.6696181297731735 0
3790 0.6696180529349108 0.6996571151343419 0
3791 -0.6696180529349108 -0.6996571151343419 0
3792 -0.6996571151343419 0.6696180529349108 0
3793 -0.2265662441890843 -0.9733915656998708 0
3794 0.973391565701713 -0.2265662442240965 0
3795 -0.973391565701713 0.2265662442240965 0
3796 0.2265662442240965 0.973391565701713 0
3797 0.3614380107034974 -0.5076626878645308 0
3798 -0.1829486798977526 -0.9191612003960098 0
3799 -0.9191612004042864 0.1829486800550594 0
3800 0.9191612004042862 -0.1829486800550594 0
3801 0.1829486800550594 0.9191612004042864 0
3802 0.5464259738129165 -0.4659181379648472 0
3803 -0.465914959693717 -0.5464276990830949 0
3804 -0.5464276990830949 0.465914959693717 0
3805 0.465914959693717 0.5464276990830949 0
3806 -0.3614279367478905 0.5076036314609311 0
3807 0.5076036314609311 0.3614279367478905 0
3808 -0.5076036314609311 -0.3614279367478905 0
3809 0.4517729821224942 -0.741783778723752 0
3810 0.3614150390141035 -0.9610916441551128 0
3811 -0.3298230373352652 0.9593603078886284 0
3812 0.9593603078886284 0.3298230373352652 0
3813 -0.9593603078886284 -0.3298230373352652 0
3814 0.5621639366086244 -0.5981558746083878 0
3815 -0.5981478801909924 -0.5621681236176012 0
3816 -0.5621681236176012 0.5981478801909924 0
3817 0.5981478801909924 0.5621681236176012 0
3818 -0.2892359387759547 -0.8125385463093826 0
3819 0.81253854630857 -0.289235938776029 0
3820 -0.8125385463093848 0.2892359387759945 0
3821 0.2892359387759945 0.8125385463093848 0
3822 -0.1504059329641919 -0.9193482071871818 0
3823 0.9193482072091312 -0.1504059333813702 0
3824 0.1504059333813702 0.9193482072091314 0
3825 -0.9193482072091314 0.1504059333813702 0
3826 0.3507631050379798 -0.7021966630450758 0
3827 0.5326087103145069 -0.3979593168739761 0
3828 -0.5326100517173152 0.3979588353292687 0
3829 -0.3979588353292687 -0.5326100517173152 0
3830 0.3979588353292687 0.5326100517173152 0
3831 0.4111425921294621 0.4175368774240856 0
3832 -0.4111425921294621 -0.4175368774240856 0
3833 -0.4175368774240856 0.4111425921294621 0
3834 0.4175352297436555 -0.4111445479059457 0
3835 0.3234189478847869 -0.9536835313789424 0
3836 0.1639783306614474 -0.8813808238873199 0
3837 0.8877450445319383 0.163992390627896 0
3838 -0.8877450445319383 -0.163992390627896 0
3839 -0.163992390627896 0.8877450445319383 0
3840 0.1984653076817048 -0.8902730352257644 0
3841 0.8428550710960691 0.4247235752071035 0
3842 -0.4247235752071035 0.8428550710960691 0
3843 -0.8428550710960691 -0.4247235752071035 0
3844 -0.3448134508538782 -0.9801692022280244 0
3845 0.9801692022280275 -0.3448134508539341 0
3846 -0.9801692022280275 0.3448134508539341 0
3847 0.3448134508539341 0.9801692022280275 0
3848 -0.5587139635656276 0.9756170330376732 0
3849 -0.9756170330376732 -0.5587139635656276 0
3850 0.9756170330376732 0.5587139635656276 0
3851 -0.1288201048030451 -0.7933815103882781 0
3852 -0.7933815103953676 0.1288201049377927 0
3853 0.1288201049377927 0.7933815103953676 0
3854 0.7933815103953672 -0.1288201049377927 0
3855 -0.158674720431896 -0.8096725427211621 0
3856 0.1586747204979736 0.8096725427246388 0
3857 -0.8096725427246388 0.1586747204979736 0
3858 0.809672542724632 -0.1586747204979739 0
3859 0.4251760470122599 -0.8475920371107908 0
3860 -0.0445044098663829 -0.9799826107557181 0
3861 0.9799826502850912 -0.04450456784850022 0
3862 0.04450456784850022 0.9799826502850912 0
3863 -0.9799826502850912 0.04450456784850022 0
3864 0.8557267102516816 0.4404459407548199 0
3865 -0.4404459407548199 0.8557267102516816 0
3866 -0.8557267102516816 -0.4404459407548199 0
3867 0.1050249458267827 0.980276356604035 0
3868 -0.980276356604035 0.1050249458267827 0
3869 0.980276356604035 -0.1050249458267827 0
3870 -0.1050249447867393 -0.9802763565493141 0
3871 0.6216139467372331 -0.9781481586865635 0
3872 0.9787348570444261 0.6221639185879 0
3873 -0.9787348570444261 -0.6221639185879 0
3874 -0.6221639185879 0.9787348570444261 0
3875 0.8413666756478604 -0.4945810067762071 0
3876 -0.8413666756690426 0.4945810067753094 0
3877 0.4945810067753094 0.8413666756690426 0
3878 -0.4945810067753094 -0.8413666756690426 0
3879 0.3808471488245868 -0.8146338242717371 0
3880 -0.2390484209800105 -0.798193421633528 0
3881 0.2390484209835747 0.7981934216337156 0
3882 -0.7981934216337156 0.2390484209835747 0
3883 0.7981934216336184 -0.2390484209835788 0
3884 0.46927207509901 -0.2803537915409054 0
3885 0.2803537196306264 0.469272247777139 0
3886 -0.2803537196306264 -0.469272247777139 0
3887 -0.469272247777139 0.2803537196306264 0
3888 -0.1339837430908528 -0.8213756629162964 0
3889 0.8213756629217907 -0.1339837431953012 0
3890 0.1339837431953012 0.8213756629217915 0
3891 -0.8213756629217915 0.1339837431953012 0
3892 -0.1391512709206843 -0.9769168851844695 0
3893 0.1391512713629504 0.9769168852077391 0
3894 -0.9769168852077391 0.1391512713629504 0
3895 0.9769168852077391 -0.1391512713629504 0
3896 0.686041571856691 -0.4436998185104286 0
3897 0.443699813513827 0.6860416897412065 0
3898 -0.443699813513827 -0.6860416897412065 0
3899 -0.6860416897412065 0.443699813513827 0
3900 0.3658153694812674 -0.8392621120298799 0
3901 -0.2581024193155963 0.9801197956340539 0
3902 -0.9801197956340539 -0.2581024193155963 0
3903 0.9801197956340539 0.2581024193155963 0
3904 0.7147915251770094 -0.73236072898251 0
3905 -0.7147925788398725 0.7323600989295534 0
3906 0.7323600989295534 0.7147925788398725 0
3907 -0.7323600989295534 -0.7147925788398725 0
3908 -0.3413472695590388 0.4040646104305415 0
3909 0.4040646104305415 0.3413472695590388 0
3910 -0.4040646104305415 -0.3413472695590388 0
3911 0.3413469196628167 -0.4040671508331058 0
3912 0.7010209135963106 -0.792480309635735 0
3913 0.7924800731377152 0.7010230009079144 0
3914 -0.7010230009079144 0.7924800731377152 0
3915 -0.7924800731377152 -0.7010230009079144 0
3916 0.4237273459073679 -0.6720124750356519 0
3917 0.2078578340262761 -0.8683422893602781 0
3918 0.8805072098837138 0.4515198371371245 0
3919 -0.4515198371371245 0.8805072098837138 0
3920 -0.8805072098837138 -0.4515198371371245 0
3921 -0.9148564495285179 0.1080938396566125 0
3922 0.1080938396566125 0.9148564495285179 0
3923 0.9148564495285179 -0.1080938396566125 0
3924 -0.1080938310588268 -0.9148564478334098 0
3925 0.404117511579335 0.6713784592677654 0
3926 -0.6713784592677654 0.404117511579335 0
3927 -0.404117511579335 -0.6713784592677654 0
3928 0.6713782953559623 -0.4041175185647747 0
3929 -0.7433757054775523 -0.6299164362607416 0
3930 -0.6299164362607416 0.7433757054775523 0
3931 0.7433757054775523 0.6299164362607416 0
3932 0.6299444115375322 -0.7433884672982561 0
3933 0.6133690142776848 -0.3017064898073114 0
3934 -0.3017064820957263 -0.6133690985930152 0
3935 -0.6133690985930152 0.3017064820957263 0
3936 0.3017064820957263 0.6133690985930152 0
3937 -0.2865806843048108 -0.9754909386979822 0
3938 0.9754909386981462 -0.2865806843079288 0
3939 0.2865806843079288 0.9754909386981462 0
3940 -0.9754909386981462 0.2865806843079288 0
3941 -0.06334866330762859 -0.946684911952095 0
3942 0.06334875410356415 0.9466849328972223 0
3943 0.9466849328972223 -0.06334875410356415 0
3944 -0.9466849328972223 0.06334875410356415 0
3945 -0.2099741682792129 -0.9471166848016869 0
3946 0.2099741683669011 0.9471166848063004 0
3947 -0.9471166848063004 0.2099741683669011 0
3948 0.9471166848063004 -0.2099741683669011 0
3949 0.1007745186911236 0.8587641595930853 0
3950 0.8587641595930852 -0.1007745186911236 0
3951 -0.8587641595930853 0.1007745186911236 0
3952 -0.1007745168947406 -0.8587641593433596 0
3953 0.5097610859351347 -0.5297771544570545 0
3954 0.5069415975973105 -0.248173517163864 0
3955 0.2481735115932603 0.5069416410086213 0
3956 -0.2481735115932602 -0.5069416410086213 0
3957 -0.5069416410086213 0.2481735115932603 0
3958 0.5945371324924201 -0.3486727564150784 0
3959 -0.3486727262414044 -0.5945374234611783 0
3960 -0.5945374234611783 0.3486727262414044 0
3961 0.3486727262414044 0.5945374234611783 0
3962 -0.5297474608242433 -0.5097440872832796 0
3963 -0.5097440872832796 0.5297474608242433 0
3964 0.5297474608242433 0.5097440872832796 0
3965 -0.9319106428694459 0.3478424026119273 0
3966 0.3478424026119273 0.9319106428694459 0
3967 -0.3478424026118887 -0.9319106428694439 0
3968 0.9319106428694456 -0.3478424026119273 0
3969 -0.8288117860422467 -0.9790747079863982 0
3970 -0.9790747079863982 0.8288117860422467 0
3971 0.8288117860422467 0.9790747079863982 0
3972 0.9790747079863982 -0.8288117860422467 0
3973 0.3872706856678824 -0.8622493843675368 0
3974 0.6943585742846029 -0.9054691881090391 0
3975 0.9054832168581619 0.6943760808321198 0
3976 -0.6943760808321198 0.9054832168581619 0
3977 -0.9054832168581619 -0.6943760808321198 0
3978 0.72486207735726 -0.6502810372489083 0
3979 0.650280999539923 0.7248627208223596 0
3980 -0.650280999539923 -0.7248627208223596 0
3981 -0.7248627208223596 0.650280999539923 0
3982 0.6167326072149587 -0.8632600458029175 0
3983 0.4796112458505246 0.7993551141831142 0
3984 0.7993551110556076 -0.4796112459830857 0
3985 -0.4796112458505246 -0.7993551141831142 0
3986 -0.7993551141831142 0.4796112458505246 0
3987 0.9780310495516152 -0.07533589008346771 0
3988 0.07533589008346771 0.9780310495516152 0
3989 -0.9780310495516152 0.07533589008346771 0
3990 -0.0753358496563243 -0.9780310398935343 0
3991 -0.8633908146508097 -0.6167444816448572 0
3992 0.8633908146508097 0.6167444816448572 0
3993 -0.6167444816448572 0.8633908146508097 0
3994 -0.08004762374968426 -0.7653653752936798 0
3995 0.7653653753398452 -0.08004762462712045 0
3996 -0.7653653753398452 0.08004762462712045 0
3997 0.08004762462712045 0.7653653753398452 0
3998 -0.1691597345001713 -0.9751303514415212 0
3999 0.1691597346933342 0.9751303514516841 0
4000 0.9751303514516841 -0.1691597346933342 0
4001 -0.9751303514516841 0.1691597346933342 0
4002 0.7779102810775392 0.6521543683633431 0
4003 -0.7779102810775392 -0.6521543683633431 0
4004 -0.6521543683633431 0.7779102810775392 0
4005 0.6521452077223343 -0.777912327155711 0
4006 0.3836000466754932 -0.4029965541270902 0
4007 -0.4029935972865344 -0.3836009265330377 0
4008 -0.3836009265330377 0.4029935972865344 0
4009 0.4029935972865344 0.3836009265330377 0
4010 0.4469898056913247 -0.6826736427717702 0
4011 0.1399956158466635 -0.7084520057886828 0
4012 -0.7084522664986154 -0.1399943519455837 0
4013 0.7084522664986154 0.1399943519455837 0
4014 -0.1399943519455837 0.7084522664986154 0
4015 0.4278057156899164 -0.947173310367733 0
4016 -0.8321424933074771 -0.2413506918074735 0
4017 0.8321424933074771 0.2413506918074735 0
4018 -0.2413506918074735 0.8321424933074771 0
4019 0.7346248988039428 -0.623538134343319 0
4020 -0.6235381128868591 -0.7346253525409157 0
4021 -0.7346253525409157 0.6235381128868591 0
4022 0.6235381128868591 0.7346253525409157 0
4023 0.4687655466040447 -0.9804073196914154 0
4024 0.3519963886546049 -0.8662164673201147 0
4025 0.873911091907344 0.4204654836463225 0
4026 -0.4204654836463225 0.873911091907344 0
4027 -0.873911091907344 -0.4204654836463225 0
4028 -0.4185956226452325 -0.9787049007950097 0
4029 0.4185956226452327 0.9787049007950097 0
4030 -0.9787049007950097 0.4185956226452327 0
4031 0.9787049007950097 -0.4185956226452327 0
4032 0.3255696578670989 -0.871056657825332 0
4033 0.6914883435337054 -0.7426603092499301 0
4034 -0.6914895001619568 0.7426586613774758 0
4035 0.7426586613774758 0.6914895001619568 0
4036 -0.7426586613774758 -0.6914895001619568 0
4037 0.9776802366513617 -0.4707835953318273 0
4038 -0.9776802366513617 0.4707835953318273 0
4039 0.4707835953318273 0.9776802366513617 0
4040 -0.4707835953318273 -0.9776802366513617 0
4041 0.2990440284230618 -0.9751577435489834 0
4042 0.5345282784189004 -0.3398753017664752 0
4043 0.3398752197305471 0.5345287565079518 0
4044 -0.3398752197305471 -0.5345287565079518 0
4045 -0.5345287565079518 0.3398752197305471 0
4046 0.4160895759388195 -0.7700093431742916 0
4047 0.7073096488086693 -0.5943180806726371 0
4048 0.5943180473674445 0.7073104315124051 0
4049 -0.7073104315124051 0.5943180473674445 0
4050 -0.5943180473674445 -0.7073104315124051 0
4051 0.4363088042744878 -0.7629550679252193 0
4052 0.3479882846519537 -0.9304401598960715 0
4053 0.394996879232014 -0.836062052850358 0
4054 0.4294769425602661 -0.7211580114811487 0
4055 0.2760623189533843 0.5482295444462817 0
4056 -0.5482295444462817 0.2760623189533843 0
4057 -0.2760623189533843 -0.5482295444462817 0
4058 0.5482294588100701 -0.2760623273832993 0
4059 0.760703551701422 -0.6057274706370044 0
4060 0.6057274615995683 0.7607037559142102 0
4061 -0.6057274615995683 -0.7607037559142102 0
4062 -0.7607037559142102 0.6057274615995683 0
4063 0.7117060567475657 -0.618619089480943 0
4064 0.6186190504734439 0.7117069063335991 0
4065 -0.7117069063335991 0.6186190504734439 0
4066 -0.6186190504734439 -0.7117069063335991 0
4067 -0.07782755080637647 -0.6838940400003157 0
4068 0.0778275510206429 0.6838940400115892 0
4069 -0.6838940400115892 0.0778275510206429 0
4070 0.6838940400115892 -0.0778275510206429 0
4071 0.2993591046808904 -0.4381129346715591 0
4072 0.4381102345067018 0.2993592877022447 0
4073 -0.2993592877022447 0.4381102345067018 0
4074 -0.4381102345067018 -0.2993592877022447 0
4075 -0.2560061330256272 -0.9740553962434553 0
4076 -0.9740553962440283 0.2560061330365168 0
4077 0.2560061330365168 0.9740553962440283 0
4078 0.9740553962440283 -0.2560061330365168 0
4079 0.5811356007696463 -0.305648485720468 0
4080 -0.3056484699927604 -0.5811357504598417 0
4081 0.3056484699927604 0.5811357504598417 0
4082 -0.5811357504598417 0.3056484699927604 0
4083 0.6712389806821001 -0.6325543959865966 0
4084 -0.6712411049057188 0.6325542353570713 0
4085 0.6325542353570713 0.6712411049057188 0
4086 -0.6325542353570713 -0.6712411049057188 0
4087 -0.3428568111866201 -0.4462238826486087 0
4088 -0.4462238826486087 0.3428568111866201 0
4089 0.3428568111866201 0.4462238826486087 0
4090 0.4462232070587191 -0.3428572610498117 0
4091 -0.664370609054998 0.8902624796719268 0
4092 -0.8902624796719268 -0.664370609054998 0
4093 0.8902624796719268 0.664370609054998 0
4094 0.664339384525826 -0.8902199993328468 0
4095 0.522738293856147 0.9594410175590546 0
4096 -0.9594410175590546 0.522738293856147 0
4097 -0.522738293856147 -0.9594410175590546 0
4098 0.9594410175590546 -0.522738293856147 0
4099 -0.2077381227196009 -0.8396918335752699 0
4100 0.8396918335765752 -0.2077381227450634 0
4101 0.2077381227450619 0.8396918335766094 0
4102 -0.8396918335766094 0.2077381227450619 0
4103 0.6805056519291883 -0.3794764159303589 0
4104 -0.3794764119669631 -0.6805057441833229 0
4105 0.3794764119669631 0.6805057441833229 0
4106 -0.6805057441833229 0.3794764119669631 0
4107 0.6466623847828455 -0.4081180298930181 0
4108 -0.4081179635914228 -0.6466627361391872 0
4109 -0.6466627361391872 0.4081179635914228 0
4110 0.4081179635914228 0.6466627361391872 0
4111 -0.1830421473718124 -0.8245125848718518 0
4112 0.8245125848740419 -0.1830421474138268 0
4113 -0.8245125848740623 0.1830421474138259 0
4114 0.1830421474138259 0.8245125848740623 0
4115 -0.4250327077914196 0.3191778917896622 0
4116 0.3191778917896622 0.4250327077914196 0
4117 -0.3191778917896622 -0.4250327077914196 0
4118 0.4250323963918087 -0.3191781631737352 0
4119 0.4894529786818874 -0.3234299283397833 0
4120 -0.4894534268166173 0.3234298104376522 0
4121 -0.3234298104376522 -0.4894534268166173 0
4122 0.3234298104376522 0.4894534268166173 0
4123 0.4356222698216461 0.3285605030706932 0
4124 -0.3285605030706932 0.4356222698216461 0
4125 -0.4356222698216461 -0.3285605030706932 0
4126 0.3285601215093641 -0.4356278026487217 0
4127 0.7114246739073992 -0.8926936997305468 0
4128 -0.7114339342907459 0.8927009494288859 0
4129 -0.8927009494288859 -0.7114339342907459 0
4130 0.8927009494288859 0.7114339342907459 0
4131 0.1830258705747191 0.7997434796369921 0
4132 -0.7997434796369921 0.1830258705747191 0
4133 0.7997434796369721 -0.18302587057472 0
4134 -0.1830258705404114 -0.7997434796351869 0
4135 -0.2104386095306399 -0.8060429274937715 0
4136 0.8060429274946529 -0.2104386095482844 0
4137 -0.8060429274946997 0.2104386095482824 0
4138 0.2104386095482824 0.8060429274946997 0
4139 -0.1975103629740808 -0.9746545143320225 0
4140 0.1975103630575045 0.9746545143364118 0
4141 0.9746545143364118 -0.1975103630575045 0
4142 -0.9746545143364118 0.1975103630575045 0
4143 0.362703283641691 -0.3780337440141777 0
4144 0.3780324519583831 0.3627036411399026 0
4145 -0.3627036411399026 0.3780324519583831 0
4146 -0.3780324519583831 -0.3627036411399026 0
4147 -0.3948189619368742 0.3526231083151138 0
4148 -0.3526231083151138 -0.3948189619368742 0
4149 0.3526231083151138 0.3948189619368742 0
4150 0.3948185624877462 -0.3526238629643904 0
4151 -0.4723546676491597 0.2432916534325778 0
4152 0.2432916534325778 0.4723546676491597 0
4153 -0.2432916534325778 -0.4723546676491597 0
4154 0.4723546225094425 -0.2432916628847542 0
4155 0.6229961969372728 -0.3969915450829951 0
4156 -0.6229966998568844 0.3969914030762715 0
4157 -0.3969914030762715 -0.6229966998568844 0
4158 0.3969914030762715 0.6229966998568844 0
4159 0.595528817999567 -0.415251399133947 0
4160 -0.5955297226985323 0.4152510310150406 0
4161 -0.4152510310150406 -0.5955297226985323 0
4162 0.4152510310150406 0.5955297226985323 0
4163 0.3904418353874223 -0.3698455077509033 0
4164 -0.3698442279257123 -0.3904423981925631 0
4165 0.3698442279257123 0.3904423981925631 0
4166 -0.3904423981925631 0.3698442279257123 0
4167 0.4555832283549242 -0.3635815204455821 0
4168 0.363580932247332 0.4555842562797942 0
4169 -0.4555842562797942 0.363580932247332 0
4170 -0.363580932247332 -0.4555842562797942 0
4171 0.4171458587469757 -0.3514733771760937 0
4172 -0.4171464826299009 0.3514726445826552 0
4173 0.3514726445826552 0.4171464826299009 0
4174 -0.3514726445826552 -0.4171464826299009 0
4175 0.3326388820244199 0.4009690533496523 0
4176 -0.4009690533496523 0.3326388820244199 0
4177 -0.3326388820244199 -0.4009690533496523 0
4178 0.4009687864033196 -0.3326392337497775 0
4179 -0.3571229015826448 -0.3751547531895662 0
4180 -0.3751547531895662 0.3571229015826448 0
4181 0.3571229015826448 0.3751547531895662 0
4182 0.3751544892390702 -0.3571235668886972 0
4183 0.6369038067023232 -0.4515825623620037 0
4184 0.4515824456401819 0.6369044345836541 0
4185 -0.4515824456401819 -0.6369044345836541 0
4186 -0.6369044345836541 0.4515824456401819 0
4187 0.3123315911062974 -0.4165783122811574 0
4188 -0.416576157602258 -0.3123317740020785 0
4189 0.416576157602258 0.3123317740020785 0
4190 -0.3123317740020785 0.416576157602258 0
4191 0.4411058819306326 -0.2865390986777847 0
4192 0.2865390029774496 0.4411060418857078 0
4193 -0.2865390029774496 -0.4411060418857078 0
4194 -0.4411060418857078 0.2865390029774496 0
4195 0.3306463358861824 -0.9816554865138398 0
4196 0.9819261662546399 -0.5749187911779911 0
4197 -0.9819261662546399 0.5749187911779911 0
4198 0.5749187911779911 0.9819261662546399 0
4199 -0.5749187911779911 -0.9819261662546399 0
4200 -0.2318463068092117 0.2378791996905273 0
4201 0.1031023542328326 -0.1920451557749027 0
4202 0.0676496826679337 0.06409582430205303 0
4203 -0.1014241908737351 -0.0239433595670484 0
4204 0.2537898647715301 0.049530308513443 0
4205 -0.22829741462487 -0.1762397830077509 0
4206 0.3323365567666168 0.06988401618417078 0
4207 -0.2480465965438001 -0.3546210137940656 0
4208 0.3307646237570044 0.2637116782432175 0
4209 -0.3503629881493902 -0.2511294271626934 0
4210 0.4063142487224156 0.09218770679554421 0
4211 -0.006351820740645684 0.3864800418625429 0
4212 -0.3481158292900065 -0.3300383436643408 0
4213 0.3936775038952798 -0.1705726915091405 0
4214 0.3951685605092478 0.1887376787481909 0
4215 -0.3464309934675869 0.06712216533713432 0
4216 -0.3651627423050919 -0.03265152109011751 0
4217 -0.1137784409581189 -0.3760012632357814 0
4218 0.1519194800376147 -0.3928296607098187 0
4219 0.07242031532370648 0.2276773942654569 0
4220 0.2961959662042443 0.2691857202606474 0
4221 0.2291021228823511 -0.1217629882663122 0
4222 0.07673445373045913 -0.4034212542335952 0
4223 -0.1187123279296889 -0.1502774697265915 0
4224 0.2940183997935791 -0.2425497331221799 0
4225 -0.009490903906894744 -0.1249585998828568 0
4226 -0.1743706871750439 0.1156774264934926 0
4227 0.2275285455520214 -0.289141844097749 0
4228 0.186646811866919 -0.3548686611274389 0
4229 -0.3912227045975745 -0.06636960281152164 0
4230 0.3204394798946427 0.1754839803738833 0
4231 0.332521078755489 -0.06801483925998357 0
4232 0.02923706298983185 -0.1029602139793502 0
4233 -0.2337420777306389 0.02306265679857184 0
4234 -0.2970054810003996 -0.0005213518279999698 0
4235 -0.3472681800814238 -0.1789619045279302 0
4236 0.4114652336019088 -0.04999667230618984 0
4237 -0.1445312879532179 -0.2713104512826547 0
4238 0.3646108729583237 0.1332750142489944 0
4239 -0.2213886793341746 -0.2765399300855104 0
4240 0.4104952654608989 -0.004374453776493482 0
4241 0.1002514817858154 -0.3003531588585598 0
4242 -0.2697329008261901 -0.04998041261310397 0
4243 -0.2894217131360157 0.1400255445196348 0
4244 0.424205673304439 0.04570269398587468 0
4245 -0.3092897255935091 -0.1066783745062403 0
4246 -0.08987569612199814 0.3004295108896495 0
4247 -0.3517424787471436 0.2382830053699675 0
4248 -0.1870587147742837 0.3786004300959287 0
4249 -0.2916910072351651 -0.2390402755397057 0
4250 -0.3081258208437384 0.2852426208441699 0
4251 -0.2859034518385548 0.3360569336223683 0
4252 -0.03656697025509782 -0.4200370979775162 0
4253 -0.2999438528835873 -0.3058510978885948 0
4254 0.1021819581460776 -0.06143260395003824 0
4255 0.1050335522521489 0.4071639983709017 0
4256 -0.3985038680301968 0.1576218416226909 0
4257 0.3858210196193671 0.2390256795749378 0
4258 -0.09955029723424001 -0.4337960826105507 0
4259 -0.1792144933567448 -0.352044345030309 0
4260 -0.2992144303756623 -0.3593816859990063 0
4261 0.01748566848017491 0.4434891638315737 0
4262 -0.4306972224824008 0.07897614338061068 0
4263 -0.4425399132049925 -0.05904961639806076 0
4264 0.4252738630318962 -0.1281436991074616 0
4265 0.4363198472094145 0.1488461363379246 0
4266 0.4678495503545317 0.07083296554885836 0
4267 -0.09372089456056405 0.4278363789420209 0
4268 -0.1590300578461762 -0.4264560503905095 0
4269 0.3806277046194036 0.2828004040331956 0
4270 0.165613809443928 0.03857013688578122 0
4271 -0.03876668000955458 0.4682984032845021 0
4272 0.3764486109197551 -0.233101825653062 0
4273 0.2102037840374326 -0.4170819638960803 0
4274 0.1271489434975284 -0.4505407419074681 0
4275 -0.2113806418869507 -0.4072940293932841 0
4276 -0.4084860686862041 -0.2247356092913735 0
4277 -0.3879344279090026 0.02161827795653036 0
4278 0.3234199570068585 0.3193008553575097 0
4279 -0.3621582368353962 -0.3082710085661722 0
4280 0.1691524698898661 -0.4390614747821313 0
4281 0.4420064160221032 -0.1766253184613614 0
4282 0.4682367569305132 0.103956493616353 0
4283 0.4550248793061781 0.1249169902905882 0
4284 -0.2222164609991971 -0.1166123865862651 0
4285 0.3579509727419797 0.3062859672326568 0
4286 0.4256412524645847 -0.2055940322083266 0
4287 -0.3265058712066034 -0.3450909289646362 0
4288 0.1149890819261515 0.121306725707433 0
4289 0.08040305897303264 0.3142178202161746 0
4290 0.1644354143593004 0.1271356222358286 0
4291 0.04835652689989087 0.1406410073020032 0
4292 0.01353389929230762 0.3207656490642961 0
4293 0.2264790292104938 0.1281249871112659 0
4294 -0.06901970960323872 -0.212873566664424 0
4295 0.2850534574844046 0.1144445485792295 0
4296 0.2416112700671686 -0.225732833981189 0
4297 -0.01182458846492269 -0.1966631807852915 0
4298 -0.07554785227719121 0.2181508409216213 0
4299 0.1723939501258668 -0.2340442027008027 0
4300 0.2358697117736497 -0.02460361088389589 0
4301 -0.1402200785880029 0.05092945169573954 0
4302 0.2429407120394742 0.2994141192958986 0
4303 0.009390538532987377 0.08554116499364721 0
4304 0.1244921679771373 0.2281438186246502 0
4305 -0.08314254955986801 0.04697328353081889 0
4306 -0.02401514224048389 0.03954333204959119 0
4307 0.03866577370604281 -0.1690473972953093 0
4308 0.1573693447969072 -0.2954575837641118 0
4309 0.05984908628143953 -0.2539029098108476 0
4310 -0.02896056567000153 0.2631356705698309 0
4311 -0.202325821414982 0.1793359399117473 0
4312 -0.171858579624339 -0.002726531834674529 0
4313 -0.2924504561980202 0.2353602459078925 0
4314 -0.2044781381460817 0.3118776654865014 0
4315 -0.02128845496421686 -0.3688041165166229 0
4316 -0.096176353852766 0.3707024679775916 0
4317 0.3363907255937236 0.130189293725782 0
4318 -0.08997360514475812 -0.2746088075654646 0
4319 -0.1470239446547757 0.271661705413992 0
4320 0.2836256896265784 -0.01681045470949636 0
4321 -0.1421074748515842 0.3424527812649074 0
4322 0.1109596223037459 -0.1222238218309466 0
4323 -0.2604114090734675 0.08244785596299224 0
4324 0.1545929793261492 -0.08228094340437513 0
4325 0.4034032779276071 -0.1007686823129116 0
4326 0.1746872227176566 -0.1652355842806777 0
4327 0.3601702527958462 -0.1420831833056234 0
4328 0.3360714276793743 0.006168706601738104 0
4329 -0.2613118810772968 0.1866300238506402 0
4330 -0.1809741963084955 -0.2235740539575518 0
4331 0.03286904076584889 -0.3540701797137422 0
4332 -0.1279269806402849 -0.2162913804469123 0
4333 -0.2886021361261401 -0.1810675607208972 0
4334 -0.3476240551546246 0.1511952630771996 0
4335 0.01537835573395048 -0.4088985991221017 0
4336 -0.07066680788798069 -0.3382487307176445 0
4337 -0.1718200780583288 -0.1262756122129707 0
4338 -0.3217864538072977 0.1915764205106224 0
4339 0.04068094867374954 0.3796622079334184 0
4340 -0.2826007950144181 0.2920125367325933 0
4341 0.1350626671479376 -0.01839439580812086 0
4342 0.3766238005494484 0.03937175774498516 0
4343 0.2726593672471066 0.1868830116045307 0
4344 -0.1211189856657598 0.1052737560566445 0
4345 -0.1691788709981871 -0.1717518766522407 0
4346 -0.09995886414970974 -0.08967298998594446 0
4347 0.3948286812778961 -0.07143646200855173 0
4348 -0.04676563773704643 0.3415242331533208 0
4349 0.1603048428571046 0.4414847683614758 0
4350 0.1192616536371127 -0.2576833972547344 0
4351 -0.2732321108177936 -0.1295054701935688 0
4352 -0.002078309659877602 -0.06466059280968821 0
4353 0.156903970017537 -0.3600672986281669 0
4354 0.2828207556108764 -0.1396992627976126 0
4355 0.04938795348625899 -0.04080014825547829 0
4356 -0.05467165771456668 -0.07920361461689777 0
4357 0.2781625342898809 -0.07950006017264306 0
4358 0.05207952236308807 -0.4496993094894589 0
4359 0.08575822937651738 -0.0007472975000455727 0
4360 0.3847157311015341 0.07481497737926686 0
4361 -0.2321585642498452 0.1265279911048622 0
4362 0.2723504054485744 -0.3438555485848028 0
4363 0.05298695888266401 -0.3096617961670414 0
4364 0.3153091910335653 -0.121508552461456 0
4365 -0.124709247526524 -0.3220191299884854 0
4366 -0.1940491683146625 -0.02662320377253856 0
4367 -0.4097933650013721 -0.009771575386442161 0
4368 0.293970833542151 0.3249942393176345 0
4369 -0.4153637720879024 -0.1905320638402167 0
4370 0.1064675716871905 -0.3597895091059096 0
4371 -0.04391758351040159 -0.01839724579209909 0
4372 -0.2711985598605104 -0.2246877589975845 0
4373 -0.3972975297105043 0.08781560747498268 0
4374 0.3355313597038506 -0.2895368486963597 0
4375 -0.4128893287469033 -0.04396674803107276 0
4376 -0.1390534826251396 0.3955747573285644 0
4377 -0.05683112774332007 0.4057918699719009 0
4378 0.3571218501207997 -0.2068328382900265 0
4379 -0.3251264388999217 0.09321096376840697 0
4380 -0.2551011935739802 -0.02565967116284075 0
4381 -0.1722459988860562 -0.3201688901344035 0
4382 0.2279863200976289 -0.3920580712042325 0
4383 0.3264091184002017 -0.2121551881694383 0
4384 0.3493841239387042 -0.2367723955594772 0
4385 -0.3708271427338758 0.1939167214079433 0
4386 -0.3461466226684264 -0.06926355879745066 0
4387 0.3599764841097142 0.1025010070683279 0
4388 -0.1973856884408438 -0.2719604800135337 0
4389 -0.1999525871329021 0.06508834136226062 0
4390 -0.06100113193434072 -0.1428888027814445 0
4391 0.04947599568189855 0.4457322516947521 0
4392 -0.2246566926340844 -0.02484634894544365 0
4393 -0.2041282569384132 -0.3244177879944675 0
4394 -0.3046598147248897 -0.2078872770397861 0
4395 -0.1945178707375316 -0.0780040491538795 0
4396 -0.3330866463207077 0.03709950114968735 0
4397 -0.4034629538918563 0.05254451385579621 0
4398 -0.2701046709150079 0.001140924625028471 0
4399 -0.3556474321570373 0.01674641422368519 0
4400 -0.4168946585576025 0.1104244679144467 0
4401 -0.2303421548935399 0.4105857681155156 0
4402 -0.1677569468278432 -0.39160602987607 0
4403 0.3547615102459414 0.1589466027383759 0
4404 -0.4083611457938784 0.2304359186803977 0
4405 -0.3728011724167592 -0.07581377172294317 0
4406 0.03314445918355838 0.02192757573457194 0
4407 0.07462345423764502 0.468733000897293 0
4408 0.0564711725235825 -0.08760830332209674 0
4409 0.02995817385750622 -0.07062787938345497 0
4410 -0.3710988148796691 -0.1542703225365209 0
4411 -0.1357168435673659 -0.3999292693297861 0
4412 -0.2689045795936852 -0.2960495658117077 0
4413 0.08271619308531589 -0.3497761051152805 0
4414 -0.4315688692783775 -0.09012193922887533 0
4415 0.1392058428574682 -0.4246802295533397 0
4416 -0.381128771925981 -0.1982455340375757 0
4417 0.1045111158661393 -0.3891587936043526 0
4418 0.3653664092118165 0.217267703074377 0
4419 -0.2748410677448951 -0.3326879440137622 0
4420 -0.4293063243521314 0.2019877492354548 0
4421 -0.4421213649687341 0.05021594672395829 0
4422 -0.2394108882110024 -0.3224071798938569 0
4423 0.4637055709526928 -0.09455645082588661 0
4424 0.4231824403513315 -0.0758172951578851 0
4425 -0.1081345093586278 -0.4068298311947817 0
4426 0.4525483855287848 0.04107839984573732 0
4427 0.3720954020719127 -0.1729940581117052 0
4428 -0.4257294642415487 0.02382737463449683 0
4429 -0.2655997630113551 -0.262288373185719 0
4430 -0.03671507603621277 0.4317530518183347 0
4431 -0.004217722955588693 0.418923900880953 0
4432 -0.2589973840260694 -0.08004829326954668 0
4433 -0.06873799132444762 0.4365064639455242 0
4434 -0.3426558407267047 -0.2155263251184408 0
4435 -0.1444660650007525 -0.367792681039198 0
4436 -0.3250959090257655 -0.2783605260253562 0
4437 0.1066560863340063 -0.4223879538299234 0
4438 -0.4591178103411065 -0.1335525148923059 0
4439 -0.2948488151510908 -0.2704718064961483 0
4440 -0.2406907280967121 -0.05245802064094007 0
4441 -0.3276684141462012 0.2649527923745563 0
4442 0.3725661382895256 0.1876679429629255 0
4443 -0.3859094391771519 0.2842418016020933 0
4444 0.3071657355267725 0.3433194879462359 0
4445 -0.1797491665411942 0.4344497350964997 0
4446 0.212650967194784 0.03486891137031269 0
4447 -0.3755977400466531 -0.2340547986286313 0
4448 -0.221421878793735 0.3746226048252465 0
4449 0.3908846083723762 -0.2003059676480896 0
4450 0.2856814970290131 -0.2755513983705235 0
4451 -0.4157639913219001 -0.07302729530597578 0
4452 -0.06598250116110257 -0.4359546653856218 0
4453 -0.2950057679030209 -0.07748021945895096 0
4454 -0.2170880750588796 -0.3526769888423107 0
4455 -0.2839793325988921 0.3753455780328204 0
4456 -0.3475171312505641 -0.01303985896328849 0
4457 0.3826303860907945 0.1642389995456843 0
4458 0.4231697759980814 0.2030903142567455 0
4459 -0.2169955297596563 -0.1454448820465521 0
4460 -0.2831533046716271 -0.02314745238059099 0
4461 -0.3756919434204735 -0.009300721935591791 0
4462 -0.2280481697851529 -0.3819482032312131 0
4463 -0.1988008969114435 -0.3849534619846541 0
4464 -0.127290256182571 -0.4276278277966722 0
4465 -0.187933606940178 -0.4146084551292042 0
4466 0.2028254700468376 -0.3831465754984649 0
4467 -0.30656784718597 0.3110231035820175 0
4468 0.01046481284290792 -0.1153126663426062 0
4469 -0.44708374769503 0.1535356762029836 0
4470 0.3254312395287681 0.2890911374024558 0
4471 0.3995672435165653 0.1424385554156371 0
4472 0.4317811282782096 -0.0278986530317523 0
4473 0.3644213055993188 0.2525104403182599 0
4474 0.1651998280316919 -0.4149092792963022 0
4475 -0.319893422256784 -0.2452771323319102 0
4476 0.3066979987126399 0.3672772494680929 0
4477 0.4200573285876315 0.1205382231420386 0
4478 -0.01206978502954319 -0.4702929328871118 0
4479 -0.3679606226843401 0.04332907252412013 0
4480 0.4120692945165896 0.2357519021187019 0
4481 0.180988805572653 -0.4010274734939445 0
4482 0.3907068381372822 0.212353124278143 0
4483 -0.3972148370254819 -0.09205956006745505 0
4484 -0.3054332553039368 -0.3325295040162591 0
4485 -0.3711856255484912 -0.05262635937950518 0
4486 -0.3517971341818309 -0.2837849194001866 0
4487 0.4155001956535704 0.07005327332773899 0
4488 -0.181979695216888 -0.4420948273531713 0
4489 0.1502377182283868 -0.4513211668263816 0
4490 -0.1744348933500265 -0.050793716858989 0
4491 -0.3966409425829401 -0.2581338779631454 0
4492 -0.2331650448412018 -0.4119179914434198 0
4493 0.3292469596500877 0.3483462815003266 0
4494 -0.4563425852601434 -0.08316386456151623 0
4495 0.3926992741938906 -0.2609453201629127 0
4496 -0.2259694137898896 -0.08420643017940543 0
4497 -0.1198925441577333 0.4490316375083317 0
4498 0.454435229552876 -0.1464945558218179 0
4499 -0.01071234730157671 0.4530704264852083 0
4500 -0.3712507281209159 -0.2625318669041964 0
4501 0.4141470344367276 0.1689785595827128 0
4502 0.439350049730089 0.09316383283764076 0
4503 -0.2098602017815449 -0.4290317762847221 0
4504 0.4094453306803233 -0.1488258166684366 0
4505 0.4358076951853096 0.01968089919199825 0
4506 0.3892069848326974 0.1109592473416348 0
4507 -0.4588811346100547 0.09707805982696834 0
4508 0.17541221071525 -0.3740580534235425 0
4509 0.4094611808045334 -0.2316132062105044 0
4510 0.3534311463309531 0.2797029076899799 0
4511 0.4403449939564152 0.06497789573059323 0
4512 -0.09202366306348363 -0.4602148389581746 0
4513 -0.2541696967241663 -0.3865890207464881 0
4514 -0.2725283846488969 -0.3614501248786819 0
4515 0.3966738535170036 0.2590347697479585 0
4516 -0.3312928698181609 -0.3119894755036494 0
4517 -0.316364189584232 0.3554342922305906 0
4518 0.445742522539814 0.1753625638913948 0
4519 -0.1511588976784371 -0.448072771839355 0
4520 -0.3811551191622473 -0.2841855804186861 0
4521 -0.2794955380860862 -0.390065856837805 0
4522 0.4160011572253932 -0.1747872206256458 0
4523 0.1852492399077286 -0.4259373136037742 0
4524 0.07587688792753021 0.1708223595576089 0
4525 0.02911111822504393 0.2646287546559288 0
4526 0.115705505617363 0.3550298903419267 0
4527 -0.1786137143902755 0.206254013941913 0
4528 0.2034999296940315 -0.06832277128905039 0
4529 0.1474657889671755 0.1799654637364263 0
4530 0.1757180907698955 0.1718860543924548 0
4531 0.1626494145286148 0.3965594966415693 0
4532 0.07561504277978474 0.2611423319196988 0
4533 0.08513743846108274 0.3581050276730622 0
4534 0.2084272319454032 0.1736461092683732 0
4535 0.2331625433138888 -0.1743154023447289 0
4536 0.2328992180254871 -0.07549413543985703 0
4537 -0.07619962132529491 0.1650711537637896 0
4538 0.1295710023989169 0.2581380214583277 0
4539 -0.04775228925060453 -0.2430034309308663 0
4540 -0.03936677318804171 0.06560130690150269 0
4541 -0.01654669194433592 -0.2308494392034388 0
4542 0.2250516191276042 0.3545311831542353 0
4543 0.1782675788358354 0.3489852543917494 0
4544 0.05512893474298616 0.3594303198333737 0
4545 -0.01484038622291182 0.2154695420919336 0
4546 0.0132694041341149 0.234224224207657 0
4547 0.200489278698419 -0.1921126478899664 0
4548 0.1865761563494106 0.08707250560775275 0
4549 0.2262305214325772 0.2665967379725919 0
4550 0.04222167631013474 -0.2005152391498545 0
4551 -0.1244459922639437 0.02100170982942705 0
4552 0.1514002405482742 0.08480358818230094 0
4553 -0.002069479072043039 0.1157671453187227 0
4554 0.2146788034250568 0.005070654372496775 0
4555 0.2157385162658894 0.0833269945467154 0
4556 -0.03974752057582457 0.3111554311036682 0
4557 0.244288739705811 0.08075043678487448 0
4558 0.1697229903269677 0.0071105007535946 0
4559 -0.08972181226597424 0.2667595597948995 0
4560 -0.120317739703035 0.2464414259086214 0
4561 0.08068568260754248 -0.2774880239870041 0
4562 0.02230950152384232 -0.466315838077673 0
4563 0.2611222767866248 -0.1563766067548495 0
4564 0.2401600951233377 -0.3136310504395225 0
4565 -0.0529683498387438 0.1908250151727994 0
4566 -0.2142310235308356 0.2089447811215359 0
4567 -0.1281716219509903 0.1314099259503544 0
4568 0.2425567234733385 -0.0001141287900549036 0
4569 0.01522185447547294 -0.2129550238094318 0
4570 0.03253301670932812 -0.2653893056194033 0
4571 -0.09336786137697779 -0.1810182772192312 0
4572 0.1992636651565093 -0.263711751707682 0
4573 -0.05683120351549833 -0.2779831150333941 0
4574 0.1235989522196377 0.07160882440868337 0
4575 0.1382823041043721 -0.2147655905900265 0
4576 0.1688113234929104 -0.1159292568267098 0
4577 -0.02135718519839254 -0.3381671825594124 0
4578 0.06685099397777106 -0.182465019413709 0
4579 0.2681157753169648 0.08200096890066959 0
4580 0.1686377466809277 0.2178841598970895 0
4581 0.009356041647462435 -0.3306440583566924 0
4582 -0.181377393131648 0.2597104009709719 0
4583 -0.06278786569658333 0.01215737674639116 0
4584 -0.2452348626082539 0.2125497278259056 0
4585 -0.2655354933699799 0.2420024411697861 0
4586 -0.04553556378356608 -0.3161817531905792 0
4587 -0.0696851584646612 0.06901098385777728 0
4588 0.330477252249736 -0.02924609306769605 0
4589 0.3092592256493831 0.1470723603090938 0
4590 -0.1863115065797874 0.03014359878704215 0
4591 0.3442107479733691 -0.1071621378791665 0
4592 -0.1214157164997713 0.1936138537953142 0
4593 -0.1784323483740138 0.2908755591933201 0
4594 0.3015061742662853 -0.3286091800585362 0
4595 -0.05979215484120213 0.1446798720511136 0
4596 0.02119788723404956 0.05438714415773308 0
4597 -0.1446010410940338 0.3074439781912583 0
4598 -0.09371329238725608 0.3383571953475666 0
4599 -0.09500576899280587 0.011708274732077 0
4600 0.1679639340641857 -0.1996871267065853 0
4601 0.05857792519323957 0.1046532673792659 0
4602 0.3060271026788314 -0.04172466244928583 0
4603 -0.03843242828813971 -0.1700700678382414 0
4604 -0.1585153846163411 0.08346820671907081 0
4605 0.2402705518811019 0.1942226497479632 0
4606 0.1106718229304635 -0.1552610408122853 0
4607 0.2914226217631161 0.07720572009172673 0
4608 -0.2458885332026474 0.05275880020120702 0
4609 0.2764693655414011 0.1537872487493579 0
4610 0.2402462552199777 0.1605989035887808 0
4611 0.2607476989027606 -0.2522933652707106 0
4612 0.02579561126334081 0.3586539768038738 0
4613 -0.01065072688194167 0.2840225675144634 0
4614 -0.001757947029995454 0.3599351149901535 0
4615 0.2642149068233519 0.01370123345846289 0
4616 -0.06503422024427206 -0.1764961703691635 0
4617 0.0948679981934422 0.09317271019119926 0
4618 0.07325998740697919 -0.2204347359755972 0
4619 0.01950115816893499 0.1450413899604725 0
4620 -0.06280069373383952 0.2904337493332485 0
4621 -0.1575025135515687 0.1465394642482385 0
4622 -0.2607173218853759 0.02729294945858986 0
4623 0.1452675182890144 -0.05189581171996093 0
4624 -0.07518722929619892 -0.05203007800979026 0
4625 0.07511757520378233 0.3872539117684481 0
4626 0.1976126641139737 -0.1376894012681077 0
4627 0.08440787035322699 -0.1629670392107151 0
4628 0.3154338680074203 -0.2685940735430718 0
4629 0.143703437470101 -0.1408449334826001 0
4630 -0.1077504128457889 -0.2442708145581508 0
4631 -0.01110337077767684 -0.1573246204844814 0
4632 0.04995583635993763 0.3095809304010994 0
4633 -0.2166906589794817 0.0966959992351387 0
4634 0.1371527082958095 -0.1789208612214837 0
4635 -0.1354654267475593 -0.008095176755437201 0
4636 0.03858586762476472 0.07718247634612067 0
4637 0.1478450200326807 0.01048910044790515 0
4638 -0.1178793727197304 0.321919968740203 0
4639 0.2525486253579372 -0.05693173412505035 0
4640 0.2325262088622247 0.379087706567513 0
4641 -0.1503823813370602 0.4426452304874435 0
4642 0.2533436324533394 -0.09414460065127592 0
4643 0.09252082248119421 -0.2509278184737785 0
4644 0.02218862220626082 -0.3014894484045391 0
4645 -0.0537912246880962 0.2411624822753126 0
4646 0.2083315694481129 -0.2268183270896794 0
4647 -0.4565772111168245 0.1264373065427553 0
4648 0.1780684802307595 0.4207468507527354 0
4649 0.275187163892589 -0.308067467293967 0
4650 0.2292196626168303 -0.2567488256813577 0
4651 -0.07784180786890726 -0.3062481382815933 0
4652 -0.2471338514189541 0.2684689923215749 0
4653 0.2595908172847265 0.2667755145933615 0
4654 0.2811494708593686 -0.05022648964569729 0
4655 0.004189771216611598 -0.4379881952573732 0
4656 -0.09423658963160189 0.08372932804670397 0
4657 -0.1300474809156109 -0.1216355778092487 0
4658 -0.2468372403521933 0.1562994762276363 0
4659 0.2470125430261377 -0.3693923373384521 0
4660 0.3082646812290426 -0.2960515022094811 0
4661 0.2685663549907172 -0.2244377891360348 0
4662 -0.277308636003948 0.2132292157659372 0
4663 -0.02148872675264014 -0.0449637943742115 0
4664 0.0759434174978143 0.03086058481044757 0
4665 -0.09742193541894835 -0.05937817681911756 0
4666 -0.1224622177633405 -0.1862395946445121 0
4667 -0.1505995021066945 -0.1350126777006508 0
4668 0.1400580241457475 -0.2765491388284292 0
4669 -0.08186670037153355 -0.1158006319260387 0
4670 0.2423171303756719 -0.3418202050279562 0
4671 -0.01096917804841531 0.01328277800519909 0
4672 0.3108315869934716 0.0882281495752063 0
4673 0.2413353780158138 0.2307422966121709 0
4674 0.05244996539234666 -0.2837056769045267 0
4675 -0.1891692658635146 0.1473687306503956 0
4676 -0.1493889870870089 -0.1918114788435259 0
4677 0.1248772628934002 0.00955507636710533 0
4678 0.1124423753472298 -0.230062563952225 0
4679 0.2691680901524946 0.2892654207052965 0
4680 -0.2020308266068146 -0.1991800323784035 0
4681 0.1331788350662881 0.4242192526734435 0
4682 -0.05816692743610621 -0.1100905574531841 0
4683 -0.2749295874199386 0.1120590919468046 0
4684 0.09449477276429341 -0.030798949034623 0
4685 0.2499097995782031 0.3366216281552145 0
4686 0.2939332062994977 0.2111855632711846 0
4687 0.289642493457771 0.01194651554856371 0
4688 -0.1070072790873801 -0.1181612734232285 0
4689 -0.01552148385787887 0.3353986434050031 0
4690 -0.2306048847528891 0.0737479098381927 0
4691 -0.1476684363917749 -0.163891678494345 0
4692 -0.07779463660813635 -0.2453036092122769 0
4693 0.3615470446642678 0.0166914401403221 0
4694 0.1902920631917369 -0.2925425492900256 0
4695 0.1738822907098793 -0.05880752816957215 0
4696 -0.1164237410951086 0.2838613176845634 0
4697 0.3599262689890717 -0.04245592275416449 0
4698 0.1672908075298928 -0.2692175179193998 0
4699 0.1391054755798998 0.1339032298659802 0
4700 -0.3053915514781493 0.1669103979423273 0
4701 0.1278654081986925 -0.3044203965310931 0
4702 0.04151498678505976 -0.01164540556528374 0
4703 -0.3191304804655745 0.1462269748657228 0
4704 -0.1613018130490272 -0.2464531686387624 0
4705 0.2079913681159973 0.4272650085943488 0
4706 -0.2620264377183663 -0.1752268424080376 0
4707 -0.04967466846391742 -0.04868443221954272 0
4708 -0.008414717414989954 0.06286766227522596 0
4709 -0.170687297553301 0.05741441695759967 0
4710 -0.05335257532588245 0.04422584549250962 0
4711 -0.03200456727635858 -0.1034271108919084 0
4712 -0.2917217929919815 0.1897090978040642 0
4713 0.03348798512823031 -0.4319427066447226 0
4714 -0.06690919588358185 0.3207462207053997 0
4715 -0.2932054477311532 0.08865846488602143 0
4716 -0.1723707125587562 0.1748259160694203 0
4717 -0.03530235723110977 0.01101136124499556 0
4718 0.08312491821414973 -0.1041189821765124 0
4719 -0.04559220194298169 -0.3518097464519989 0
4720 0.07566784984845612 0.4209291726059736 0
4721 0.044572574625825 -0.4042604416608095 0
4722 -0.03998569623867012 -0.2066524895549992 0
4723 -0.06282011332592692 -0.4679218460403576 0
4724 0.3588760988740387 -0.009035877819417783 0
4725 0.1071195198561026 -0.09055343304133384 0
4726 -0.04367229109311428 -0.3784175947056901 0
4727 -0.3118075455008424 0.0619750927003612 0
4728 -0.2030943167367991 0.1209417045653181 0
4729 -0.3358296190082901 0.1231393936043884 0
4730 0.2593806035635857 -0.1263391099287327 0
4731 0.05960994543904799 0.01041205458259531 0
4732 -0.06608381132887849 -0.3697301380691619 0
4733 -0.05388404902997283 0.3749832618099735 0
4734 0.005213484575612056 0.03182072302161199 0
4735 -0.318159684484258 0.2383281239394086 0
4736 -0.1352409819445488 -0.2448932173167529 0
4737 0.1917322932117006 0.1285949176931183 0
4738 -0.07256521744577051 0.3555123199868733 0
4739 -0.09972030313962787 -0.2143328737909179 0
4740 -0.1931174153185099 0.3483145008101201 0
4741 0.3330472026442171 0.09639906784082521 0
4742 -0.2318687281645369 0.1817114249272649 0
4743 -0.2261310558444285 -0.2105614546758185 0
4744 -0.2081793224862991 0.005458085321524808 0
4745 -0.472298642761048 0.04001964322537532 0
4746 0.3650002094652445 -0.2792982711115108 0
4747 -0.1405246700575588 0.3727996383444562 0
4748 0.1271080922300239 -0.07316487335819329 0
4749 -0.1053929956494557 -0.3005304135362133 0
4750 0.3692862374625827 -0.08030627057742035 0
4751 -0.2608272134408605 0.1336885460946552 0
4752 0.02574824643299205 -0.3821786770460724 0
4753 -0.1702042870346216 0.3283883400992149 0
4754 0.272171142181691 0.317110537215231 0
4755 -0.1546176746498652 0.02418153002425681 0
4756 -0.3023824049006599 -0.13513845260689 0
4757 -0.2599421252519089 0.3176032170625906 0
4758 0.01662084423530344 -0.1807595029622532 0
4759 0.07640237881211398 -0.04809465357583931 0
4760 0.2504733327144903 0.1076154531621182 0
4761 0.2666233790834126 0.2136537444484287 0
4762 0.05382212447370156 -0.3776491083056387 0
4763 -0.06720560453060113 0.4663609751155693 0
4764 -0.09411158599294038 0.4544607728725433 0
4765 -0.1656968542108672 0.3602567476368593 0
4766 0.1021757796307672 0.4354996559602606 0
4767 -0.1116831985273558 0.04736300774166167 0
4768 -0.1872184886989782 0.08988101588881342 0
4769 -0.3066837306349858 0.2134123786732536 0
4770 0.3426897471019291 -0.2620387809306281 0
4771 -0.1305534901280074 -0.2969584989253268 0
4772 0.1331856741365462 -0.1069718957555567 0
4773 -0.1305842282911621 0.07876525766720527 0
4774 0.3335228133851525 0.1592311573079833 0
4775 -0.1863064846977375 -0.2504480364807044 0
4776 -0.08783158682403218 -0.147440437574283 0
4777 -0.2475716154454393 -0.143202856310434 0
4778 -0.217446485314194 0.04170989871813319 0
4779 0.2190761127788304 -0.3630857767268489 0
4780 -0.07066433560856199 -0.019191492779526 0
4781 0.3030601822656003 -0.07310659862756914 0
4782 0.1192523575349689 -0.04110686646266001 0
4783 0.004999512203158469 -0.3596210340653876 0
4784 0.2588736115396205 -0.1923630791125251 0
4785 -0.02802294705239095 -0.397231630229789 0
4786 -0.1179627418045155 0.3555504344051041 0
4787 -0.1189071289442962 -0.2720953671974272 0
4788 -0.2509786467354952 -0.2049821192677168 0
4789 0.3088532959726081 -0.006966265178595957 0
4790 -0.1458329902338686 0.1097933384858098 0
4791 0.04935520994119477 0.04314427665558693 0
4792 -0.2175756561303119 0.1520308778978707 0
4793 -0.155074248170663 0.4135322639771903 0
4794 -0.349116757093491 0.192762902320009 0
4795 -0.4603195816097337 0.07144129388998796 0
4796 -0.02794477083942153 0.3646398348103948 0
4797 0.318432975397038 -0.09460707927031971 0
4798 0.1645957405866006 -0.02498210693255554 0
4799 0.02802823321055329 0.1152691361000895 0
4800 -0.1554134396868933 -0.2199700155245426 0
4801 -0.001994049006122279 -0.3886379704588354 0
4802 0.2996655224752501 0.1795816525517191 0
4803 -0.2759185654127495 0.162210514406493 0
4804 -0.2459370529860805 0.1041945656971076 0
4805 0.1410825139777947 -0.247890899601412 0
4806 -0.3884107155727703 0.1386862729828566 0
4807 -0.4295722505184493 -0.2102285806982923 0
4808 0.3230104961705421 -0.2417195035148498 0
4809 -0.3739638526988329 0.1547578269220739 0
4810 0.06870938005050227 -0.3303797469162272 0
4811 0.1097164283424442 -0.009623356014408264 0
4812 0.1101613438339923 -0.2773690361859855 0
4813 0.06010033391085789 -0.3527234215903997 0
4814 0.3175268526794375 0.2045542414604535 0
4815 -0.1210728278254959 -0.3484229606403273 0
4816 0.07502092279849931 -0.305175914127868 0
4817 -0.335464451927789 0.2146659001323502 0
4818 -0.09660576828046817 -0.3285247924875256 0
4819 -0.1206000692156959 -0.07255389375022014 0
4820 0.3326576695869409 -0.1401831799027504 0
4821 -0.4387362393639436 0.1098066572633275 0
4822 -0.441651600645624 -0.1881942463222293 0
4823 0.0769432988599499 -0.4383031054018798 0
4824 0.2883686840949107 -0.1040105300400849 0
4825 -0.1604697804021171 -0.02575573361948971 0
4826 -0.3629538142066266 0.09822608980802792 0
4827 -0.1592495780475671 -0.2964956495725927 0
4828 -0.1617748280294905 0.3877836802421681 0
4829 0.3138918876869592 0.02571959738304398 0
4830 0.01082249908302594 0.001171907966698689 0
4831 -0.3609193124711201 0.1736329773331808 0
4832 -0.01241561493441603 -0.4159452999439687 0
4833 0.02188281153681 -0.1395762396974993 0
4834 -0.03893007460354819 -0.4751411584496078 0
4835 0.05918450498689724 -0.06436857916388843 0
4836 -0.1818879869882803 0.4043276084120466 0
4837 0.1034422495431928 0.0211828596824312 0
4838 0.3859779957681138 -0.1472747912558703 0
4839 0.01317855014897001 -0.03523329489515716 0
4840 -0.2060540082444809 0.422737875731316 0
4841 0.255425410278346 -0.2825632011434336 0
4842 -0.1754333904984535 -0.194139047975362 0
4843 0.2778840634428435 0.2385209547110967 0
4844 -0.09246479367369609 -0.3572315249947378 0
4845 -0.2104533195885373 -0.2549135588976939 0
4846 -0.01461279938509515 -0.01218804797409573 0
4847 -0.1178531757318582 0.383988718495917 0
4848 -0.3062738811101489 0.1172200722651632 0
4849 -0.09666041377700103 0.3986966226437662 0
4850 0.04243141154890584 -0.3292070137928999 0
4851 -0.4352246944422024 0.1740007466129466 0
4852 -0.4382406366061384 0.003743553513302586 0
4853 0.06786137777721525 -0.02027906655811243 0
4854 0.3992154856224323 -0.1283267843746517 0
4855 -0.1947705762184463 -0.1670928639086153 0
4856 -0.1744650506109382 -0.2722548640296916 0
4857 0.315747718651614 0.1151056547241139 0
4858 0.2103162796355603 -0.02667583340892437 0
4859 0.05535502431490699 -0.1198879532046895 0
4860 0.01861930457562109 0.3985962676736942 0
4861 -0.2555624222027487 0.3573445771407711 0
4862 0.2938559164135984 -0.2075695715077892 0
4863 -0.4317638714304539 0.1326843086977877 0
4864 -0.3339947684117095 0.170384156008177 0
4865 0.09857319364750412 -0.3273062224018098 0
4866 -0.207931871245601 -0.2307028752352094 0
4867 0.3110700456276403 -0.1549420663814385 0
4868 0.09956994586279633 0.05414141172706117 0
4869 0.04590431229670496 0.409276531467387 0
4870 0.129881621337159 0.03875005694868432 0
4871 -0.1716377920581408 -0.149777026811712 0
4872 0.2264899204475778 0.4069760263306237 0
4873 0.3097047889468834 0.2355429617836088 0
4874 0.2869607723250533 -0.1734121870798485 0
4875 -0.2023996907257011 -0.1035498366695462 0
4876 -0.2782685383405146 0.05651657290027673 0
4877 -0.3781401004544255 0.2355382213901021 0
4878 0.2058836213269722 -0.3104253251252233 0
4879 -0.3662142638353392 0.3025174022952306 0
4880 -0.3298181639502262 -0.1210346870282478 0
4881 0.3623325855880913 -0.3074998853536909 0
4882 -0.07558925793802342 0.3861628917059483 0
4883 -0.4084520559513849 0.1350059746568399 0
4884 0.4648652167741605 -0.0358080620242635 0
4885 -0.02652278177505558 -0.07263341005758404 0
4886 -0.2765230679372039 -0.1976367614960254 0
4887 -0.03503322160325281 -0.1347932932220194 0
4888 -0.2058046733845854 0.395769136932887 0
4889 0.2612698788473515 -0.02250866285822198 0
4890 -0.1246624486228599 0.415900801340462 0
4891 -0.2964072540165806 0.02735526788904737 0
4892 -0.2415729028782765 0.001035854065814677 0
4893 -6.235898970578751e-05 -0.0935114961924927 0
4894 -0.151552721875284 -0.1098896887742188 0
4895 -0.1280902956942798 -0.09796556878402722 0
4896 0.128303214825471 0.4535294922809363 0
4897 -0.3851144749597351 -0.124550161210518 0
4898 -0.2528740216876267 -0.11045013564851 0
4899 -0.3955886577272991 0.2602835359096237 0
4900 -0.1478470330670573 -0.338228983841888 0
4901 -0.3113344592576024 -0.165376873721249 0
4902 0.3831814160973377 -0.2899022264764538 0
4903 -0.433592639410357 -0.1330779260450035 0
4904 -0.2817064487932193 -0.1062525936310506 0
4905 0.2842160949028608 0.04459995197646886 0
4906 -0.4075457937988844 -0.1423753416627372 0
4907 -0.472835954398601 -0.06493933347287734 0
4908 0.4683169976593162 0.01739789112263782 0
4909 0.4468939836437871 -0.006353865175189859 0
4910 0.3390780523679001 -0.1741018642979797 0
4911 0.3476853308156762 0.3318095647606971 0
4912 -0.3882098499242978 -0.03596722998115715 0
4913 0.08340776940167484 -0.1360190935933977 0
4914 -0.07787888573117724 -0.08436267480182881 0
4915 -0.4182761148652411 -0.1147966521076211 0
4916 0.4027046437476771 0.05035601013915751 0
4917 -0.1945015106443581 -0.1303088633020659 0
4918 -0.05863754933658955 -0.3996273029997014 0
4919 -0.3896455225622715 0.1165625236205499 0
4920 0.08074740875648728 -0.07602942587161816 0
4921 0.1718143434871371 -0.3249270581503877 0
4922 -0.1469210695310424 -0.3147742304925393 0
4923 -0.1355988078471544 -0.04520000661880067 0
4924 -0.2283458853238679 0.3357212989382552 0
4925 0.259461460757186 0.3979329649766538 0
4926 0.4438991411056327 -0.05277601351498416 0
4927 0.3862377326563559 -0.04800518594779171 0
4928 -0.08668545240604282 -0.3866120504451485 0
4929 -0.1932229023232413 -0.2957352548572457 0
4930 0.3384546438935184 0.22716986241915 0
4931 0.05842837388173878 -0.15166045706922 0
4932 -0.03197134087057365 0.3966866096852236 0
4933 0.4298773028575374 -0.1532812515049138 0
4934 -0.03234576052479783 -0.4460645269261699 0
4935 -0.2371218337592348 -0.2418383832697495 0
4936 -0.3432388825554285 -0.04293598615399569 0
4937 -0.2802450455337079 -0.1548034653692681 0
4938 -0.2211435974328993 -0.3018596494904278 0
4939 0.0820861442941678 -0.3723097554244446 0
4940 0.2265367172771932 0.05663195096442797 0
4941 -0.2950252468638225 0.2604140467573076 0
4942 -0.45445632126627 -0.1086055876930946 0
4943 0.3429438831666499 0.1894321496349833 0
4944 0.3652443931239047 -0.2544313186835182 0
4945 -0.2556678448235786 0.392880182868849 0
4946 -0.3928806674143383 0.2045602966083595 0
4947 -0.3254411543815529 -0.1927134375864742 0
4948 0.3759149803162691 -0.1175726328130615 0
4949 -0.3664045965339027 0.1304278950025161 0
4950 -0.1777705576352469 -0.1032360018522131 0
4951 0.3569260448282156 0.07067824751453185 0
4952 -0.3748583171766463 0.07024877675860484 0
4953 -0.3981592229452214 -0.1702085673881809 0
4954 -0.4218370647300331 0.155333976517512 0
4955 -0.3630285997285105 0.2132878412047886 0
4956 0.3145925403184646 0.05778934901337199 0
4957 -0.07788065225196114 0.410871337129222 0
4958 -0.123072078871423 -0.4554238105287494 0
4959 -0.4109984699840783 0.1784600324748198 0
4960 -0.3357154104235887 0.2928588516878111 0
4961 -0.2954626293921671 -0.04812854062925164 0
4962 -0.3238605741532162 0.007983186217387958 0
4963 0.3824882528734599 -0.02075283704787346 0
4964 -0.3846822188887404 0.177158282728178 0
4965 0.296147345554454 0.3014527124015486 0
4966 -0.3266177294959242 -0.09101578265154886 0
4967 0.4038972068985201 0.02587908643242841 0
4968 -0.3629274491756003 0.2694467883951167 0
4969 0.2829766839355837 0.3502100946309184 0
4970 0.09622666518585783 0.4637067066237868 0
4971 0.3114747810268788 -0.1844361754872988 0
4972 -0.1546521737650313 -0.07966327511319261 0
4973 -0.3375439515007703 0.3257287535729842 0
4974 -0.3146893918522959 -0.02647138522310201 0
4975 -0.08379806189932054 -0.4125639865271609 0
4976 0.1262460120782636 -0.4009420953460203 0
4977 0.2165084596251128 -0.09256547160850893 0
4978 0.08887266886134726 0.1986074944240428 0
4979 0.2850555684784662 0.3819010188868457 0
4980 0.04557261784764433 0.2490555139968685 0
4981 0.1711574193059205 0.3748981622180678 0
4982 -0.1976725620434381 0.2366933402872188 0
4983 0.1173739033212756 0.1963791342559764 0
4984 0.1869773308258289 0.1962568120216321 0
4985 -0.4715716268879764 0.0007891931829990808 0
4986 -0.1422248256189526 0.1761001527145139 0
4987 -0.4381216839651297 -0.1602665654018557 0
4988 -0.4704618304185442 -0.03969339334381437 0
4989 0.1029108245061743 0.2462537409206903 0
4990 0.2325321500285352 -0.1465650539724542 0
4991 0.04141341366143592 0.2128157365021272 0
4992 0.2068505488711667 0.2363211625389606 0
4993 0.1888741476527172 0.3227380848202396 0
4994 -0.23652198537583 0.2991731153735017 0
4995 0.1494453806421518 0.2380495995651698 0
4996 0.1652714038861277 0.196605780668589 0
4997 -0.1097233087324225 0.1588861178067567 0
4998 0.001327771969446442 0.2655457656895819 0
4999 0.2109663613086699 -0.335593712580482 0
5000 0.01841988941039882 0.2897615623113656 0
5001 0.1783591926594755 0.2394144142863231 0
5002 0.228397039434497 -0.2011368079710584 0
5003 0.1342029162341199 -0.3376632984808056 0
5004 0.1109825321495109 0.3796008837683746 0
5005 0.1852855017676856 0.1495329365924928 0
5006 0.1478130031792142 -0.3156170842315996 0
5007 0.1348569707205365 0.3994630882750899 0
5008 0.141556308303178 0.3748725376835677 0
5009 0.07797127599096164 0.2913532640856762 0
5010 -0.1414811135076919 0.2098972750970211 0
5011 0.06032370821515204 0.1984491415841234 0
5012 -0.02364553025023211 0.2404822201199691 0
5013 0.2186448329296795 0.3245545407195115 0
5014 0.1991923763578865 -0.110386424194713 0
5015 -0.4403812738589293 -0.02450301453693984 0
5016 0.09855361840293921 0.3317793015936349 0
5017 0.09909813458033724 -0.4593158209775075 0
5018 0.03672126406120529 0.3377220207897982 0
5019 0.0235661749110663 0.4238245336911861 0
5020 0.159269458258091 0.3222332414761844 0
5021 -0.05465447516113566 0.2145832489106405 0
5022 -0.090204236082219 0.18984349519698 0
5023 -0.02610170537528459 0.1874111177848513 0
5024 0.2568630428181514 0.3664357596322645 0
5025 0.1731301496968977 0.1070636085303256 0
5026 -0.114085344719511 0.0001678620597546122 0
5027 0.191210732595683 0.4001899691234889 0
5028 -0.2832985746040194 0.313152470093381 0
5029 0.1927025826563166 -0.04068780154599941 0
5030 0.3813543881577504 0.008908404107172087 0
5031 0.1990818589931726 0.3435149918028449 0
5032 0.1427716056092687 0.111040217260936 0
5033 -0.3115948600273818 0.3320607707519901 0
5034 -0.01250862792925846 -0.3040722836356631 0
5035 0.1536954111465242 0.4153210475339463 0
5036 0.4044935225741667 -0.03020556042202016 0
5037 -0.008623059365530291 0.1430319651705138 0
5038 -0.03527863357592442 0.2864710958162223 0
5039 -0.3201935039778772 -0.0592159121523833 0
5040 0.4368008128801293 -0.09971977178746555 0
5041 -0.03814480517666236 0.1224000036584129 0
5042 0.01539721934841406 0.3766655218527366 0
5043 -0.2090531278204844 -0.05282196159186604 0
5044 0.2552745036887107 -0.4006723523904946 0
5045 0.04025161980638615 -0.2319581314142477 0
5046 0.3417127574990496 0.04090044494030914 0
5047 -0.4513021609304942 0.0229447527562485 0
5048 0.3297312539408292 -0.3152319570052501 0
5049 -0.05728177067843452 0.08996254401178254 0
5050 0.001830198368900692 0.1666708155507005 0
5051 0.1862454418443019 0.4417472058336915 0
5052 0.2206431853793711 -0.05046959650148816 0
5053 0.1460390183306536 0.3521738368365505 0
5054 0.2085077649049014 -0.1625744276853463 0
5055 -0.05060425555040528 0.1696496113096891 0
5056 0.1300418443201442 -0.3734084426458457 0
5057 -0.05810075124349572 0.2660301697640191 0
5058 0.005644029972429324 -0.2793621580232564 0
5059 0.1907155422273841 0.02213353007507729 0
5060 -0.2432900470061488 -0.2881959490466609 0
5061 0.205317234443275 0.1065719934854432 0
5062 0.01254470295376902 0.342439732612155 0
5063 0.1958898127626112 0.05526048698532614 0
5064 0.2108622996671482 0.1468450246584647 0
5065 0.05660628674049419 -0.4263007902245134 0
5066 0.190455323142981 -0.009671842781051777 0
5067 0.1695539713990929 0.06585593545813805 0
5068 0.1860113615695103 -0.08851150797096147 0
5069 -0.2418500807777283 -0.26721565889691 0
5070 0.1480097189896183 0.05991770837671758 0
5071 0.203397905452574 0.372597613369789 0
5072 -0.2593669642102506 0.2884514855646015 0
5073 -0.01088079696355957 0.3051274075926254 0
5074 -0.02303109876163721 0.09155086309979039 0
5075 0.4770216700978006 0.04332426917967463 0
5076 -0.1604537771028644 0.2386919069498171 0
5077 -0.08432770174542077 0.139120678081032 0
5078 -0.09357542613703942 0.2389856896888955 0
5079 -0.2110660836141682 0.272096896189088 0
5080 0.3093234826944803 -0.2259984990785643 0
5081 -0.3589592665723919 -0.1023240738174443 0
5082 0.229633803278235 0.1031261794240871 0
5083 0.01575674714178944 0.4760300096202393 0
5084 0.448387369951581 -0.07599725818325657 0
5085 0.1270302618538349 0.3264034780738874 0
5086 -0.03068963966271372 0.1570522754297081 0
5087 0.1906471347979627 0.2171296908824643 0
5088 0.06629521176535104 0.3345790043271841 0
5089 0.1746273508243203 0.2935203260244401 0
5090 0.145863519970362 0.2077586562382827 0
5091 0.07701875128675198 0.4460616556451854 0
5092 -0.3361506480932952 -0.1495522059441307 0
5093 -0.269932470175485 0.2702699005091727 0
5094 0.2583096914527648 -0.3260300818560893 0
5095 0.4691805781828973 -0.06703659971502435 0
5096 0.1598377591856659 0.2645231391028204 0
5097 0.1247421121744739 0.09504455728031923 0
5098 0.1950980290610647 0.2654233163388751 0
5099 0.0372640475296727 0.1760054001931945 0
5100 -0.3562282736910635 -0.1303462901073723 0
5101 0.04861468768154571 0.2776186353444968 0
5102 0.1872946830841461 -0.2131655760967584 0
5103 -0.02197177818000318 -0.2679998659369186 0
5104 0.1544881317311765 0.1535690749080126 0
5105 -0.3744137474580738 -0.1754215821225519 0
5106 -0.102800734429033 0.1209837640746666 0
5107 0.1160033537631861 0.159570728284841 0
5108 -0.07414741332235937 0.2462177484889496 0
5109 0.2124180293895462 0.208053120178594 0
5110 0.04828976827763309 -0.4751999451533703 0
5111 0.009011030652606358 -0.2484893616506256 0
5112 0.2069846953431539 0.2947549949637336 0
5113 0.137147162898266 0.2923222310927339 0
5114 0.08477862898390676 0.1316944664037252 0
5115 0.2557442880341535 0.1329142282381505 0
5116 0.2357379971608758 0.02661482164818141 0
5117 -0.1064648745397594 0.2160617069209465 0
5118 0.4531372770261589 -0.1177144619371409 0
5119 -0.01278230577604363 0.4792973233003249 0
5120 -0.03421179335208151 -0.2915592544491387 0
5121 0.09953170346833479 0.1813449291306173 0
5122 0.1712036619486604 -0.1399247939645238 0
5123 0.1012139759979282 0.2194123164981633 0
5124 -0.1352833144169983 0.1535437475553889 0
5125 0.07113443051905062 -0.468447095257504 0
5126 0.3018424306340202 -0.3601309427185296 0
5127 0.03574668785779084 0.465401465548909 0
5128 0.2795323069797993 -0.3792469591892476 0
5129 0.104913955068733 0.3057554187502402 0
5130 0.008805828682654638 0.1987661393884107 0
5131 -0.05285633797520403 0.4507297235409826 0
5132 0.4758327950377866 -0.01099065695755541 0
5133 -0.07276395941705911 0.1168126983206186 0
5134 0.1047803526983 0.2756819927632368 0
5135 0.2368990201864393 -0.4160862072938839 0
5136 -0.158672591518919 0.1917693394557171 0
5137 0.3475235071766495 -0.3298146832321222 0
5138 0.3276196809551294 -0.3435992546156488 0
$EndNodes
$Elements
10274
1 1 2 3 5 5 109
2 1 2 3 5 109 110
3 1 2 3 5 110 111
4 1 2 3 5 111 112
5 1 2 3 5 112 113
6 1 2 3 5 113 114
7 1 2 3 5 114 115
8 1 2 3 5 115 116
9 1 2 3 5 116 117
10 1 2 3 5 117 118
11 1 2 3 5 118 119
12 1 2 3 5 119 120
13 1 2 3 5 120 121
14 1 2 3 5 121 122
15 1 2 3 5 122 123
16 1 2 3 5 123 124
17 1 2 3 5 124 125
18 1 2 3 5 125 126
19 1 2 3 5 126 127
20 1 2 3 5 127 128
21 1 2 3 5 128 129
22 1 2 3 5 129 130
23 1 2 3 5 130 131
24 1 2 3 5 131 132
25 1 2 3 5 132 133
26 1 2 3 5 133 134
27 1 2 3 5 134 135
28 1 2 3 5 135 136
29 1 2 3 5 136 137
30 1 2 3 5 137 138
31 1 2 3 5 138 139
32 1 2 3 5 139 140
33 1 2 3 5 140 141
34 1 2 3 5 141 142
35 1 2 3 5 142 143
36 1 2 3 5 143 144
37 1 2 3 5 144 145
38 1 2 3 5 145 146
39 1 2 3 5 146 147
40 1 2 3 5 147 148
41 1 2 3 5 148 149
42 1 2 3 5 149 150
43 1 2 3 5 150 151
44 1 2 3 5 151 152
45 1 2 3 5 152 153
46 1 2 3 5 153 154
47 1 2 3 5 154 155
48 1 2 3 5 155 156
49 1 2 3 5 156 157
50 1 2 3 5 157 158
51 1 2 3 5 158 159
52 1 2 3 5 159 160
53 1 2 3 5 160 161
54 1 2 3 5 161 162
55 1 2 3 5 162 163
56 1 2 3 5 163 164
57 1 2 3 5 164 165
58 1 2 3 5 165 166
59 1 2 3 5 166 167
60 1 2 3 5 167 168
61 1 2 3 5 168 169
62 1 2 3 5 169 170
63 1 2 3 5 170 171
64 1 2 3 5 171 172
65 1 2 3 5 172 173
66 1 2 3 5 173 6
67 1 2 3 6 6 174
68 1 2 3 6 174 175
69 1 2 3 6 175 176
70 1 2 3 6 176 177
71 1 2 3 6 177 178
72 1 2 3 6 178 179
73 1 2 3 6 179 180
74 1 2 3 6 180 181
75 1 2 3 6 181 182
76 1 2 3 6 182 183
77 1 2 3 6 183 184
78 1 2 3 6 184 185
79 1 2 3 6 185 186
80 1 2 3 6 186 187
81 1 2 3 6 187 188
82 1 2 3 6 188 189
83 1 2 3 6 189 190
84 1 2 3 6 190 191
85 1 2 3 6 191 192
86 1 2 3 6 192 193
87 1 2 3 6 193 194
88 1 2 3 6 194 195
89 1 2 3 6 195 196
90 1 2 3 6 196 197
91 1 2 3 6 197 198
92 1 2 3 6 198 199
93 1 2 3 6 199 200
94 1 2 3 6 200 201
95 1 2 3 6 201 202
96 1 2 3 6 202 203
97 1 2 3 6 203 204
98 1 2 3 6 204 205
99 1 2 3 6 205 206
100 1 2 3 6 206 207
101 1 2 3 6 207 208
102 1 2 3 6 208 209
103 1 2 3 6 209 210
104 1 2 3 6 210 211
105 1 2 3 6 211 212
106 1 2 3 6 212 213
107 1 2 3 6 213 214
108 1 2 3 6 214 215
109 1 2 3 6 215 216
110 1 2 3 6 216 217
111 1 2 3 6 217 218
112 1 2 3 6 218 219
113 1 2 3 6 219 220
114 1 2 3 6 220 221
115 1 2 3 6 221 222
116 1 2 3 6 222 223
117 1 2 3 6 223 224
118 1 2 3 6 224 225
119 1 2 3 6 225 226
120 1 2 3 6 226 227
121 1 2 3 6 227 228
122 1 2 3 6 228 229
123 1 2 3 6 229 230
124 1 2 3 6 230 231
125 1 2 3 6 231 232
126 1 2 3 6 232 233
127 1 2 3 6 233 234
128 1 2 3 6 234 235
129 1 2 3 6 235 236
130 1 2 3 6 236 237
131 1 2 3 6 237 238
132 1 2 3 6 238 7
133 1 2 3 7 7 239
134 1 2 3 7 239 240
135 1 2 3 7 240 241
136 1 2 3 7 241 242
137 1 2 3 7 242 243
138 1 2 3 7 243 244
139 1 2 3 7 244 245
140 1 2 3 7 245 246
141 1 2 3 7 246 247
142 1 2 3 7 247 248
143 1 2 3 7 248 249
144 1 2 3 7 249 250
145 1 2 3 7 250 251
146 1 2 3 7 251 252
147 1 2 3 7 252 253
148 1 2 3 7 253 254
149 1 2 3 7 254 255
150 1 2 3 7 255 256
151 1 2 3 7 256 257
152 1 2 3 7 257 258
153 1 2 3 7 258 259
154 1 2 3 7 259 260
155 1 2 3 7 260 261
156 1 2 3 7 261 262
157 1 2 3 7 262 263
158 1 2 3 7 263 264
159 1 2 3 7 264 265
160 1 2 3 7 265 266
161 1 2 3 7 266 267
162 1 2 3 7 267 268
163 1 2 3 7 268 269
164 1 2 3 7 269 270
165 1 2 3 7 270 271
166 1 2 3 7 271 272
167 1 2 3 7 272 273
168 1 2 3 7 273 274
169 1 2 3 7 274 275
170 1 2 3 7 275 276
171 1 2 3 7 276 277
172 1 2 3 7 277 278
173 1 2 3 7 278 279
174 1 2 3 7 279 280
175 1 2 3 7 280 281
176 1 2 3 7 281 282
177 1 2 3 7 282 283
178 1 2 3 7 283 284
179 1 2 3 7 284 285
180 1 2 3 7 285 286
181 1 2 3 7 286 287
182 1 2 3 7 287 288
183 1 2 3 7 288 289
184 1 2 3 7 289 290
185 1 2 3 7 290 291
186 1 2 3 7 291 292
187 1 2 3 7 292 293
188 1 2 3 7 293 294
189 1 2 3 7 294 295
190 1 2 3 7 295 296
191 1 2 3 7 296 297
192 1 2 3 7 297 298
193 1 2 3 7 298 299
194 1 2 3 7 299 300
195 1 2 3 7 300 301
196 1 2 3 7 301 302
197 1 2 3 7 302 303
198 1 2 3 7 303 8
199 1 2 3 8 8 304
200 1 2 3 8 304 305
201 1 2 3 8 305 306
202 1 2 3 8 306 307
203 1 2 3 8 307 308
204 1 2 3 8 308 309
205 1 2 3 8 309 310
206 1 2 3 8 310 311
207 1 2 3 8 311 312
208 1 2 3 8 312 313
209 1 2 3 8 313 314
210 1 2 3 8 314 315
211 1 2 3 8 315 316
212 1 2 3 8 316 317
213 1 2 3 8 317 318
214 1 2 3 8 318 319
215 1 2 3 8 319 320
216 1 2 3 8 320 321
217 1 2 3 8 321 322
218 1 2 3 8 322 323
219 1 2 3 8 323 324
220 1 2 3 8 324 325
221 1 2 3 8 325 326
222 1 2 3 8 326 327
223 1 2 3 8 327 328
224 1 2 3 8 328 329
225 1 2 3 8 329 330
226 1 2 3 8 330 331
227 1 2 3 8 331 332
228 1 2 3 8 332 333
229 1 2 3 8 333 334
230 1 2 3 8 334 335
231 1 2 3 8 335 336
232 1 2 3 8 336 337
233 1 2 3 8 337 338
234 1 2 3 8 338 339
235 1 2 3 8 339 340
236 1 2 3 8 340 341
237 1 2 3 8 341 342
238 1 2 3 8 342 343
239 1 2 3 8 343 344
240 1 2 3 8 344 345
241 1 2 3 8 345 346
242 1 2 3 8 346 347
243 1 2 3 8 347 348
244 1 2 3 8 348 349
245 1 2 3 8 349 350
246 1 2 3 8 350 351
247 1 2 3 8 351 352
248 1 2 3 8 352 353
249 1 2 3 8 353 354
250 1 2 3 8 354 355
251 1 2 3 8 355 356
252 1 2 3 8 356 357
253 1 2 3 8 357 358
254 1 2 3 8 358 359
255 1 2 3 8 359 360
256 1 2 3 8 360 361
257 1 2 3 8 361 362
258 1 2 3 8 362 363
259 1 2 3 8 363 364
260 1 2 3 8 364 365
261 1 2 3 8 365 366
262 1 2 3 8 366 367
263 1 2 3 8 367 368
264 1 2 3 8 368 5
265 2 2 2 11 741 175 176
266 2 2 2 11 742 110 111
267 2 2 2 11 743 305 306
268 2 2 2 11 744 240 241
269 2 2 2 11 664 385 761
270 2 2 2 11 665 386 762
271 2 2 2 11 666 387 763
272 2 2 2 11 667 388 764
273 2 2 2 11 174 175 797
274 2 2 2 11 797 175 741
275 2 2 2 11 239 240 798
276 2 2 2 11 798 240 744
277 2 2 2 11 304 305 799
278 2 2 2 11 799 305 743
279 2 2 2 11 109 110 800
280 2 2 2 11 800 110 742
281 2 2 2 11 171 172 733
282 2 2 2 11 301 302 734
283 2 2 2 11 236 237 735
284 2 2 2 11 366 367 736
285 2 2 2 11 767 431 779
286 2 2 2 11 768 432 780
287 2 2 2 11 766 430 778
288 2 2 2 11 765 429 777
289 2 2 2 11 752 420 796
290 2 2 2 11 749 417 793
291 2 2 2 11 750 418 794
292 2 2 2 11 751 419 795
293 2 2 2 11 789 413 753
294 2 2 2 11 790 414 754
295 2 2 2 11 791 415 755
296 2 2 2 11 792 416 756
297 2 2 2 11 789 421 777
298 2 2 2 11 790 422 778
299 2 2 2 11 791 423 779
300 2 2 2 11 792 424 780
301 2 2 2 11 749 409 785
302 2 2 2 11 750 410 786
303 2 2 2 11 751 411 787
304 2 2 2 11 752 412 788
305 2 2 2 11 781 405 753
306 2 2 2 11 782 406 754
307 2 2 2 11 783 407 755
308 2 2 2 11 784 408 756
309 2 2 2 11 90 89 911
310 2 2 2 11 65 64 912
311 2 2 2 11 15 14 913
312 2 2 2 11 40 39 914
313 2 2 2 11 393 951 1066
314 2 2 2 11 689 1038 1093
315 2 2 2 11 687 1040 1094
316 2 2 2 11 688 1039 1095
317 2 2 2 11 690 1041 1096
318 2 2 2 11 601 1145 1162
319 2 2 2 11 534 1021 1209
320 2 2 2 11 535 1018 1210
321 2 2 2 11 536 1020 1211
322 2 2 2 11 537 1019 1212
323 2 2 2 11 617 856 1230
324 2 2 2 11 618 854 1231
325 2 2 2 11 619 855 1232
326 2 2 2 11 620 853 1233
327 2 2 2 11 625 1076 1254
328 2 2 2 11 1254 1076 449
329 2 2 2 11 626 1077 1255
330 2 2 2 11 1255 1077 450
331 2 2 2 11 627 1078 1256
332 2 2 2 11 1256 1078 451
333 2 2 2 11 628 1079 1257
334 2 2 2 11 1257 1079 452
335 2 2 2 11 517 1188 1258
336 2 2 2 11 520 1185 1259
337 2 2 2 11 519 1186 1260
338 2 2 2 11 518 1187 1261
339 2 2 2 11 1283 971 401
340 2 2 2 11 1284 972 402
341 2 2 2 11 1285 973 403
342 2 2 2 11 1286 974 404
343 2 2 2 11 399 1024 1291
344 2 2 2 11 397 1022 1292
345 2 2 2 11 398 1023 1293
346 2 2 2 11 400 1025 1294
347 2 2 2 11 382 852 1299
348 2 2 2 11 384 851 1300
349 2 2 2 11 383 850 1302
350 2 2 2 11 682 1143 1303
351 2 2 2 11 681 1142 1304
352 2 2 2 11 680 1141 1305
353 2 2 2 11 436 1071 1330
354 2 2 2 11 1330 1071 583
355 2 2 2 11 435 1073 1331
356 2 2 2 11 1331 1073 582
357 2 2 2 11 434 1074 1332
358 2 2 2 11 1332 1074 581
359 2 2 2 11 433 1072 1333
360 2 2 2 11 1333 1072 580
361 2 2 2 11 629 637 1346
362 2 2 2 11 630 638 1347
363 2 2 2 11 631 640 1348
364 2 2 2 11 632 639 1349
365 2 2 2 11 691 409 1362
366 2 2 2 11 692 410 1363
367 2 2 2 11 693 411 1364
368 2 2 2 11 694 412 1365
369 2 2 2 11 1382 877 582
370 2 2 2 11 611 877 1382
371 2 2 2 11 1383 876 583
372 2 2 2 11 612 876 1383
373 2 2 2 11 1384 879 580
374 2 2 2 11 609 879 1384
375 2 2 2 11 1385 878 581
376 2 2 2 11 610 878 1385
377 2 2 2 11 1390 1055 579
378 2 2 2 11 1391 1056 578
379 2 2 2 11 1392 1057 577
380 2 2 2 11 445 676 1397
381 2 2 2 11 446 677 1398
382 2 2 2 11 447 678 1399
383 2 2 2 11 448 679 1400
384 2 2 2 11 1401 660 641
385 2 2 2 11 1402 661 642
386 2 2 2 11 1403 662 643
387 2 2 2 11 1404 663 644
388 2 2 2 11 564 1334 1432
389 2 2 2 11 563 1337 1433
390 2 2 2 11 562 1336 1434
391 2 2 2 11 561 1335 1435
392 2 2 2 11 1437 1255 450
393 2 2 2 11 629 1255 1437
394 2 2 2 11 1438 1254 449
395 2 2 2 11 630 1254 1438
396 2 2 2 11 1439 1256 451
397 2 2 2 11 631 1256 1439
398 2 2 2 11 1440 1257 452
399 2 2 2 11 632 1257 1440
400 2 2 2 11 1442 1307 558
401 2 2 2 11 1443 1309 560
402 2 2 2 11 1444 1306 557
403 2 2 2 11 1445 1308 559
404 2 2 2 11 1472 1335 565
405 2 2 2 11 1473 1336 567
406 2 2 2 11 1474 1337 566
407 2 2 2 11 1475 1334 568
408 2 2 2 11 664 1177 1484
409 2 2 2 11 665 1178 1485
410 2 2 2 11 666 1179 1486
411 2 2 2 11 667 1180 1487
412 2 2 2 11 659 744 1496
413 2 2 2 11 657 742 1497
414 2 2 2 11 656 741 1498
415 2 2 2 11 658 743 1499
416 2 2 2 11 1500 386 802
417 2 2 2 11 1501 387 803
418 2 2 2 11 1502 388 804
419 2 2 2 11 1503 1484 401
420 2 2 2 11 1504 1485 402
421 2 2 2 11 1505 1486 403
422 2 2 2 11 1506 1487 404
423 2 2 2 11 1511 1170 668
424 2 2 2 11 1512 1171 669
425 2 2 2 11 1513 1172 670
426 2 2 2 11 1514 1173 671
427 2 2 2 11 1515 409 691
428 2 2 2 11 785 409 1515
429 2 2 2 11 1516 410 692
430 2 2 2 11 786 410 1516
431 2 2 2 11 1517 411 693
432 2 2 2 11 787 411 1517
433 2 2 2 11 1518 412 694
434 2 2 2 11 788 412 1518
435 2 2 2 11 1519 1088 737
436 2 2 2 11 1519 1381 534
437 2 2 2 11 1520 405 781
438 2 2 2 11 1521 406 782
439 2 2 2 11 1522 407 783
440 2 2 2 11 1523 408 784
441 2 2 2 11 1525 1101 738
442 2 2 2 11 1525 1417 535
443 2 2 2 11 1526 1102 739
444 2 2 2 11 1526 1418 536
445 2 2 2 11 1527 1103 740
446 2 2 2 11 1527 1419 537
447 2 2 2 11 397 1511 1541
448 2 2 2 11 398 1512 1542
449 2 2 2 11 399 1513 1543
450 2 2 2 11 400 1514 1544
451 2 2 2 11 512 1021 1545
452 2 2 2 11 1545 1021 534
453 2 2 2 11 509 1018 1546
454 2 2 2 11 1546 1018 535
455 2 2 2 11 1546 1371 509
456 2 2 2 11 511 1020 1547
457 2 2 2 11 1547 1020 536
458 2 2 2 11 1547 1372 511
459 2 2 2 11 510 1019 1548
460 2 2 2 11 1548 1019 537
461 2 2 2 11 1548 1373 510
462 2 2 2 11 649 717 1552
463 2 2 2 11 650 716 1553
464 2 2 2 11 651 715 1554
465 2 2 2 11 1555 841 529
466 2 2 2 11 1564 1082 376
467 2 2 2 11 1565 1081 374
468 2 2 2 11 1566 1083 373
469 2 2 2 11 1567 1080 375
470 2 2 2 11 1568 1022 397
471 2 2 2 11 1568 1488 711
472 2 2 2 11 1569 1023 398
473 2 2 2 11 1569 1489 712
474 2 2 2 11 1570 1024 399
475 2 2 2 11 1570 1490 713
476 2 2 2 11 1571 1025 400
477 2 2 2 11 1571 1491 714
478 2 2 2 11 401 971 1572
479 2 2 2 11 707 1492 1572
480 2 2 2 11 402 972 1573
481 2 2 2 11 708 1493 1573
482 2 2 2 11 403 973 1574
483 2 2 2 11 709 1494 1574
484 2 2 2 11 404 974 1575
485 2 2 2 11 710 1495 1575
486 2 2 2 11 535 1417 1584
487 2 2 2 11 529 1370 1585
488 2 2 2 11 534 1381 1585
489 2 2 2 11 536 1418 1586
490 2 2 2 11 537 1419 1587
491 2 2 2 11 1597 437 769
492 2 2 2 11 1598 440 772
493 2 2 2 11 1599 439 771
494 2 2 2 11 1600 438 770
495 2 2 2 11 726 1504 1620
496 2 2 2 11 786 1516 1620
497 2 2 2 11 727 1505 1621
498 2 2 2 11 787 1517 1621
499 2 2 2 11 728 1506 1622
500 2 2 2 11 788 1518 1622
501 2 2 2 11 785 1515 1623
502 2 2 2 11 1624 1350 417
503 2 2 2 11 707 1350 1624
504 2 2 2 11 1625 1351 418
505 2 2 2 11 708 1351 1625
506 2 2 2 11 1626 1352 419
507 2 2 2 11 709 1352 1626
508 2 2 2 11 1627 1353 420
509 2 2 2 11 710 1353 1627
510 2 2 2 11 413 1354 1628
511 2 2 2 11 1628 1354 711
512 2 2 2 11 414 1355 1629
513 2 2 2 11 1629 1355 712
514 2 2 2 11 415 1356 1630
515 2 2 2 11 1630 1356 713
516 2 2 2 11 416 1357 1631
517 2 2 2 11 1631 1357 714
518 2 2 2 11 616 1079 1632
519 2 2 2 11 1632 1079 628
520 2 2 2 11 613 1076 1633
521 2 2 2 11 1633 1076 625
522 2 2 2 11 615 1078 1634
523 2 2 2 11 1634 1078 627
524 2 2 2 11 614 1077 1635
525 2 2 2 11 1635 1077 626
526 2 2 2 11 1644 1520 781
527 2 2 2 11 1644 1541 729
528 2 2 2 11 1645 1521 782
529 2 2 2 11 1645 1542 730
530 2 2 2 11 1646 1522 783
531 2 2 2 11 1646 1543 731
532 2 2 2 11 1647 1523 784
533 2 2 2 11 1647 1544 732
534 2 2 2 11 1655 1160 445
535 2 2 2 11 1656 1159 446
536 2 2 2 11 1657 1158 447
537 2 2 2 11 1658 1157 448
538 2 2 2 11 441 924 1659
539 2 2 2 11 442 923 1660
540 2 2 2 11 443 926 1661
541 2 2 2 11 444 925 1662
542 2 2 2 11 1663 429 703
543 2 2 2 11 1663 789 777
544 2 2 2 11 777 429 1663
545 2 2 2 11 1664 430 704
546 2 2 2 11 1664 790 778
547 2 2 2 11 778 430 1664
548 2 2 2 11 1665 431 705
549 2 2 2 11 1665 791 779
550 2 2 2 11 779 431 1665
551 2 2 2 11 1666 432 706
552 2 2 2 11 1666 792 780
553 2 2 2 11 780 432 1666
554 2 2 2 11 695 1520 1667
555 2 2 2 11 696 1521 1668
556 2 2 2 11 697 1522 1669
557 2 2 2 11 698 1523 1670
558 2 2 2 11 1671 421 789
559 2 2 2 11 1672 422 790
560 2 2 2 11 1673 423 791
561 2 2 2 11 1674 424 792
562 2 2 2 11 445 1397 1675
563 2 2 2 11 722 1601 1675
564 2 2 2 11 1675 1397 722
565 2 2 2 11 446 1398 1676
566 2 2 2 11 723 1602 1676
567 2 2 2 11 1676 1398 723
568 2 2 2 11 447 1399 1677
569 2 2 2 11 724 1603 1677
570 2 2 2 11 1677 1399 724
571 2 2 2 11 448 1400 1678
572 2 2 2 11 725 1604 1678
573 2 2 2 11 1678 1400 725
574 2 2 2 11 769 437 1683
575 2 2 2 11 770 438 1684
576 2 2 2 11 771 439 1685
577 2 2 2 11 772 440 1686
578 2 2 2 11 626 1255 1687
579 2 2 2 11 629 1346 1687
580 2 2 2 11 1687 1255 629
581 2 2 2 11 625 1254 1688
582 2 2 2 11 630 1347 1688
583 2 2 2 11 1688 1254 630
584 2 2 2 11 627 1256 1689
585 2 2 2 11 631 1348 1689
586 2 2 2 11 1689 1256 631
587 2 2 2 11 628 1257 1690
588 2 2 2 11 632 1349 1690
589 2 2 2 11 1690 1257 632
590 2 2 2 11 1699 1516 692
591 2 2 2 11 1700 1517 693
592 2 2 2 11 1701 1518 694
593 2 2 2 11 1702 1515 691
594 2 2 2 11 1715 1640 718
595 2 2 2 11 1716 1643 721
596 2 2 2 11 1717 1642 720
597 2 2 2 11 1718 1641 719
598 2 2 2 11 171 733 1719
599 2 2 2 11 1719 733 660
600 2 2 2 11 301 734 1720
601 2 2 2 11 1720 734 663
602 2 2 2 11 236 735 1721
603 2 2 2 11 1721 735 662
604 2 2 2 11 366 736 1722
605 2 2 2 11 1722 736 661
606 2 2 2 11 687 1343 1723
607 2 2 2 11 688 1344 1724
608 2 2 2 11 690 1345 1725
609 2 2 2 11 689 1342 1726
610 2 2 2 11 665 1485 1727
611 2 2 2 11 666 1486 1728
612 2 2 2 11 667 1487 1729
613 2 2 2 11 664 1484 1730
614 2 2 2 11 1731 1365 412
615 2 2 2 11 699 1365 1731
616 2 2 2 11 1732 1363 410
617 2 2 2 11 701 1363 1732
618 2 2 2 11 1733 1364 411
619 2 2 2 11 702 1364 1733
620 2 2 2 11 1734 1362 409
621 2 2 2 11 700 1362 1734
622 2 2 2 11 663 734 1735
623 2 2 2 11 662 735 1736
624 2 2 2 11 661 736 1737
625 2 2 2 11 660 733 1738
626 2 2 2 11 1743 1493 786
627 2 2 2 11 1743 1504 402
628 2 2 2 11 1744 1494 787
629 2 2 2 11 1744 1505 403
630 2 2 2 11 1745 1495 788
631 2 2 2 11 1745 1506 404
632 2 2 2 11 1746 1492 785
633 2 2 2 11 1746 1503 401
634 2 2 2 11 639 1483 1747
635 2 2 2 11 638 1481 1748
636 2 2 2 11 637 1480 1749
637 2 2 2 11 640 1482 1750
638 2 2 2 11 417 1350 1751
639 2 2 2 11 418 1351 1752
640 2 2 2 11 419 1352 1753
641 2 2 2 11 420 1353 1754
642 2 2 2 11 781 1488 1755
643 2 2 2 11 397 1541 1755
644 2 2 2 11 782 1489 1756
645 2 2 2 11 398 1542 1756
646 2 2 2 11 783 1490 1757
647 2 2 2 11 399 1543 1757
648 2 2 2 11 784 1491 1758
649 2 2 2 11 400 1544 1758
650 2 2 2 11 1767 1354 413
651 2 2 2 11 1768 1355 414
652 2 2 2 11 1769 1356 415
653 2 2 2 11 1770 1357 416
654 2 2 2 11 1771 715 762
655 2 2 2 11 762 386 1771
656 2 2 2 11 1772 716 763
657 2 2 2 11 763 387 1772
658 2 2 2 11 1773 717 764
659 2 2 2 11 764 388 1773
660 2 2 2 11 1774 1511 668
661 2 2 2 11 1775 1512 669
662 2 2 2 11 1776 1513 670
663 2 2 2 11 1777 1514 671
664 2 2 2 11 1778 1667 729
665 2 2 2 11 389 1667 1778
666 2 2 2 11 1779 1668 730
667 2 2 2 11 390 1668 1779
668 2 2 2 11 1780 1669 731
669 2 2 2 11 391 1669 1780
670 2 2 2 11 1781 1670 732
671 2 2 2 11 392 1670 1781
672 2 2 2 11 689 1683 1782
673 2 2 2 11 1782 1683 437
674 2 2 2 11 687 1684 1783
675 2 2 2 11 1783 1684 438
676 2 2 2 11 688 1686 1784
677 2 2 2 11 1784 1686 440
678 2 2 2 11 690 1685 1785
679 2 2 2 11 1785 1685 439
680 2 2 2 11 1786 6 174
681 2 2 2 11 173 6 1786
682 2 2 2 11 1787 5 109
683 2 2 2 11 368 5 1787
684 2 2 2 11 1788 7 239
685 2 2 2 11 238 7 1788
686 2 2 2 11 1789 8 304
687 2 2 2 11 303 8 1789
688 2 2 2 11 1790 1073 435
689 2 2 2 11 1791 1071 436
690 2 2 2 11 1792 1074 434
691 2 2 2 11 1793 1072 433
692 2 2 2 11 1771 386 1500
693 2 2 2 11 680 1771 1500
694 2 2 2 11 1772 387 1501
695 2 2 2 11 681 1772 1501
696 2 2 2 11 1773 388 1502
697 2 2 2 11 682 1773 1502
698 2 2 2 11 1588 1695 683
699 2 2 2 11 1589 1696 684
700 2 2 2 11 1590 1697 685
701 2 2 2 11 1591 1698 686
702 2 2 2 11 1771 680 1554
703 2 2 2 11 715 1771 1554
704 2 2 2 11 1772 681 1553
705 2 2 2 11 716 1772 1553
706 2 2 2 11 1773 682 1552
707 2 2 2 11 717 1773 1552
708 2 2 2 11 660 1763 641
709 2 2 2 11 661 1764 642
710 2 2 2 11 663 1766 644
711 2 2 2 11 662 1765 643
712 2 2 2 11 1786 174 797
713 2 2 2 11 1787 109 800
714 2 2 2 11 1788 239 798
715 2 2 2 11 1789 304 799
716 2 2 2 11 1578 1602 896
717 2 2 2 11 1577 1603 897
718 2 2 2 11 1576 1601 898
719 2 2 2 11 1579 1604 899
720 2 2 2 11 1243 558 1307
721 2 2 2 11 1243 1307 923
722 2 2 2 11 1244 557 1306
723 2 2 2 11 1244 1306 924
724 2 2 2 11 1245 560 1309
725 2 2 2 11 1245 1309 925
726 2 2 2 11 1242 559 1308
727 2 2 2 11 1242 1308 926
728 2 2 2 11 1382 582 1073
729 2 2 2 11 1383 583 1071
730 2 2 2 11 1384 580 1072
731 2 2 2 11 1385 581 1074
732 2 2 2 11 1187 518 1476
733 2 2 2 11 1187 1476 1006
734 2 2 2 11 1188 517 1477
735 2 2 2 11 1188 1477 1007
736 2 2 2 11 1185 520 1478
737 2 2 2 11 1185 1478 1008
738 2 2 2 11 1186 519 1479
739 2 2 2 11 1186 1479 1009
740 2 2 2 11 1452 620 1233
741 2 2 2 11 1450 618 1231
742 2 2 2 11 1451 619 1232
743 2 2 2 11 1449 617 1230
744 2 2 2 11 1038 689 1782
745 2 2 2 11 1038 1782 1026
746 2 2 2 11 1039 688 1784
747 2 2 2 11 1039 1784 1027
748 2 2 2 11 1040 687 1783
749 2 2 2 11 1040 1783 1028
750 2 2 2 11 1041 690 1785
751 2 2 2 11 1041 1785 1029
752 2 2 2 11 1519 534 1209
753 2 2 2 11 1088 1519 1209
754 2 2 2 11 1525 535 1210
755 2 2 2 11 1101 1525 1210
756 2 2 2 11 1526 536 1211
757 2 2 2 11 1102 1526 1211
758 2 2 2 11 1527 537 1212
759 2 2 2 11 1103 1527 1212
760 2 2 2 11 1536 737 1274
761 2 2 2 11 1116 1536 1274
762 2 2 2 11 1551 740 1305
763 2 2 2 11 1141 1551 1305
764 2 2 2 11 1550 739 1304
765 2 2 2 11 1142 1550 1304
766 2 2 2 11 1549 738 1303
767 2 2 2 11 1143 1549 1303
768 2 2 2 11 1362 700 1162
769 2 2 2 11 1145 1362 1162
770 2 2 2 11 1365 699 1163
771 2 2 2 11 1364 702 1164
772 2 2 2 11 1363 701 1165
773 2 2 2 11 1511 397 1292
774 2 2 2 11 1170 1511 1292
775 2 2 2 11 1512 398 1293
776 2 2 2 11 1171 1512 1293
777 2 2 2 11 1513 399 1291
778 2 2 2 11 1172 1513 1291
779 2 2 2 11 1514 400 1294
780 2 2 2 11 1173 1514 1294
781 2 2 2 11 1552 682 1303
782 2 2 2 11 1174 1552 1303
783 2 2 2 11 1553 681 1304
784 2 2 2 11 1175 1553 1304
785 2 2 2 11 1554 680 1305
786 2 2 2 11 1176 1554 1305
787 2 2 2 11 1283 401 1484
788 2 2 2 11 1283 1484 1177
789 2 2 2 11 1284 402 1485
790 2 2 2 11 1284 1485 1178
791 2 2 2 11 1285 403 1486
792 2 2 2 11 1285 1486 1179
793 2 2 2 11 1286 404 1487
794 2 2 2 11 1286 1487 1180
795 2 2 2 11 1281 1528 1181
796 2 2 2 11 1282 1529 1182
797 2 2 2 11 1279 1530 1183
798 2 2 2 11 1280 1531 1184
799 2 2 2 11 1444 565 1335
800 2 2 2 11 1306 1444 1335
801 2 2 2 11 1442 566 1337
802 2 2 2 11 1307 1442 1337
803 2 2 2 11 1445 567 1336
804 2 2 2 11 1308 1445 1336
805 2 2 2 11 1443 568 1334
806 2 2 2 11 1309 1443 1334
807 2 2 2 11 1412 620 1452
808 2 2 2 11 1410 618 1450
809 2 2 2 11 1411 619 1451
810 2 2 2 11 1409 617 1449
811 2 2 2 11 1475 526 1432
812 2 2 2 11 1334 1475 1432
813 2 2 2 11 1472 527 1435
814 2 2 2 11 1335 1472 1435
815 2 2 2 11 1473 528 1434
816 2 2 2 11 1336 1473 1434
817 2 2 2 11 1474 525 1433
818 2 2 2 11 1337 1474 1433
819 2 2 2 11 1437 450 1557
820 2 2 2 11 1438 449 1556
821 2 2 2 11 1439 451 1558
822 2 2 2 11 1440 452 1559
823 2 2 2 11 1545 534 1585
824 2 2 2 11 1545 1585 1370
825 2 2 2 11 1546 535 1584
826 2 2 2 11 1546 1584 1371
827 2 2 2 11 1547 536 1586
828 2 2 2 11 1547 1586 1372
829 2 2 2 11 1548 537 1587
830 2 2 2 11 1548 1587 1373
831 2 2 2 11 1555 529 1585
832 2 2 2 11 1555 1585 1381
833 2 2 2 11 1519 737 1536
834 2 2 2 11 1519 1536 1381
835 2 2 2 11 1749 656 1498
836 2 2 2 11 1748 657 1497
837 2 2 2 11 1750 658 1499
838 2 2 2 11 1747 659 1496
839 2 2 2 11 1525 738 1549
840 2 2 2 11 1525 1549 1417
841 2 2 2 11 1526 739 1550
842 2 2 2 11 1526 1550 1418
843 2 2 2 11 1527 740 1551
844 2 2 2 11 1527 1551 1419
845 2 2 2 11 1503 1730 1484
846 2 2 2 11 1504 726 1727
847 2 2 2 11 1504 1727 1485
848 2 2 2 11 1505 727 1728
849 2 2 2 11 1505 1728 1486
850 2 2 2 11 1506 728 1729
851 2 2 2 11 1506 1729 1487
852 2 2 2 11 1568 397 1755
853 2 2 2 11 1568 1755 1488
854 2 2 2 11 1569 398 1756
855 2 2 2 11 1569 1756 1489
856 2 2 2 11 1570 399 1757
857 2 2 2 11 1570 1757 1490
858 2 2 2 11 1571 400 1758
859 2 2 2 11 1571 1758 1491
860 2 2 2 11 1746 401 1572
861 2 2 2 11 1492 1746 1572
862 2 2 2 11 1743 402 1573
863 2 2 2 11 1493 1743 1573
864 2 2 2 11 1744 403 1574
865 2 2 2 11 1494 1744 1574
866 2 2 2 11 1745 404 1575
867 2 2 2 11 1495 1745 1575
868 2 2 2 11 1746 785 1623
869 2 2 2 11 1503 1746 1623
870 2 2 2 11 1743 786 1620
871 2 2 2 11 1504 1743 1620
872 2 2 2 11 1744 787 1621
873 2 2 2 11 1505 1744 1621
874 2 2 2 11 1745 788 1622
875 2 2 2 11 1506 1745 1622
876 2 2 2 11 1636 718 1640
877 2 2 2 11 1639 721 1643
878 2 2 2 11 1638 720 1642
879 2 2 2 11 1637 719 1641
880 2 2 2 11 1774 729 1541
881 2 2 2 11 1511 1774 1541
882 2 2 2 11 1775 730 1542
883 2 2 2 11 1512 1775 1542
884 2 2 2 11 1776 731 1543
885 2 2 2 11 1513 1776 1543
886 2 2 2 11 1777 732 1544
887 2 2 2 11 1514 1777 1544
888 2 2 2 11 1515 1702 1623
889 2 2 2 11 1699 726 1620
890 2 2 2 11 1516 1699 1620
891 2 2 2 11 1700 727 1621
892 2 2 2 11 1517 1700 1621
893 2 2 2 11 1701 728 1622
894 2 2 2 11 1518 1701 1622
895 2 2 2 11 1644 729 1667
896 2 2 2 11 1644 1667 1520
897 2 2 2 11 1645 730 1668
898 2 2 2 11 1645 1668 1521
899 2 2 2 11 1646 731 1669
900 2 2 2 11 1646 1669 1522
901 2 2 2 11 1647 732 1670
902 2 2 2 11 1647 1670 1523
903 2 2 2 11 1644 781 1755
904 2 2 2 11 1644 1755 1541
905 2 2 2 11 1645 782 1756
906 2 2 2 11 1645 1756 1542
907 2 2 2 11 1646 783 1757
908 2 2 2 11 1646 1757 1543
909 2 2 2 11 1647 784 1758
910 2 2 2 11 1647 1758 1544
911 2 2 2 11 1612 441 1659
912 2 2 2 11 1612 1659 1576
913 2 2 2 11 1613 442 1660
914 2 2 2 11 1613 1660 1577
915 2 2 2 11 1614 443 1661
916 2 2 2 11 1614 1661 1578
917 2 2 2 11 1615 444 1662
918 2 2 2 11 1615 1662 1579
919 2 2 2 11 1699 692 1704
920 2 2 2 11 1700 693 1705
921 2 2 2 11 1701 694 1706
922 2 2 2 11 1761 435 1681
923 2 2 2 11 1762 436 1682
924 2 2 2 11 1759 433 1679
925 2 2 2 11 1760 434 1680
926 2 2 2 11 1655 445 1675
927 2 2 2 11 1655 1675 1601
928 2 2 2 11 1656 446 1676
929 2 2 2 11 1656 1676 1602
930 2 2 2 11 1657 447 1677
931 2 2 2 11 1657 1677 1603
932 2 2 2 11 1658 448 1678
933 2 2 2 11 1658 1678 1604
934 2 2 2 11 1793 433 1759
935 2 2 2 11 1792 434 1760
936 2 2 2 11 1790 435 1761
937 2 2 2 11 1791 436 1762
938 2 2 2 11 1640 1715 1651
939 2 2 2 11 1641 1718 1650
940 2 2 2 11 1642 1717 1648
941 2 2 2 11 1643 1716 1649
942 2 2 2 11 1698 760 1715
943 2 2 2 11 1697 759 1718
944 2 2 2 11 1695 757 1717
945 2 2 2 11 1696 758 1716
946 2 2 2 11 708 1625 1493
947 2 2 2 11 750 786 1625
948 2 2 2 11 1625 418 750
949 2 2 2 11 1493 1625 786
950 2 2 2 11 709 1626 1494
951 2 2 2 11 751 787 1626
952 2 2 2 11 1626 419 751
953 2 2 2 11 1494 1626 787
954 2 2 2 11 710 1627 1495
955 2 2 2 11 752 788 1627
956 2 2 2 11 1627 420 752
957 2 2 2 11 1495 1627 788
958 2 2 2 11 707 1624 1492
959 2 2 2 11 749 785 1624
960 2 2 2 11 1624 417 749
961 2 2 2 11 1492 1624 785
962 2 2 2 11 1427 455 1558
963 2 2 2 11 1426 453 1557
964 2 2 2 11 1425 454 1556
965 2 2 2 11 1424 456 1559
966 2 2 2 11 1488 1628 711
967 2 2 2 11 1628 781 753
968 2 2 2 11 753 413 1628
969 2 2 2 11 781 1628 1488
970 2 2 2 11 1489 1629 712
971 2 2 2 11 1629 782 754
972 2 2 2 11 754 414 1629
973 2 2 2 11 782 1629 1489
974 2 2 2 11 1490 1630 713
975 2 2 2 11 1630 783 755
976 2 2 2 11 755 415 1630
977 2 2 2 11 783 1630 1490
978 2 2 2 11 1491 1631 714
979 2 2 2 11 1631 784 756
980 2 2 2 11 756 416 1631
981 2 2 2 11 784 1631 1491
982 2 2 2 11 804 396 1390
983 2 2 2 11 803 395 1391
984 2 2 2 11 802 394 1392
985 2 2 2 11 396 804 1605
986 2 2 2 11 396 1605 1706
987 2 2 2 11 1701 1605 728
988 2 2 2 11 1701 1706 1605
989 2 2 2 11 395 803 1606
990 2 2 2 11 395 1606 1705
991 2 2 2 11 1700 1606 727
992 2 2 2 11 1700 1705 1606
993 2 2 2 11 394 802 1607
994 2 2 2 11 394 1607 1704
995 2 2 2 11 1699 1607 726
996 2 2 2 11 1699 1704 1607
997 2 2 2 11 805 389 1778
998 2 2 2 11 806 390 1779
999 2 2 2 11 807 391 1780
1000 2 2 2 11 808 392 1781
1001 2 2 2 11 170 171 1719
1002 2 2 2 11 1719 1401 170
1003 2 2 2 11 660 1401 1719
1004 2 2 2 11 300 301 1720
1005 2 2 2 11 1720 1404 300
1006 2 2 2 11 663 1404 1720
1007 2 2 2 11 235 236 1721
1008 2 2 2 11 1721 1403 235
1009 2 2 2 11 662 1403 1721
1010 2 2 2 11 365 366 1722
1011 2 2 2 11 1722 1402 365
1012 2 2 2 11 661 1402 1722
1013 2 2 2 11 177 178 1464
1014 2 2 2 11 177 1464 1498
1015 2 2 2 11 1749 1464 637
1016 2 2 2 11 1464 1749 1498
1017 2 2 2 11 112 113 1465
1018 2 2 2 11 112 1465 1497
1019 2 2 2 11 1748 1465 638
1020 2 2 2 11 1465 1748 1497
1021 2 2 2 11 242 243 1466
1022 2 2 2 11 242 1466 1496
1023 2 2 2 11 1747 1466 639
1024 2 2 2 11 1466 1747 1496
1025 2 2 2 11 307 308 1467
1026 2 2 2 11 307 1467 1499
1027 2 2 2 11 1750 1467 640
1028 2 2 2 11 1467 1750 1499
1029 2 2 2 11 1464 1346 637
1030 2 2 2 11 1465 1347 638
1031 2 2 2 11 1466 1349 639
1032 2 2 2 11 1467 1348 640
1033 2 2 2 11 169 170 1401
1034 2 2 2 11 364 365 1402
1035 2 2 2 11 234 235 1403
1036 2 2 2 11 299 300 1404
1037 2 2 2 11 167 168 1322
1038 2 2 2 11 362 363 1323
1039 2 2 2 11 232 233 1324
1040 2 2 2 11 297 298 1325
1041 2 2 2 11 1633 625 1580
1042 2 2 2 11 1635 626 1581
1043 2 2 2 11 1634 627 1582
1044 2 2 2 11 1632 628 1583
1045 2 2 2 11 1580 625 1688
1046 2 2 2 11 1581 626 1687
1047 2 2 2 11 1582 627 1689
1048 2 2 2 11 1583 628 1690
1049 2 2 2 11 1616 360 361
1050 2 2 2 11 1617 165 166
1051 2 2 2 11 1618 295 296
1052 2 2 2 11 1619 230 231
1053 2 2 2 11 1374 358 359
1054 2 2 2 11 1375 163 164
1055 2 2 2 11 1376 228 229
1056 2 2 2 11 1377 293 294
1057 2 2 2 11 207 208 1532
1058 2 2 2 11 337 338 1533
1059 2 2 2 11 142 143 1534
1060 2 2 2 11 272 273 1535
1061 2 2 2 11 1213 253 254
1062 2 2 2 11 1214 318 319
1063 2 2 2 11 1215 123 124
1064 2 2 2 11 1216 188 189
1065 2 2 2 11 689 1726 1683
1066 2 2 2 11 773 769 1726
1067 2 2 2 11 1683 1726 769
1068 2 2 2 11 687 1723 1684
1069 2 2 2 11 774 770 1723
1070 2 2 2 11 1684 1723 770
1071 2 2 2 11 688 1724 1686
1072 2 2 2 11 776 772 1724
1073 2 2 2 11 1686 1724 772
1074 2 2 2 11 690 1725 1685
1075 2 2 2 11 775 771 1725
1076 2 2 2 11 1685 1725 771
1077 2 2 2 11 1767 1663 703
1078 2 2 2 11 789 1663 1767
1079 2 2 2 11 1767 413 789
1080 2 2 2 11 1768 1664 704
1081 2 2 2 11 790 1664 1768
1082 2 2 2 11 1768 414 790
1083 2 2 2 11 1769 1665 705
1084 2 2 2 11 791 1665 1769
1085 2 2 2 11 1769 415 791
1086 2 2 2 11 1770 1666 706
1087 2 2 2 11 792 1666 1770
1088 2 2 2 11 1770 416 792
1089 2 2 2 11 177 1498 176
1090 2 2 2 11 176 1498 741
1091 2 2 2 11 112 1497 111
1092 2 2 2 11 111 1497 742
1093 2 2 2 11 307 1499 306
1094 2 2 2 11 306 1499 743
1095 2 2 2 11 242 1496 241
1096 2 2 2 11 241 1496 744
1097 2 2 2 11 1751 773 793
1098 2 2 2 11 793 417 1751
1099 2 2 2 11 1752 774 794
1100 2 2 2 11 794 418 1752
1101 2 2 2 11 1753 775 795
1102 2 2 2 11 795 419 1753
1103 2 2 2 11 1754 776 796
1104 2 2 2 11 796 420 1754
1105 2 2 2 11 1703 381 1301
1106 2 2 2 11 1763 461 457
1107 2 2 2 11 1764 462 458
1108 2 2 2 11 1765 463 459
1109 2 2 2 11 1766 464 460
1110 2 2 2 11 668 1170 1648
1111 2 2 2 11 669 1171 1649
1112 2 2 2 11 670 1172 1650
1113 2 2 2 11 671 1173 1651
1114 2 2 2 11 385 664 1730
1115 2 2 2 11 386 665 1727
1116 2 2 2 11 1607 1727 726
1117 2 2 2 11 387 666 1728
1118 2 2 2 11 1606 1728 727
1119 2 2 2 11 388 667 1729
1120 2 2 2 11 1605 1729 728
1121 2 2 2 11 672 441 1612
1122 2 2 2 11 673 442 1613
1123 2 2 2 11 674 443 1614
1124 2 2 2 11 675 444 1615
1125 2 2 2 11 1510 559 1242
1126 2 2 2 11 1035 1510 1242
1127 2 2 2 11 1507 558 1243
1128 2 2 2 11 1036 1507 1243
1129 2 2 2 11 1508 557 1244
1130 2 2 2 11 1037 1508 1244
1131 2 2 2 11 1509 560 1245
1132 2 2 2 11 1034 1509 1245
1133 2 2 2 11 1428 679 448
1134 2 2 2 11 448 1157 1428
1135 2 2 2 11 1429 678 447
1136 2 2 2 11 447 1158 1429
1137 2 2 2 11 1430 677 446
1138 2 2 2 11 446 1159 1430
1139 2 2 2 11 1431 676 445
1140 2 2 2 11 445 1160 1431
1141 2 2 2 11 658 464 1735
1142 2 2 2 11 1766 1735 464
1143 2 2 2 11 663 1735 1766
1144 2 2 2 11 659 463 1736
1145 2 2 2 11 1765 1736 463
1146 2 2 2 11 662 1736 1765
1147 2 2 2 11 657 462 1737
1148 2 2 2 11 1764 1737 462
1149 2 2 2 11 661 1737 1764
1150 2 2 2 11 656 461 1738
1151 2 2 2 11 1763 1738 461
1152 2 2 2 11 660 1738 1763
1153 2 2 2 11 578 976 1391
1154 2 2 2 11 577 975 1392
1155 2 2 2 11 579 977 1390
1156 2 2 2 11 762 715 1794
1157 2 2 2 11 763 716 1795
1158 2 2 2 11 764 717 1796
1159 2 2 2 11 1671 789 753
1160 2 2 2 11 753 405 1671
1161 2 2 2 11 1672 790 754
1162 2 2 2 11 754 406 1672
1163 2 2 2 11 1673 791 755
1164 2 2 2 11 755 407 1673
1165 2 2 2 11 1674 792 756
1166 2 2 2 11 756 408 1674
1167 2 2 2 11 749 793 1734
1168 2 2 2 11 1734 409 749
1169 2 2 2 11 752 796 1731
1170 2 2 2 11 1731 412 752
1171 2 2 2 11 750 794 1732
1172 2 2 2 11 1732 410 750
1173 2 2 2 11 751 795 1733
1174 2 2 2 11 1733 411 751
1175 2 2 2 11 729 1774 1778
1176 2 2 2 11 1778 1774 805
1177 2 2 2 11 730 1775 1779
1178 2 2 2 11 1779 1775 806
1179 2 2 2 11 731 1776 1780
1180 2 2 2 11 1780 1776 807
1181 2 2 2 11 732 1777 1781
1182 2 2 2 11 1781 1777 808
1183 2 2 2 11 1774 668 757
1184 2 2 2 11 805 757 1588
1185 2 2 2 11 757 805 1774
1186 2 2 2 11 1588 757 1695
1187 2 2 2 11 1775 669 758
1188 2 2 2 11 806 758 1589
1189 2 2 2 11 758 806 1775
1190 2 2 2 11 1589 758 1696
1191 2 2 2 11 1776 670 759
1192 2 2 2 11 807 759 1590
1193 2 2 2 11 759 807 1776
1194 2 2 2 11 1590 759 1697
1195 2 2 2 11 1777 671 760
1196 2 2 2 11 808 760 1591
1197 2 2 2 11 760 808 1777
1198 2 2 2 11 1591 760 1698
1199 2 2 2 11 172 173 1711
1200 2 2 2 11 172 1711 733
1201 2 2 2 11 1786 1711 173
1202 2 2 2 11 1711 1786 797
1203 2 2 2 11 237 238 1712
1204 2 2 2 11 237 1712 735
1205 2 2 2 11 1788 1712 238
1206 2 2 2 11 1712 1788 798
1207 2 2 2 11 302 303 1713
1208 2 2 2 11 302 1713 734
1209 2 2 2 11 1789 1713 303
1210 2 2 2 11 1713 1789 799
1211 2 2 2 11 367 368 1714
1212 2 2 2 11 367 1714 736
1213 2 2 2 11 1787 1714 368
1214 2 2 2 11 1714 1787 800
1215 2 2 2 11 703 429 1608
1216 2 2 2 11 704 430 1609
1217 2 2 2 11 705 431 1610
1218 2 2 2 11 706 432 1611
1219 2 2 2 11 761 1524 1703
1220 2 2 2 11 457 641 1763
1221 2 2 2 11 458 642 1764
1222 2 2 2 11 459 643 1765
1223 2 2 2 11 460 644 1766
1224 2 2 2 11 832 1809 1834
1225 2 2 2 11 831 1812 1835
1226 2 2 2 11 830 1810 1836
1227 2 2 2 11 829 1811 1837
1228 2 2 2 11 1870 1842 890
1229 2 2 2 11 1871 1845 891
1230 2 2 2 11 1872 1843 889
1231 2 2 2 11 1873 1844 888
1232 2 2 2 11 369 1862 1895
1233 2 2 2 11 372 1863 1896
1234 2 2 2 11 370 1865 1897
1235 2 2 2 11 371 1864 1898
1236 2 2 2 11 890 1879 1899
1237 2 2 2 11 891 1880 1900
1238 2 2 2 11 888 1882 1901
1239 2 2 2 11 889 1881 1902
1240 2 2 2 11 475 1823 1907
1241 2 2 2 11 476 1824 1908
1242 2 2 2 11 474 1822 1909
1243 2 2 2 11 473 1821 1910
1244 2 2 2 11 1933 998 930
1245 2 2 2 11 1934 999 929
1246 2 2 2 11 1935 1001 928
1247 2 2 2 11 1936 1000 927
1248 2 2 2 11 851 1832 1937
1249 2 2 2 11 850 1831 1938
1250 2 2 2 11 852 1830 1939
1251 2 2 2 11 828 1944 1956
1252 2 2 2 11 827 1947 1961
1253 2 2 2 11 826 1946 1962
1254 2 2 2 11 825 1945 1963
1255 2 2 2 11 1964 1947 867
1256 2 2 2 11 1965 1946 864
1257 2 2 2 11 1966 1945 865
1258 2 2 2 11 1967 1944 866
1259 2 2 2 11 1972 362 1323
1260 2 2 2 11 1973 167 1322
1261 2 2 2 11 1974 297 1325
1262 2 2 2 11 1975 232 1324
1263 2 2 2 11 502 1858 1980
1264 2 2 2 11 503 1861 1981
1265 2 2 2 11 504 1860 1982
1266 2 2 2 11 501 1859 1983
1267 2 2 2 11 1369 590 1984
1268 2 2 2 11 1250 1948 1984
1269 2 2 2 11 1366 591 1985
1270 2 2 2 11 1251 1950 1985
1271 2 2 2 11 1367 589 1986
1272 2 2 2 11 1252 1949 1986
1273 2 2 2 11 1368 592 1987
1274 2 2 2 11 1253 1951 1987
1275 2 2 2 11 1988 1863 372
1276 2 2 2 11 1989 1864 371
1277 2 2 2 11 1990 1862 369
1278 2 2 2 11 1991 1865 370
1279 2 2 2 11 1992 1231 854
1280 2 2 2 11 1992 1846 503
1281 2 2 2 11 1993 1232 855
1282 2 2 2 11 1993 1847 502
1283 2 2 2 11 1994 1233 853
1284 2 2 2 11 1994 1848 504
1285 2 2 2 11 1995 1230 856
1286 2 2 2 11 1995 1849 501
1287 2 2 2 11 2000 1919 655
1288 2 2 2 11 2001 1921 654
1289 2 2 2 11 2002 1922 653
1290 2 2 2 11 2003 1920 652
1291 2 2 2 11 886 1903 2008
1292 2 2 2 11 884 1904 2009
1293 2 2 2 11 885 1905 2010
1294 2 2 2 11 887 1906 2011
1295 2 2 2 11 2016 1902 836
1296 2 2 2 11 836 1082 2016
1297 2 2 2 11 2017 1901 835
1298 2 2 2 11 835 1080 2017
1299 2 2 2 11 2018 1900 834
1300 2 2 2 11 834 1083 2018
1301 2 2 2 11 2019 1899 833
1302 2 2 2 11 833 1081 2019
1303 2 2 2 11 883 1915 2032
1304 2 2 2 11 2032 1952 883
1305 2 2 2 11 881 1916 2033
1306 2 2 2 11 2033 1954 881
1307 2 2 2 11 882 1917 2034
1308 2 2 2 11 2034 1955 882
1309 2 2 2 11 880 1918 2035
1310 2 2 2 11 2035 1953 880
1311 2 2 2 11 891 1845 2036
1312 2 2 2 11 501 1849 2036
1313 2 2 2 11 889 1843 2037
1314 2 2 2 11 503 1846 2037
1315 2 2 2 11 888 1844 2038
1316 2 2 2 11 504 1848 2038
1317 2 2 2 11 890 1842 2039
1318 2 2 2 11 502 1847 2039
1319 2 2 2 11 2040 1916 881
1320 2 2 2 11 2041 1917 882
1321 2 2 2 11 2042 1918 880
1322 2 2 2 11 2043 1915 883
1323 2 2 2 11 2044 2031 569
1324 2 2 2 11 2045 2030 571
1325 2 2 2 11 2046 2029 570
1326 2 2 2 11 2047 2028 572
1327 2 2 2 11 991 1953 2055
1328 2 2 2 11 990 1954 2056
1329 2 2 2 11 993 1955 2057
1330 2 2 2 11 992 1952 2058
1331 2 2 2 11 842 1968 2059
1332 2 2 2 11 845 1969 2060
1333 2 2 2 11 844 1971 2061
1334 2 2 2 11 843 1970 2062
1335 2 2 2 11 2066 2012 994
1336 2 2 2 11 2067 2015 995
1337 2 2 2 11 2068 2013 996
1338 2 2 2 11 2069 2014 997
1339 2 2 2 11 2080 1866 467
1340 2 2 2 11 2080 1968 842
1341 2 2 2 11 2081 1867 468
1342 2 2 2 11 2081 1969 845
1343 2 2 2 11 2082 1868 466
1344 2 2 2 11 2082 1971 844
1345 2 2 2 11 2083 1869 465
1346 2 2 2 11 2083 1970 843
1347 2 2 2 11 866 1944 2084
1348 2 2 2 11 377 2024 2084
1349 2 2 2 11 2085 576 1413
1350 2 2 2 11 2086 575 1414
1351 2 2 2 11 2087 573 1416
1352 2 2 2 11 2088 574 1415
1353 2 2 2 11 864 1946 2093
1354 2 2 2 11 380 2025 2093
1355 2 2 2 11 867 1947 2094
1356 2 2 2 11 378 2027 2094
1357 2 2 2 11 865 1945 2095
1358 2 2 2 11 379 2026 2095
1359 2 2 2 11 1374 359 2096
1360 2 2 2 11 1375 164 2097
1361 2 2 2 11 1376 229 2098
1362 2 2 2 11 1377 294 2099
1363 2 2 2 11 1152 1854 2100
1364 2 2 2 11 1151 1855 2101
1365 2 2 2 11 1150 1856 2102
1366 2 2 2 11 1149 1857 2103
1367 2 2 2 11 2104 500 1314
1368 2 2 2 11 2104 1996 1113
1369 2 2 2 11 2105 499 1315
1370 2 2 2 11 2105 1998 1114
1371 2 2 2 11 2106 498 1316
1372 2 2 2 11 2106 1999 1112
1373 2 2 2 11 2107 497 1317
1374 2 2 2 11 2107 1997 1115
1375 2 2 2 11 2108 2024 840
1376 2 2 2 11 2109 2027 837
1377 2 2 2 11 2110 2025 839
1378 2 2 2 11 2111 2026 838
1379 2 2 2 11 1370 529 2120
1380 2 2 2 11 1125 2031 2122
1381 2 2 2 11 1126 2030 2123
1382 2 2 2 11 1127 2029 2124
1383 2 2 2 11 1128 2028 2125
1384 2 2 2 11 904 1990 2130
1385 2 2 2 11 906 1988 2131
1386 2 2 2 11 905 1991 2132
1387 2 2 2 11 903 1989 2133
1388 2 2 2 11 510 1373 2146
1389 2 2 2 11 509 1371 2147
1390 2 2 2 11 511 1372 2148
1391 2 2 2 11 2152 1947 827
1392 2 2 2 11 2153 1946 826
1393 2 2 2 11 2154 1945 825
1394 2 2 2 11 2155 1944 828
1395 2 2 2 11 2156 2076 652
1396 2 2 2 11 2157 2078 654
1397 2 2 2 11 2158 2079 653
1398 2 2 2 11 2159 2077 655
1399 2 2 2 11 2160 1816 832
1400 2 2 2 11 1217 2074 2161
1401 2 2 2 11 2162 2107 1115
1402 2 2 2 11 497 2107 2162
1403 2 2 2 11 2163 2105 1114
1404 2 2 2 11 499 2105 2163
1405 2 2 2 11 2164 2104 1113
1406 2 2 2 11 500 2104 2164
1407 2 2 2 11 2165 2106 1112
1408 2 2 2 11 498 2106 2165
1409 2 2 2 11 2166 1815 829
1410 2 2 2 11 2167 1814 830
1411 2 2 2 11 2168 1813 831
1412 2 2 2 11 2177 1949 1004
1413 2 2 2 11 2178 1950 1002
1414 2 2 2 11 2179 1951 1005
1415 2 2 2 11 2180 1948 1003
1416 2 2 2 11 2185 1984 590
1417 2 2 2 11 2185 2048 1250
1418 2 2 2 11 1250 1984 2185
1419 2 2 2 11 2186 1985 591
1420 2 2 2 11 2186 2049 1251
1421 2 2 2 11 1251 1985 2186
1422 2 2 2 11 2187 1986 589
1423 2 2 2 11 2187 2050 1252
1424 2 2 2 11 1252 1986 2187
1425 2 2 2 11 2188 1987 592
1426 2 2 2 11 2188 2051 1253
1427 2 2 2 11 1253 1987 2188
1428 2 2 2 11 886 2008 2192
1429 2 2 2 11 885 2010 2193
1430 2 2 2 11 884 2009 2194
1431 2 2 2 11 887 2011 2195
1432 2 2 2 11 2196 2153 826
1433 2 2 2 11 2197 2154 825
1434 2 2 2 11 2198 2152 827
1435 2 2 2 11 827 1825 2199
1436 2 2 2 11 2199 2198 827
1437 2 2 2 11 825 1827 2200
1438 2 2 2 11 2200 2197 825
1439 2 2 2 11 826 1826 2201
1440 2 2 2 11 2201 2196 826
1441 2 2 2 11 2214 2155 828
1442 2 2 2 11 2215 1980 866
1443 2 2 2 11 866 2108 2215
1444 2 2 2 11 2216 1983 867
1445 2 2 2 11 867 2109 2216
1446 2 2 2 11 2217 1981 865
1447 2 2 2 11 865 2111 2217
1448 2 2 2 11 2218 1982 864
1449 2 2 2 11 864 2110 2218
1450 2 2 2 11 2219 2133 960
1451 2 2 2 11 2220 2130 962
1452 2 2 2 11 2221 2132 961
1453 2 2 2 11 2222 2131 959
1454 2 2 2 11 502 1980 2223
1455 2 2 2 11 501 1983 2224
1456 2 2 2 11 503 1981 2225
1457 2 2 2 11 504 1982 2226
1458 2 2 2 11 2234 2227 991
1459 2 2 2 11 991 2055 2234
1460 2 2 2 11 2235 2228 990
1461 2 2 2 11 990 2056 2235
1462 2 2 2 11 2236 2229 993
1463 2 2 2 11 993 2057 2236
1464 2 2 2 11 2237 2230 992
1465 2 2 2 11 992 2058 2237
1466 2 2 2 11 847 2114 2238
1467 2 2 2 11 515 2171 2238
1468 2 2 2 11 846 2113 2239
1469 2 2 2 11 516 2169 2239
1470 2 2 2 11 849 2112 2240
1471 2 2 2 11 513 2170 2240
1472 2 2 2 11 848 2115 2241
1473 2 2 2 11 514 2172 2241
1474 2 2 2 11 467 1866 2249
1475 2 2 2 11 890 1899 2249
1476 2 2 2 11 465 1869 2250
1477 2 2 2 11 891 1900 2250
1478 2 2 2 11 468 1867 2251
1479 2 2 2 11 889 1902 2251
1480 2 2 2 11 466 1868 2252
1481 2 2 2 11 888 1901 2252
1482 2 2 2 11 2253 1197 980
1483 2 2 2 11 2254 1199 978
1484 2 2 2 11 2255 1200 981
1485 2 2 2 11 2256 1198 979
1486 2 2 2 11 1314 616 2257
1487 2 2 2 11 1317 613 2258
1488 2 2 2 11 1315 615 2259
1489 2 2 2 11 1316 614 2260
1490 2 2 2 11 828 1828 2261
1491 2 2 2 11 2261 2214 828
1492 2 2 2 11 2266 1897 849
1493 2 2 2 11 2267 1895 848
1494 2 2 2 11 2268 1896 847
1495 2 2 2 11 2269 1898 846
1496 2 2 2 11 482 2208 2270
1497 2 2 2 11 484 2206 2271
1498 2 2 2 11 483 2207 2272
1499 2 2 2 11 2277 2242 902
1500 2 2 2 11 2278 2243 901
1501 2 2 2 11 2279 2244 900
1502 2 2 2 11 1420 2114 2280
1503 2 2 2 11 1421 2113 2281
1504 2 2 2 11 1422 2115 2282
1505 2 2 2 11 1423 2112 2283
1506 2 2 2 11 907 2170 2284
1507 2 2 2 11 908 2172 2285
1508 2 2 2 11 910 2169 2286
1509 2 2 2 11 909 2171 2287
1510 2 2 2 11 481 2209 2288
1511 2 2 2 11 1037 672 2289
1512 2 2 2 11 1036 673 2290
1513 2 2 2 11 1035 674 2291
1514 2 2 2 11 1034 675 2292
1515 2 2 2 11 485 2262 2296
1516 2 2 2 11 487 2265 2297
1517 2 2 2 11 488 2264 2298
1518 2 2 2 11 486 2263 2299
1519 2 2 2 11 654 2078 2303
1520 2 2 2 11 653 2079 2304
1521 2 2 2 11 652 2076 2305
1522 2 2 2 11 655 2077 2306
1523 2 2 2 11 2307 2108 840
1524 2 2 2 11 2308 2109 837
1525 2 2 2 11 2309 2111 838
1526 2 2 2 11 2310 2110 839
1527 2 2 2 11 2311 683 1468
1528 2 2 2 11 2312 684 1469
1529 2 2 2 11 2313 685 1470
1530 2 2 2 11 2314 686 1471
1531 2 2 2 11 2315 580 879
1532 2 2 2 11 2315 2073 569
1533 2 2 2 11 2316 581 878
1534 2 2 2 11 2316 2070 571
1535 2 2 2 11 2317 582 877
1536 2 2 2 11 2317 2072 570
1537 2 2 2 11 2318 583 876
1538 2 2 2 11 2318 2071 572
1539 2 2 2 11 2319 1973 1322
1540 2 2 2 11 2320 1972 1323
1541 2 2 2 11 2321 1975 1324
1542 2 2 2 11 2322 1974 1325
1543 2 2 2 11 2323 2010 965
1544 2 2 2 11 2324 2009 966
1545 2 2 2 11 2325 2008 963
1546 2 2 2 11 2326 2011 964
1547 2 2 2 11 541 1478 2327
1548 2 2 2 11 2327 1917 541
1549 2 2 2 11 538 1477 2328
1550 2 2 2 11 2328 1916 538
1551 2 2 2 11 540 1479 2329
1552 2 2 2 11 2329 1915 540
1553 2 2 2 11 539 1476 2330
1554 2 2 2 11 2330 1918 539
1555 2 2 2 11 2331 721 1639
1556 2 2 2 11 2332 718 1636
1557 2 2 2 11 2333 719 1637
1558 2 2 2 11 2334 720 1638
1559 2 2 2 11 648 2181 2342
1560 2 2 2 11 646 2184 2343
1561 2 2 2 11 645 2182 2344
1562 2 2 2 11 647 2183 2345
1563 2 2 2 11 2350 2040 881
1564 2 2 2 11 2351 2041 882
1565 2 2 2 11 2352 2042 880
1566 2 2 2 11 2353 2043 883
1567 2 2 2 11 2354 1875 1062
1568 2 2 2 11 1062 2173 2354
1569 2 2 2 11 551 1531 2356
1570 2 2 2 11 2356 1906 551
1571 2 2 2 11 552 1529 2357
1572 2 2 2 11 2357 1904 552
1573 2 2 2 11 553 1530 2358
1574 2 2 2 11 2358 1903 553
1575 2 2 2 11 550 1528 2359
1576 2 2 2 11 2359 1905 550
1577 2 2 2 11 2360 1978 895
1578 2 2 2 11 2361 1977 893
1579 2 2 2 11 2362 1976 892
1580 2 2 2 11 2363 1979 894
1581 2 2 2 11 906 2136 2364
1582 2 2 2 11 903 2135 2365
1583 2 2 2 11 904 2137 2366
1584 2 2 2 11 905 2134 2367
1585 2 2 2 11 2368 1001 1213
1586 2 2 2 11 2369 1000 1214
1587 2 2 2 11 2370 999 1215
1588 2 2 2 11 2371 998 1216
1589 2 2 2 11 2372 2189 1453
1590 2 2 2 11 2373 2190 1454
1591 2 2 2 11 2374 2191 1455
1592 2 2 2 11 1015 2220 2382
1593 2 2 2 11 1017 2219 2383
1594 2 2 2 11 1014 2221 2384
1595 2 2 2 11 1016 2222 2385
1596 2 2 2 11 1064 2146 2386
1597 2 2 2 11 2386 2146 1373
1598 2 2 2 11 2386 2176 1064
1599 2 2 2 11 1065 2147 2387
1600 2 2 2 11 2387 2147 1371
1601 2 2 2 11 2387 2175 1065
1602 2 2 2 11 1063 2148 2388
1603 2 2 2 11 2388 2148 1372
1604 2 2 2 11 2388 2174 1063
1605 2 2 2 11 892 2012 2389
1606 2 2 2 11 893 2015 2390
1607 2 2 2 11 895 2013 2391
1608 2 2 2 11 894 2014 2392
1609 2 2 2 11 1314 500 2393
1610 2 2 2 11 945 947 2393
1611 2 2 2 11 1315 499 2394
1612 2 2 2 11 946 949 2394
1613 2 2 2 11 1316 498 2395
1614 2 2 2 11 943 950 2395
1615 2 2 2 11 1317 497 2396
1616 2 2 2 11 944 948 2396
1617 2 2 2 11 2397 2069 997
1618 2 2 2 11 2398 2068 996
1619 2 2 2 11 2399 2067 995
1620 2 2 2 11 2400 2066 994
1621 2 2 2 11 2409 2017 1080
1622 2 2 2 11 1080 1131 2409
1623 2 2 2 11 466 2017 2409
1624 2 2 2 11 2410 2018 1083
1625 2 2 2 11 1083 1130 2410
1626 2 2 2 11 465 2018 2410
1627 2 2 2 11 2411 2016 1082
1628 2 2 2 11 1082 1132 2411
1629 2 2 2 11 468 2016 2411
1630 2 2 2 11 2412 2019 1081
1631 2 2 2 11 1081 1129 2412
1632 2 2 2 11 467 2019 2412
1633 2 2 2 11 2413 553 1413
1634 2 2 2 11 2414 552 1414
1635 2 2 2 11 2415 551 1415
1636 2 2 2 11 2416 550 1416
1637 2 2 2 11 2417 168 169
1638 2 2 2 11 1322 168 2417
1639 2 2 2 11 2418 363 364
1640 2 2 2 11 1323 363 2418
1641 2 2 2 11 2419 233 234
1642 2 2 2 11 1324 233 2419
1643 2 2 2 11 2420 298 299
1644 2 2 2 11 1325 298 2420
1645 2 2 2 11 904 2130 2421
1646 2 2 2 11 903 2133 2422
1647 2 2 2 11 905 2132 2423
1648 2 2 2 11 906 2131 2424
1649 2 2 2 11 2425 1933 930
1650 2 2 2 11 2426 1936 927
1651 2 2 2 11 2427 1934 929
1652 2 2 2 11 2428 1935 928
1653 2 2 2 11 2433 1995 501
1654 2 2 2 11 1230 1995 2433
1655 2 2 2 11 501 2224 2433
1656 2 2 2 11 2434 1992 503
1657 2 2 2 11 1231 1992 2434
1658 2 2 2 11 503 2225 2434
1659 2 2 2 11 2435 1994 504
1660 2 2 2 11 1233 1994 2435
1661 2 2 2 11 504 2226 2435
1662 2 2 2 11 2436 1993 502
1663 2 2 2 11 1232 1993 2436
1664 2 2 2 11 502 2223 2436
1665 2 2 2 11 860 2209 2437
1666 2 2 2 11 2438 2208 482
1667 2 2 2 11 2439 2206 484
1668 2 2 2 11 2440 2207 483
1669 2 2 2 11 910 2159 2445
1670 2 2 2 11 909 2157 2446
1671 2 2 2 11 908 2158 2447
1672 2 2 2 11 907 2156 2448
1673 2 2 2 11 540 1915 2449
1674 2 2 2 11 541 1917 2450
1675 2 2 2 11 538 1916 2451
1676 2 2 2 11 539 1918 2452
1677 2 2 2 11 927 2276 2457
1678 2 2 2 11 928 2275 2458
1679 2 2 2 11 929 2274 2459
1680 2 2 2 11 930 2273 2460
1681 2 2 2 11 1048 2041 2464
1682 2 2 2 11 1049 2043 2465
1683 2 2 2 11 1046 2042 2466
1684 2 2 2 11 1047 2040 2467
1685 2 2 2 11 2468 1477 538
1686 2 2 2 11 1007 1477 2468
1687 2 2 2 11 2469 1479 540
1688 2 2 2 11 1009 1479 2469
1689 2 2 2 11 2470 1478 541
1690 2 2 2 11 1008 1478 2470
1691 2 2 2 11 2471 1476 539
1692 2 2 2 11 1006 1476 2471
1693 2 2 2 11 2472 2272 938
1694 2 2 2 11 2473 2271 937
1695 2 2 2 11 2474 2270 935
1696 2 2 2 11 946 2136 2475
1697 2 2 2 11 945 2135 2476
1698 2 2 2 11 944 2137 2477
1699 2 2 2 11 943 2134 2478
1700 2 2 2 11 34 3 2479
1701 2 2 2 11 59 2 2480
1702 2 2 2 11 9 1 2481
1703 2 2 2 11 84 4 2482
1704 2 2 2 11 2483 2288 936
1705 2 2 2 11 2485 2096 1616
1706 2 2 2 11 2486 2097 1617
1707 2 2 2 11 2487 2099 1618
1708 2 2 2 11 2488 2098 1619
1709 2 2 2 11 2489 2421 1015
1710 2 2 2 11 2490 2422 1017
1711 2 2 2 11 2491 2423 1014
1712 2 2 2 11 2492 2424 1016
1713 2 2 2 11 2493 2263 935
1714 2 2 2 11 2494 2265 938
1715 2 2 2 11 2495 2264 937
1716 2 2 2 11 2496 2262 936
1717 2 2 2 11 2497 2467 967
1718 2 2 2 11 2498 2466 968
1719 2 2 2 11 2499 2464 970
1720 2 2 2 11 2500 2465 969
1721 2 2 2 11 2501 153 154
1722 2 2 2 11 840 2024 2502
1723 2 2 2 11 2502 2138 840
1724 2 2 2 11 987 2212 2503
1725 2 2 2 11 988 2211 2504
1726 2 2 2 11 989 2210 2505
1727 2 2 2 11 1217 2161 2510
1728 2 2 2 11 2511 2209 860
1729 2 2 2 11 2511 2496 936
1730 2 2 2 11 839 2025 2515
1731 2 2 2 11 2515 2139 839
1732 2 2 2 11 838 2026 2516
1733 2 2 2 11 2516 2140 838
1734 2 2 2 11 837 2027 2517
1735 2 2 2 11 2517 2141 837
1736 2 2 2 11 2522 2208 861
1737 2 2 2 11 2522 2493 935
1738 2 2 2 11 2523 2206 863
1739 2 2 2 11 2523 2495 937
1740 2 2 2 11 2524 2207 862
1741 2 2 2 11 2524 2494 938
1742 2 2 2 11 1472 2521 2525
1743 2 2 2 11 1473 2520 2526
1744 2 2 2 11 1475 2519 2527
1745 2 2 2 11 1474 2518 2528
1746 2 2 2 11 2529 1161 1075
1747 2 2 2 11 2529 2024 377
1748 2 2 2 11 1145 601 2534
1749 2 2 2 11 2534 601 1441
1750 2 2 2 11 508 2368 2535
1751 2 2 2 11 507 2369 2536
1752 2 2 2 11 506 2370 2537
1753 2 2 2 11 505 2371 2538
1754 2 2 2 11 2543 2209 481
1755 2 2 2 11 906 2424 2544
1756 2 2 2 11 2544 2136 906
1757 2 2 2 11 903 2422 2545
1758 2 2 2 11 2545 2135 903
1759 2 2 2 11 904 2421 2546
1760 2 2 2 11 2546 2137 904
1761 2 2 2 11 905 2423 2547
1762 2 2 2 11 2547 2134 905
1763 2 2 2 11 2548 2411 1132
1764 2 2 2 11 1132 1969 2548
1765 2 2 2 11 468 2411 2548
1766 2 2 2 11 2549 2410 1130
1767 2 2 2 11 1130 1970 2549
1768 2 2 2 11 465 2410 2549
1769 2 2 2 11 2550 2409 1131
1770 2 2 2 11 1131 1971 2550
1771 2 2 2 11 466 2409 2550
1772 2 2 2 11 2551 2412 1129
1773 2 2 2 11 1129 1968 2551
1774 2 2 2 11 467 2412 2551
1775 2 2 2 11 1189 2483 2552
1776 2 2 2 11 1190 2474 2553
1777 2 2 2 11 1192 2473 2554
1778 2 2 2 11 1191 2472 2555
1779 2 2 2 11 956 1394 2556
1780 2 2 2 11 955 1393 2557
1781 2 2 2 11 957 1395 2558
1782 2 2 2 11 958 1396 2559
1783 2 2 2 11 840 2138 2564
1784 2 2 2 11 839 2139 2565
1785 2 2 2 11 837 2141 2566
1786 2 2 2 11 838 2140 2567
1787 2 2 2 11 2569 1593 633
1788 2 2 2 11 2569 2319 1322
1789 2 2 2 11 2570 1594 634
1790 2 2 2 11 2570 2320 1323
1791 2 2 2 11 2571 1595 635
1792 2 2 2 11 2571 2321 1324
1793 2 2 2 11 2572 1596 636
1794 2 2 2 11 2572 2322 1325
1795 2 2 2 11 2573 2326 964
1796 2 2 2 11 964 1360 2573
1797 2 2 2 11 2574 2324 966
1798 2 2 2 11 966 1358 2574
1799 2 2 2 11 2575 2325 963
1800 2 2 2 11 963 1361 2575
1801 2 2 2 11 2576 2323 965
1802 2 2 2 11 965 1359 2576
1803 2 2 2 11 1405 533 2580
1804 2 2 2 11 1119 1275 2580
1805 2 2 2 11 1406 532 2581
1806 2 2 2 11 1117 1276 2581
1807 2 2 2 11 1407 531 2582
1808 2 2 2 11 1118 1277 2582
1809 2 2 2 11 1408 530 2583
1810 2 2 2 11 1120 1278 2583
1811 2 2 2 11 841 1555 2584
1812 2 2 2 11 2593 1524 761
1813 2 2 2 11 246 247 2594
1814 2 2 2 11 116 117 2595
1815 2 2 2 11 311 312 2596
1816 2 2 2 11 181 182 2597
1817 2 2 2 11 2602 547 1042
1818 2 2 2 11 1537 547 2602
1819 2 2 2 11 2603 549 1044
1820 2 2 2 11 1539 549 2603
1821 2 2 2 11 2604 546 1043
1822 2 2 2 11 1538 546 2604
1823 2 2 2 11 2605 548 1045
1824 2 2 2 11 1540 548 2605
1825 2 2 2 11 461 656 2606
1826 2 2 2 11 1749 1480 2606
1827 2 2 2 11 2606 656 1749
1828 2 2 2 11 462 657 2607
1829 2 2 2 11 1748 1481 2607
1830 2 2 2 11 2607 657 1748
1831 2 2 2 11 464 658 2608
1832 2 2 2 11 1750 1482 2608
1833 2 2 2 11 2608 658 1750
1834 2 2 2 11 463 659 2609
1835 2 2 2 11 1747 1483 2609
1836 2 2 2 11 2609 659 1747
1837 2 2 2 11 2611 1459 479
1838 2 2 2 11 2612 1457 477
1839 2 2 2 11 2613 1456 478
1840 2 2 2 11 2614 1458 480
1841 2 2 2 11 2615 2518 1202
1842 2 2 2 11 2616 2521 1203
1843 2 2 2 11 2617 2519 1204
1844 2 2 2 11 2618 2520 1201
1845 2 2 2 11 2619 2348 957
1846 2 2 2 11 2620 2346 956
1847 2 2 2 11 2621 2347 955
1848 2 2 2 11 2622 2349 958
1849 2 2 2 11 991 2227 2623
1850 2 2 2 11 990 2228 2624
1851 2 2 2 11 993 2229 2625
1852 2 2 2 11 992 2230 2626
1853 2 2 2 11 635 1266 2631
1854 2 2 2 11 636 1269 2632
1855 2 2 2 11 633 1268 2633
1856 2 2 2 11 634 1267 2634
1857 2 2 2 11 980 1197 2635
1858 2 2 2 11 979 1198 2636
1859 2 2 2 11 981 1200 2637
1860 2 2 2 11 978 1199 2638
1861 2 2 2 11 2653 2044 569
1862 2 2 2 11 2654 2047 572
1863 2 2 2 11 2655 2045 571
1864 2 2 2 11 2656 2046 570
1865 2 2 2 11 533 2490 2657
1866 2 2 2 11 1119 2580 2657
1867 2 2 2 11 2657 2580 533
1868 2 2 2 11 531 2491 2658
1869 2 2 2 11 1118 2582 2658
1870 2 2 2 11 2658 2582 531
1871 2 2 2 11 530 2492 2659
1872 2 2 2 11 1120 2583 2659
1873 2 2 2 11 2659 2583 530
1874 2 2 2 11 532 2489 2660
1875 2 2 2 11 1117 2581 2660
1876 2 2 2 11 2660 2581 532
1877 2 2 2 11 1648 1170 2661
1878 2 2 2 11 1650 1172 2662
1879 2 2 2 11 1651 1173 2663
1880 2 2 2 11 1649 1171 2664
1881 2 2 2 11 860 1874 2669
1882 2 2 2 11 869 2496 2669
1883 2 2 2 11 1019 510 2670
1884 2 2 2 11 1538 2604 2670
1885 2 2 2 11 2670 510 1538
1886 2 2 2 11 1018 509 2671
1887 2 2 2 11 1539 2603 2671
1888 2 2 2 11 2671 509 1539
1889 2 2 2 11 1020 511 2672
1890 2 2 2 11 1540 2605 2672
1891 2 2 2 11 2672 511 1540
1892 2 2 2 11 34 2479 2676
1893 2 2 2 11 84 2482 2677
1894 2 2 2 11 59 2480 2678
1895 2 2 2 11 9 2481 2679
1896 2 2 2 11 572 2028 2684
1897 2 2 2 11 583 2318 2684
1898 2 2 2 11 2684 2318 572
1899 2 2 2 11 570 2029 2685
1900 2 2 2 11 582 2317 2685
1901 2 2 2 11 2685 2317 570
1902 2 2 2 11 571 2030 2686
1903 2 2 2 11 581 2316 2686
1904 2 2 2 11 2686 2316 571
1905 2 2 2 11 569 2031 2687
1906 2 2 2 11 580 2315 2687
1907 2 2 2 11 2687 2315 569
1908 2 2 2 11 665 762 2688
1909 2 2 2 11 2688 762 1794
1910 2 2 2 11 666 763 2689
1911 2 2 2 11 2689 763 1795
1912 2 2 2 11 667 764 2690
1913 2 2 2 11 2690 764 1796
1914 2 2 2 11 862 1877 2691
1915 2 2 2 11 871 2494 2691
1916 2 2 2 11 861 1878 2692
1917 2 2 2 11 868 2493 2692
1918 2 2 2 11 863 1876 2693
1919 2 2 2 11 870 2495 2693
1920 2 2 2 11 1021 512 2694
1921 2 2 2 11 1537 2602 2694
1922 2 2 2 11 2694 512 1537
1923 2 2 2 11 2702 1030 1104
1924 2 2 2 11 2703 1031 1105
1925 2 2 2 11 2704 1032 1106
1926 2 2 2 11 2705 1033 1107
1927 2 2 2 11 1471 2332 2706
1928 2 2 2 11 2706 745 1471
1929 2 2 2 11 1469 2331 2707
1930 2 2 2 11 2707 746 1469
1931 2 2 2 11 1468 2334 2708
1932 2 2 2 11 2708 747 1468
1933 2 2 2 11 1470 2333 2709
1934 2 2 2 11 2709 748 1470
1935 2 2 2 11 483 2272 2714
1936 2 2 2 11 484 2271 2715
1937 2 2 2 11 482 2270 2716
1938 2 2 2 11 481 2288 2717
1939 2 2 2 11 2719 1333 580
1940 2 2 2 11 2719 2031 1125
1941 2 2 2 11 2720 1330 583
1942 2 2 2 11 2720 2028 1128
1943 2 2 2 11 2721 1331 582
1944 2 2 2 11 2721 2029 1127
1945 2 2 2 11 2722 1332 581
1946 2 2 2 11 2722 2030 1126
1947 2 2 2 11 1616 1972 2723
1948 2 2 2 11 1617 1973 2724
1949 2 2 2 11 1618 1974 2725
1950 2 2 2 11 1619 1975 2726
1951 2 2 2 11 2734 2229 1295
1952 2 2 2 11 2735 2230 1296
1953 2 2 2 11 2736 2227 1297
1954 2 2 2 11 2737 2228 1298
1955 2 2 2 11 1636 1640 2746
1956 2 2 2 11 1637 1641 2747
1957 2 2 2 11 1638 1642 2748
1958 2 2 2 11 1639 1643 2749
1959 2 2 2 11 2750 2455 1190
1960 2 2 2 11 2751 2453 1191
1961 2 2 2 11 2752 2454 1192
1962 2 2 2 11 2753 2456 1189
1963 2 2 2 11 2754 2138 648
1964 2 2 2 11 2754 2342 1265
1965 2 2 2 11 648 2342 2754
1966 2 2 2 11 2763 2139 645
1967 2 2 2 11 2763 2344 1262
1968 2 2 2 11 645 2344 2763
1969 2 2 2 11 2764 2141 646
1970 2 2 2 11 2764 2343 1263
1971 2 2 2 11 646 2343 2764
1972 2 2 2 11 2765 2140 647
1973 2 2 2 11 2765 2345 1264
1974 2 2 2 11 647 2345 2765
1975 2 2 2 11 2766 793 773
1976 2 2 2 11 2766 1726 1342
1977 2 2 2 11 773 1726 2766
1978 2 2 2 11 2767 1121 1249
1979 2 2 2 11 2768 1122 1248
1980 2 2 2 11 2769 1123 1247
1981 2 2 2 11 2770 1124 1246
1982 2 2 2 11 2771 794 774
1983 2 2 2 11 2771 1723 1343
1984 2 2 2 11 774 1723 2771
1985 2 2 2 11 2772 796 776
1986 2 2 2 11 2772 1724 1344
1987 2 2 2 11 776 1724 2772
1988 2 2 2 11 2773 795 775
1989 2 2 2 11 2773 1725 1345
1990 2 2 2 11 775 1725 2773
1991 2 2 2 11 1141 975 2774
1992 2 2 2 11 1142 976 2775
1993 2 2 2 11 1143 977 2776
1994 2 2 2 11 522 1193 2781
1995 2 2 2 11 524 1195 2782
1996 2 2 2 11 523 1196 2783
1997 2 2 2 11 521 1194 2784
1998 2 2 2 11 2789 715 651
1999 2 2 2 11 2789 2293 1794
2000 2 2 2 11 1794 715 2789
2001 2 2 2 11 2790 716 650
2002 2 2 2 11 2790 2294 1795
2003 2 2 2 11 1795 716 2790
2004 2 2 2 11 2791 717 649
2005 2 2 2 11 2791 2295 1796
2006 2 2 2 11 1796 717 2791
2007 2 2 2 11 708 1573 2792
2008 2 2 2 11 2792 1573 972
2009 2 2 2 11 2792 2591 708
2010 2 2 2 11 709 1574 2793
2011 2 2 2 11 2793 1574 973
2012 2 2 2 11 2793 2589 709
2013 2 2 2 11 710 1575 2794
2014 2 2 2 11 2794 1575 974
2015 2 2 2 11 2794 2590 710
2016 2 2 2 11 707 1572 2795
2017 2 2 2 11 2795 1572 971
2018 2 2 2 11 2795 2592 707
2019 2 2 2 11 2796 2490 1017
2020 2 2 2 11 1017 2621 2796
2021 2 2 2 11 2797 2489 1015
2022 2 2 2 11 1015 2620 2797
2023 2 2 2 11 2798 2491 1014
2024 2 2 2 11 1014 2619 2798
2025 2 2 2 11 2799 2492 1016
2026 2 2 2 11 1016 2622 2799
2027 2 2 2 11 195 196 2804
2028 2 2 2 11 325 326 2805
2029 2 2 2 11 130 131 2806
2030 2 2 2 11 260 261 2807
2031 2 2 2 11 2816 2135 945
2032 2 2 2 11 2817 2137 944
2033 2 2 2 11 2818 2136 946
2034 2 2 2 11 2819 2134 943
2035 2 2 2 11 2821 2479 1204
2036 2 2 2 11 2821 2499 970
2037 2 2 2 11 2822 2482 1203
2038 2 2 2 11 2822 2497 967
2039 2 2 2 11 2823 2480 1202
2040 2 2 2 11 2823 2498 968
2041 2 2 2 11 2824 2481 1201
2042 2 2 2 11 2824 2500 969
2043 2 2 2 11 569 2073 2825
2044 2 2 2 11 2825 2653 569
2045 2 2 2 11 571 2070 2826
2046 2 2 2 11 2826 2655 571
2047 2 2 2 11 570 2072 2827
2048 2 2 2 11 2827 2656 570
2049 2 2 2 11 572 2071 2828
2050 2 2 2 11 2828 2654 572
2051 2 2 2 11 2838 3 33
2052 2 2 2 11 2838 2617 1204
2053 2 2 2 11 2839 2 58
2054 2 2 2 11 2839 2615 1202
2055 2 2 2 11 2840 4 83
2056 2 2 2 11 2840 2616 1203
2057 2 2 2 11 2841 1 108
2058 2 2 2 11 2841 2618 1201
2059 2 2 2 11 2842 2771 1343
2060 2 2 2 11 794 2771 2842
2061 2 2 2 11 2843 2772 1344
2062 2 2 2 11 796 2772 2843
2063 2 2 2 11 2844 2773 1345
2064 2 2 2 11 795 2773 2844
2065 2 2 2 11 2845 2766 1342
2066 2 2 2 11 793 2766 2845
2067 2 2 2 11 376 1082 2846
2068 2 2 2 11 2846 1082 836
2069 2 2 2 11 375 1080 2847
2070 2 2 2 11 2847 1080 835
2071 2 2 2 11 373 1083 2848
2072 2 2 2 11 2848 1083 834
2073 2 2 2 11 374 1081 2849
2074 2 2 2 11 2849 1081 833
2075 2 2 2 11 1730 1592 2850
2076 2 2 2 11 2850 385 1730
2077 2 2 2 11 2850 1592 801
2078 2 2 2 11 652 1920 2859
2079 2 2 2 11 2859 2156 652
2080 2 2 2 11 653 1922 2860
2081 2 2 2 11 2860 2158 653
2082 2 2 2 11 654 1921 2861
2083 2 2 2 11 2861 2157 654
2084 2 2 2 11 655 1919 2862
2085 2 2 2 11 2862 2159 655
2086 2 2 2 11 1429 563 2863
2087 2 2 2 11 1428 564 2864
2088 2 2 2 11 1431 561 2865
2089 2 2 2 11 1430 562 2866
2090 2 2 2 11 1299 2438 2867
2091 2 2 2 11 1300 2439 2868
2092 2 2 2 11 1302 2440 2869
2093 2 2 2 11 692 1363 2873
2094 2 2 2 11 693 1364 2874
2095 2 2 2 11 694 1365 2875
2096 2 2 2 11 2876 2553 1154
2097 2 2 2 11 2877 2555 1155
2098 2 2 2 11 2878 2554 1156
2099 2 2 2 11 2879 2552 1153
2100 2 2 2 11 490 1692 2880
2101 2 2 2 11 489 1691 2881
2102 2 2 2 11 492 1694 2882
2103 2 2 2 11 491 1693 2883
2104 2 2 2 11 946 2394 2884
2105 2 2 2 11 2884 2394 499
2106 2 2 2 11 945 2393 2885
2107 2 2 2 11 2885 2393 500
2108 2 2 2 11 944 2396 2886
2109 2 2 2 11 2886 2396 497
2110 2 2 2 11 943 2395 2887
2111 2 2 2 11 2887 2395 498
2112 2 2 2 11 2888 1571 714
2113 2 2 2 11 1025 1571 2888
2114 2 2 2 11 2889 1569 712
2115 2 2 2 11 1023 1569 2889
2116 2 2 2 11 2890 1568 711
2117 2 2 2 11 1022 1568 2890
2118 2 2 2 11 2891 1570 713
2119 2 2 2 11 1024 1570 2891
2120 2 2 2 11 1397 676 2892
2121 2 2 2 11 1398 677 2893
2122 2 2 2 11 1399 678 2894
2123 2 2 2 11 1400 679 2895
2124 2 2 2 11 381 1703 2896
2125 2 2 2 11 2896 1703 1524
2126 2 2 2 11 2898 1830 852
2127 2 2 2 11 852 382 2898
2128 2 2 2 11 2899 1832 851
2129 2 2 2 11 851 384 2899
2130 2 2 2 11 2900 1831 850
2131 2 2 2 11 850 383 2900
2132 2 2 2 11 907 2284 2901
2133 2 2 2 11 909 2287 2902
2134 2 2 2 11 910 2286 2903
2135 2 2 2 11 908 2285 2904
2136 2 2 2 11 2905 1081 1565
2137 2 2 2 11 1129 1081 2905
2138 2 2 2 11 2906 1080 1567
2139 2 2 2 11 1131 1080 2906
2140 2 2 2 11 2907 1082 1564
2141 2 2 2 11 1132 1082 2907
2142 2 2 2 11 2908 1083 1566
2143 2 2 2 11 1130 1083 2908
2144 2 2 2 11 802 386 2909
2145 2 2 2 11 1727 1607 2909
2146 2 2 2 11 2909 386 1727
2147 2 2 2 11 2909 1607 802
2148 2 2 2 11 803 387 2910
2149 2 2 2 11 1728 1606 2910
2150 2 2 2 11 2910 387 1728
2151 2 2 2 11 2910 1606 803
2152 2 2 2 11 804 388 2911
2153 2 2 2 11 1729 1605 2911
2154 2 2 2 11 2911 388 1729
2155 2 2 2 11 2911 1605 804
2156 2 2 2 11 562 1430 2920
2157 2 2 2 11 2920 1430 1159
2158 2 2 2 11 561 1431 2921
2159 2 2 2 11 2921 1431 1160
2160 2 2 2 11 564 1428 2922
2161 2 2 2 11 2922 1428 1157
2162 2 2 2 11 563 1429 2923
2163 2 2 2 11 2923 1429 1158
2164 2 2 2 11 567 1445 2924
2165 2 2 2 11 1049 2465 2924
2166 2 2 2 11 568 1443 2925
2167 2 2 2 11 1048 2464 2925
2168 2 2 2 11 565 1444 2926
2169 2 2 2 11 1047 2467 2926
2170 2 2 2 11 566 1442 2927
2171 2 2 2 11 1046 2466 2927
2172 2 2 2 11 2928 1530 553
2173 2 2 2 11 1183 1530 2928
2174 2 2 2 11 2929 1529 552
2175 2 2 2 11 1182 1529 2929
2176 2 2 2 11 2930 1528 550
2177 2 2 2 11 1181 1528 2930
2178 2 2 2 11 2931 1531 551
2179 2 2 2 11 1184 1531 2931
2180 2 2 2 11 936 2262 2932
2181 2 2 2 11 2932 2483 936
2182 2 2 2 11 2933 453 1426
2183 2 2 2 11 2934 454 1425
2184 2 2 2 11 2935 456 1424
2185 2 2 2 11 2936 455 1427
2186 2 2 2 11 935 2263 2937
2187 2 2 2 11 2937 2474 935
2188 2 2 2 11 938 2265 2938
2189 2 2 2 11 2938 2472 938
2190 2 2 2 11 937 2264 2939
2191 2 2 2 11 2939 2473 937
2192 2 2 2 11 622 2755 2940
2193 2 2 2 11 621 2757 2941
2194 2 2 2 11 624 2756 2942
2195 2 2 2 11 623 2758 2943
2196 2 2 2 11 2944 2742 1374
2197 2 2 2 11 1374 2096 2944
2198 2 2 2 11 2945 2743 1375
2199 2 2 2 11 1375 2097 2945
2200 2 2 2 11 2946 2744 1376
2201 2 2 2 11 1376 2098 2946
2202 2 2 2 11 2947 2745 1377
2203 2 2 2 11 1377 2099 2947
2204 2 2 2 11 1295 2229 2952
2205 2 2 2 11 1296 2230 2953
2206 2 2 2 11 1297 2227 2954
2207 2 2 2 11 1298 2228 2955
2208 2 2 2 11 2956 2170 907
2209 2 2 2 11 2956 2266 849
2210 2 2 2 11 2957 2169 910
2211 2 2 2 11 2957 2269 846
2212 2 2 2 11 2958 2171 909
2213 2 2 2 11 2958 2268 847
2214 2 2 2 11 2959 2172 908
2215 2 2 2 11 2959 2267 848
2216 2 2 2 11 2960 1601 722
2217 2 2 2 11 898 1601 2960
2218 2 2 2 11 2961 1604 725
2219 2 2 2 11 899 1604 2961
2220 2 2 2 11 2962 1603 724
2221 2 2 2 11 897 1603 2962
2222 2 2 2 11 2963 1602 723
2223 2 2 2 11 896 1602 2963
2224 2 2 2 11 608 1104 2964
2225 2 2 2 11 2964 1104 1030
2226 2 2 2 11 605 1107 2965
2227 2 2 2 11 2965 1107 1033
2228 2 2 2 11 606 1106 2966
2229 2 2 2 11 2966 1106 1032
2230 2 2 2 11 607 1105 2967
2231 2 2 2 11 2967 1105 1031
2232 2 2 2 11 860 2437 2981
2233 2 2 2 11 2981 1874 860
2234 2 2 2 11 2982 2170 513
2235 2 2 2 11 2983 2172 514
2236 2 2 2 11 2984 2169 516
2237 2 2 2 11 2985 2171 515
2238 2 2 2 11 2990 2181 1042
2239 2 2 2 11 2991 2182 1044
2240 2 2 2 11 2992 2183 1045
2241 2 2 2 11 2993 2184 1043
2242 2 2 2 11 1374 2742 2998
2243 2 2 2 11 1375 2743 2999
2244 2 2 2 11 1376 2744 3000
2245 2 2 2 11 1377 2745 3001
2246 2 2 2 11 3002 2003 652
2247 2 2 2 11 3002 2305 1222
2248 2 2 2 11 652 2305 3002
2249 2 2 2 11 3003 2002 653
2250 2 2 2 11 3003 2304 1223
2251 2 2 2 11 653 2304 3003
2252 2 2 2 11 3004 2001 654
2253 2 2 2 11 3004 2303 1224
2254 2 2 2 11 654 2303 3004
2255 2 2 2 11 3005 2000 655
2256 2 2 2 11 3005 2306 1225
2257 2 2 2 11 655 2306 3005
2258 2 2 2 11 3006 1358 966
2259 2 2 2 11 3007 1361 963
2260 2 2 2 11 3008 1360 964
2261 2 2 2 11 3009 1359 965
2262 2 2 2 11 1453 2189 3018
2263 2 2 2 11 1454 2190 3019
2264 2 2 2 11 1455 2191 3020
2265 2 2 2 11 745 2706 3021
2266 2 2 2 11 746 2707 3022
2267 2 2 2 11 747 2708 3023
2268 2 2 2 11 748 2709 3024
2269 2 2 2 11 1270 2320 3025
2270 2 2 2 11 634 2634 3025
2271 2 2 2 11 1271 2319 3026
2272 2 2 2 11 633 2633 3026
2273 2 2 2 11 1272 2322 3027
2274 2 2 2 11 636 2632 3027
2275 2 2 2 11 1273 2321 3028
2276 2 2 2 11 635 2631 3028
2277 2 2 2 11 1125 2122 3033
2278 2 2 2 11 1128 2125 3034
2279 2 2 2 11 1127 2124 3035
2280 2 2 2 11 1126 2123 3036
2281 2 2 2 11 3037 396 1706
2282 2 2 2 11 3037 952 1055
2283 2 2 2 11 3038 395 1705
2284 2 2 2 11 3038 953 1056
2285 2 2 2 11 3039 394 1704
2286 2 2 2 11 3039 954 1057
2287 2 2 2 11 3044 382 1299
2288 2 2 2 11 3045 383 1302
2289 2 2 2 11 3046 384 1300
2290 2 2 2 11 3047 2619 957
2291 2 2 2 11 3048 2620 956
2292 2 2 2 11 3049 2622 958
2293 2 2 2 11 3050 2621 955
2294 2 2 2 11 3059 1703 1301
2295 2 2 2 11 3060 1077 614
2296 2 2 2 11 950 1077 3060
2297 2 2 2 11 3061 1078 615
2298 2 2 2 11 949 1078 3061
2299 2 2 2 11 3062 1079 616
2300 2 2 2 11 947 1079 3062
2301 2 2 2 11 3063 1076 613
2302 2 2 2 11 948 1076 3063
2303 2 2 2 11 380 2153 3076
2304 2 2 2 11 379 2154 3077
2305 2 2 2 11 378 2152 3078
2306 2 2 2 11 1353 710 3082
2307 2 2 2 11 1259 1185 3082
2308 2 2 2 11 1352 709 3083
2309 2 2 2 11 1260 1186 3083
2310 2 2 2 11 1351 708 3084
2311 2 2 2 11 1261 1187 3084
2312 2 2 2 11 1350 707 3085
2313 2 2 2 11 1258 1188 3085
2314 2 2 2 11 1508 2451 3086
2315 2 2 2 11 3086 557 1508
2316 2 2 2 11 3086 2451 1047
2317 2 2 2 11 1507 2452 3087
2318 2 2 2 11 3087 558 1507
2319 2 2 2 11 3087 2452 1046
2320 2 2 2 11 1509 2450 3088
2321 2 2 2 11 3088 560 1509
2322 2 2 2 11 3088 2450 1048
2323 2 2 2 11 1510 2449 3089
2324 2 2 2 11 3089 559 1510
2325 2 2 2 11 3089 2449 1049
2326 2 2 2 11 1735 734 3090
2327 2 2 2 11 3090 734 1713
2328 2 2 2 11 1736 735 3091
2329 2 2 2 11 3091 735 1712
2330 2 2 2 11 1737 736 3092
2331 2 2 2 11 3092 736 1714
2332 2 2 2 11 1738 733 3093
2333 2 2 2 11 3093 733 1711
2334 2 2 2 11 3094 924 441
2335 2 2 2 11 1244 924 3094
2336 2 2 2 11 441 672 3094
2337 2 2 2 11 3095 926 443
2338 2 2 2 11 1242 926 3095
2339 2 2 2 11 443 674 3095
2340 2 2 2 11 3096 923 442
2341 2 2 2 11 1243 923 3096
2342 2 2 2 11 442 673 3096
2343 2 2 2 11 3097 925 444
2344 2 2 2 11 1245 925 3097
2345 2 2 2 11 444 675 3097
2346 2 2 2 11 3098 393 1066
2347 2 2 2 11 3099 2114 847
2348 2 2 2 11 3100 2113 846
2349 2 2 2 11 3101 2112 849
2350 2 2 2 11 3102 2115 848
2351 2 2 2 11 3111 1878 861
2352 2 2 2 11 3112 1877 862
2353 2 2 2 11 3113 1876 863
2354 2 2 2 11 3122 1716 758
2355 2 2 2 11 3122 669 1649
2356 2 2 2 11 1649 1716 3122
2357 2 2 2 11 758 669 3122
2358 2 2 2 11 3123 1717 757
2359 2 2 2 11 3123 668 1648
2360 2 2 2 11 1648 1717 3123
2361 2 2 2 11 757 668 3123
2362 2 2 2 11 3124 1718 759
2363 2 2 2 11 3124 670 1650
2364 2 2 2 11 1650 1718 3124
2365 2 2 2 11 759 670 3124
2366 2 2 2 11 3125 1715 760
2367 2 2 2 11 3125 671 1651
2368 2 2 2 11 1651 1715 3125
2369 2 2 2 11 760 671 3125
2370 2 2 2 11 3126 712 1355
2371 2 2 2 11 3127 711 1354
2372 2 2 2 11 3128 714 1357
2373 2 2 2 11 3129 713 1356
2374 2 2 2 11 610 1385 3130
2375 2 2 2 11 612 1383 3131
2376 2 2 2 11 611 1382 3132
2377 2 2 2 11 609 1384 3133
2378 2 2 2 11 3134 2074 593
2379 2 2 2 11 3135 1164 702
2380 2 2 2 11 3136 1163 699
2381 2 2 2 11 3137 1165 701
2382 2 2 2 11 3138 1162 700
2383 2 2 2 11 3139 801 1592
2384 2 2 2 11 3144 2057 1084
2385 2 2 2 11 3145 2056 1087
2386 2 2 2 11 3146 2058 1085
2387 2 2 2 11 3147 2055 1086
2388 2 2 2 11 3148 2114 1420
2389 2 2 2 11 3148 2276 515
2390 2 2 2 11 3149 2113 1421
2391 2 2 2 11 3149 2275 516
2392 2 2 2 11 3150 2115 1422
2393 2 2 2 11 3150 2274 514
2394 2 2 2 11 3151 2112 1423
2395 2 2 2 11 3151 2273 513
2396 2 2 2 11 512 1545 3156
2397 2 2 2 11 3156 1545 1370
2398 2 2 2 11 3156 2173 512
2399 2 2 2 11 651 1554 3157
2400 2 2 2 11 3157 1554 1176
2401 2 2 2 11 650 1553 3158
2402 2 2 2 11 3158 1553 1175
2403 2 2 2 11 649 1552 3159
2404 2 2 2 11 3159 1552 1174
2405 2 2 2 11 3160 1341 590
2406 2 2 2 11 934 1341 3160
2407 2 2 2 11 3161 1340 592
2408 2 2 2 11 933 1340 3161
2409 2 2 2 11 3162 1339 589
2410 2 2 2 11 932 1339 3162
2411 2 2 2 11 3163 1338 591
2412 2 2 2 11 931 1338 3163
2413 2 2 2 11 3164 927 1000
2414 2 2 2 11 3165 928 1001
2415 2 2 2 11 3166 929 999
2416 2 2 2 11 3167 930 998
2417 2 2 2 11 971 2456 3168
2418 2 2 2 11 1067 2592 3168
2419 2 2 2 11 974 2454 3169
2420 2 2 2 11 1070 2590 3169
2421 2 2 2 11 972 2455 3170
2422 2 2 2 11 1068 2591 3170
2423 2 2 2 11 973 2453 3171
2424 2 2 2 11 1069 2589 3171
2425 2 2 2 11 3172 2437 1301
2426 2 2 2 11 1301 381 3172
2427 2 2 2 11 841 1923 3173
2428 2 2 2 11 1098 2540 3182
2429 2 2 2 11 3182 2540 1691
2430 2 2 2 11 1097 2539 3183
2431 2 2 2 11 3183 2539 1692
2432 2 2 2 11 1100 2542 3184
2433 2 2 2 11 3184 2542 1693
2434 2 2 2 11 1099 2541 3185
2435 2 2 2 11 3185 2541 1694
2436 2 2 2 11 1189 2552 3186
2437 2 2 2 11 1191 2555 3187
2438 2 2 2 11 1192 2554 3188
2439 2 2 2 11 1190 2553 3189
2440 2 2 2 11 3194 924 1160
2441 2 2 2 11 3194 1655 1659
2442 2 2 2 11 1659 924 3194
2443 2 2 2 11 1160 1655 3194
2444 2 2 2 11 3195 923 1158
2445 2 2 2 11 3195 1657 1660
2446 2 2 2 11 1660 923 3195
2447 2 2 2 11 1158 1657 3195
2448 2 2 2 11 3196 925 1157
2449 2 2 2 11 3196 1658 1662
2450 2 2 2 11 1662 925 3196
2451 2 2 2 11 1157 1658 3196
2452 2 2 2 11 3197 926 1159
2453 2 2 2 11 3197 1656 1661
2454 2 2 2 11 1661 926 3197
2455 2 2 2 11 1159 1656 3197
2456 2 2 2 11 3198 737 1088
2457 2 2 2 11 3198 1075 1161
2458 2 2 2 11 1088 1075 3198
2459 2 2 2 11 3199 738 1101
2460 2 2 2 11 3200 740 1103
2461 2 2 2 11 3201 739 1102
2462 2 2 2 11 3213 3198 1161
2463 2 2 2 11 737 3198 3213
2464 2 2 2 11 3214 376 1225
2465 2 2 2 11 3215 374 1222
2466 2 2 2 11 3216 373 1223
2467 2 2 2 11 3217 375 1224
2468 2 2 2 11 3218 457 461
2469 2 2 2 11 3218 2606 1480
2470 2 2 2 11 461 2606 3218
2471 2 2 2 11 3219 458 462
2472 2 2 2 11 3219 2607 1481
2473 2 2 2 11 462 2607 3219
2474 2 2 2 11 3220 460 464
2475 2 2 2 11 3220 2608 1482
2476 2 2 2 11 464 2608 3220
2477 2 2 2 11 3221 459 463
2478 2 2 2 11 3221 2609 1483
2479 2 2 2 11 463 2609 3221
2480 2 2 2 11 633 1593 3222
2481 2 2 2 11 634 1594 3223
2482 2 2 2 11 635 1595 3224
2483 2 2 2 11 636 1596 3225
2484 2 2 2 11 3226 2602 1042
2485 2 2 2 11 1042 2181 3226
2486 2 2 2 11 3227 2757 621
2487 2 2 2 11 3228 2758 623
2488 2 2 2 11 3229 2756 624
2489 2 2 2 11 3230 2755 622
2490 2 2 2 11 3231 2603 1044
2491 2 2 2 11 1044 2182 3231
2492 2 2 2 11 3232 2605 1045
2493 2 2 2 11 1045 2183 3232
2494 2 2 2 11 3233 2604 1043
2495 2 2 2 11 1043 2184 3233
2496 2 2 2 11 3235 1434 528
2497 2 2 2 11 3236 1435 527
2498 2 2 2 11 3237 1432 526
2499 2 2 2 11 3238 1433 525
2500 2 2 2 11 3239 489 1153
2501 2 2 2 11 1691 489 3239
2502 2 2 2 11 3240 490 1154
2503 2 2 2 11 1692 490 3240
2504 2 2 2 11 3241 491 1155
2505 2 2 2 11 1693 491 3241
2506 2 2 2 11 3242 492 1156
2507 2 2 2 11 1694 492 3242
2508 2 2 2 11 377 2155 3243
2509 2 2 2 11 453 457 3248
2510 2 2 2 11 454 458 3249
2511 2 2 2 11 455 460 3250
2512 2 2 2 11 456 459 3251
2513 2 2 2 11 3252 1411 1451
2514 2 2 2 11 3253 1409 1449
2515 2 2 2 11 3254 1410 1450
2516 2 2 2 11 3255 1412 1452
2517 2 2 2 11 3268 2402 1371
2518 2 2 2 11 1371 1584 3268
2519 2 2 2 11 3269 2401 1372
2520 2 2 2 11 1372 1586 3269
2521 2 2 2 11 3270 2403 1373
2522 2 2 2 11 1373 1587 3270
2523 2 2 2 11 740 3200 3271
2524 2 2 2 11 739 3201 3272
2525 2 2 2 11 738 3199 3273
2526 2 2 2 11 1168 2069 3278
2527 2 2 2 11 1169 2068 3279
2528 2 2 2 11 1166 2067 3280
2529 2 2 2 11 1167 2066 3281
2530 2 2 2 11 586 2655 3282
2531 2 2 2 11 585 2656 3283
2532 2 2 2 11 587 2654 3284
2533 2 2 2 11 584 2653 3285
2534 2 2 2 11 3290 2592 1067
2535 2 2 2 11 1258 2592 3290
2536 2 2 2 11 3291 2590 1070
2537 2 2 2 11 1259 2590 3291
2538 2 2 2 11 3292 2589 1069
2539 2 2 2 11 1260 2589 3292
2540 2 2 2 11 3293 2591 1068
2541 2 2 2 11 1261 2591 3293
2542 2 2 2 11 3303 1688 1347
2543 2 2 2 11 1580 1688 3303
2544 2 2 2 11 3304 1687 1346
2545 2 2 2 11 1581 1687 3304
2546 2 2 2 11 3305 1689 1348
2547 2 2 2 11 1582 1689 3305
2548 2 2 2 11 3306 1690 1349
2549 2 2 2 11 1583 1690 3306
2550 2 2 2 11 1354 1767 3307
2551 2 2 2 11 3307 1767 703
2552 2 2 2 11 1355 1768 3308
2553 2 2 2 11 3308 1768 704
2554 2 2 2 11 1356 1769 3309
2555 2 2 2 11 3309 1769 705
2556 2 2 2 11 1357 1770 3310
2557 2 2 2 11 3310 1770 706
2558 2 2 2 11 1053 1360 3311
2559 2 2 2 11 1052 1359 3312
2560 2 2 2 11 1051 1361 3313
2561 2 2 2 11 1050 1358 3314
2562 2 2 2 11 3315 637 629
2563 2 2 2 11 1480 637 3315
2564 2 2 2 11 629 1437 3315
2565 2 2 2 11 3316 638 630
2566 2 2 2 11 1481 638 3316
2567 2 2 2 11 630 1438 3316
2568 2 2 2 11 3317 640 631
2569 2 2 2 11 1482 640 3317
2570 2 2 2 11 631 1439 3317
2571 2 2 2 11 3318 639 632
2572 2 2 2 11 1483 639 3318
2573 2 2 2 11 632 1440 3318
2574 2 2 2 11 3327 2223 1012
2575 2 2 2 11 3332 2224 1013
2576 2 2 2 11 3333 2225 1011
2577 2 2 2 11 3334 2226 1010
2578 2 2 2 11 3335 1335 561
2579 2 2 2 11 1306 1335 3335
2580 2 2 2 11 3336 1337 563
2581 2 2 2 11 1307 1337 3336
2582 2 2 2 11 3337 1336 562
2583 2 2 2 11 1308 1336 3337
2584 2 2 2 11 3338 1334 564
2585 2 2 2 11 1309 1334 3338
2586 2 2 2 11 2899 384 2295
2587 2 2 2 11 2900 383 2294
2588 2 2 2 11 2898 382 2293
2589 2 2 2 11 1442 558 3087
2590 2 2 2 11 1444 557 3086
2591 2 2 2 11 1443 560 3088
2592 2 2 2 11 1445 559 3089
2593 2 2 2 11 1390 396 3037
2594 2 2 2 11 1390 3037 1055
2595 2 2 2 11 1391 395 3038
2596 2 2 2 11 1391 3038 1056
2597 2 2 2 11 1392 394 3039
2598 2 2 2 11 1392 3039 1057
2599 2 2 2 11 3308 704 2600
2600 2 2 2 11 1193 3308 2600
2601 2 2 2 11 3307 703 2601
2602 2 2 2 11 1194 3307 2601
2603 2 2 2 11 3310 706 2598
2604 2 2 2 11 1195 3310 2598
2605 2 2 2 11 3309 705 2599
2606 2 2 2 11 1196 3309 2599
2607 2 2 2 11 2481 1 2841
2608 2 2 2 11 2481 2841 1201
2609 2 2 2 11 2480 2 2839
2610 2 2 2 11 2480 2839 1202
2611 2 2 2 11 2482 4 2840
2612 2 2 2 11 2482 2840 1203
2613 2 2 2 11 2479 3 2838
2614 2 2 2 11 2479 2838 1204
2615 2 2 2 11 3085 707 2592
2616 2 2 2 11 1258 3085 2592
2617 2 2 2 11 3082 710 2590
2618 2 2 2 11 1259 3082 2590
2619 2 2 2 11 3083 709 2589
2620 2 2 2 11 1260 3083 2589
2621 2 2 2 11 3084 708 2591
2622 2 2 2 11 1261 3084 2591
2623 2 2 2 11 3085 1188 3155
2624 2 2 2 11 3085 3155 1350
2625 2 2 2 11 3084 1187 3152
2626 2 2 2 11 3084 3152 1351
2627 2 2 2 11 3083 1186 3153
2628 2 2 2 11 3083 3153 1352
2629 2 2 2 11 3082 1185 3154
2630 2 2 2 11 3082 3154 1353
2631 2 2 2 11 3087 1046 2927
2632 2 2 2 11 1442 3087 2927
2633 2 2 2 11 3088 1048 2925
2634 2 2 2 11 1443 3088 2925
2635 2 2 2 11 3086 1047 2926
2636 2 2 2 11 1444 3086 2926
2637 2 2 2 11 3089 1049 2924
2638 2 2 2 11 1445 3089 2924
2639 2 2 2 11 2275 928 3165
2640 2 2 2 11 2276 927 3164
2641 2 2 2 11 2274 929 3166
2642 2 2 2 11 2273 930 3167
2643 2 2 2 11 3145 1087 3257
2644 2 2 2 11 3144 1084 3256
2645 2 2 2 11 3146 1085 3258
2646 2 2 2 11 3147 1086 3259
2647 2 2 2 11 1616 2723 2485
2648 2 2 2 11 1617 2724 2486
2649 2 2 2 11 1618 2725 2487
2650 2 2 2 11 1619 2726 2488
2651 2 2 2 11 2293 382 3044
2652 2 2 2 11 2293 3044 1794
2653 2 2 2 11 2294 383 3045
2654 2 2 2 11 2294 3045 1795
2655 2 2 2 11 2295 384 3046
2656 2 2 2 11 2295 3046 1796
2657 2 2 2 11 2539 1207 2880
2658 2 2 2 11 2539 2880 1692
2659 2 2 2 11 2540 1208 2881
2660 2 2 2 11 2540 2881 1691
2661 2 2 2 11 2541 1205 2882
2662 2 2 2 11 2541 2882 1694
2663 2 2 2 11 2542 1206 2883
2664 2 2 2 11 2542 2883 1693
2665 2 2 2 11 3248 457 3218
2666 2 2 2 11 1480 3248 3218
2667 2 2 2 11 3249 458 3219
2668 2 2 2 11 1481 3249 3219
2669 2 2 2 11 3250 460 3220
2670 2 2 2 11 1482 3250 3220
2671 2 2 2 11 3251 459 3221
2672 2 2 2 11 1483 3251 3221
2673 2 2 2 11 3095 674 1035
2674 2 2 2 11 1242 3095 1035
2675 2 2 2 11 3096 673 1036
2676 2 2 2 11 1243 3096 1036
2677 2 2 2 11 3094 672 1037
2678 2 2 2 11 1244 3094 1037
2679 2 2 2 11 3097 675 1034
2680 2 2 2 11 1245 3097 1034
2681 2 2 2 11 1828 828 1956
2682 2 2 2 11 1828 1956 1801
2683 2 2 2 11 1825 827 1961
2684 2 2 2 11 1825 1961 1802
2685 2 2 2 11 1826 826 1962
2686 2 2 2 11 1826 1962 1803
2687 2 2 2 11 1827 825 1963
2688 2 2 2 11 1827 1963 1804
2689 2 2 2 11 2168 868 1888
2690 2 2 2 11 1813 2168 1888
2691 2 2 2 11 2167 871 1887
2692 2 2 2 11 1814 2167 1887
2693 2 2 2 11 2166 870 1889
2694 2 2 2 11 1815 2166 1889
2695 2 2 2 11 2160 869 1890
2696 2 2 2 11 1816 2160 1890
2697 2 2 2 11 1851 844 2061
2698 2 2 2 11 1852 843 2062
2699 2 2 2 11 1853 842 2059
2700 2 2 2 11 1850 845 2060
2701 2 2 2 11 1830 2199 1825
2702 2 2 2 11 1832 2201 1826
2703 2 2 2 11 1831 2200 1827
2704 2 2 2 11 1829 2261 1828
2705 2 2 2 11 1923 2121 1833
2706 2 2 2 11 1858 502 2039
2707 2 2 2 11 1858 2039 1842
2708 2 2 2 11 1861 503 2037
2709 2 2 2 11 1861 2037 1843
2710 2 2 2 11 1860 504 2038
2711 2 2 2 11 1860 2038 1844
2712 2 2 2 11 1859 501 2036
2713 2 2 2 11 1859 2036 1845
2714 2 2 2 11 1881 889 2037
2715 2 2 2 11 1881 2037 1846
2716 2 2 2 11 1879 890 2039
2717 2 2 2 11 1879 2039 1847
2718 2 2 2 11 1882 888 2038
2719 2 2 2 11 1882 2038 1848
2720 2 2 2 11 1880 891 2036
2721 2 2 2 11 1880 2036 1849
2722 2 2 2 11 1967 866 1980
2723 2 2 2 11 1967 1980 1858
2724 2 2 2 11 1964 867 1983
2725 2 2 2 11 1964 1983 1859
2726 2 2 2 11 1965 864 1982
2727 2 2 2 11 1965 1982 1860
2728 2 2 2 11 1966 865 1981
2729 2 2 2 11 1966 1981 1861
2730 2 2 2 11 3102 848 1895
2731 2 2 2 11 1862 3102 1895
2732 2 2 2 11 1990 904 2366
2733 2 2 2 11 1990 2366 1862
2734 2 2 2 11 3099 847 1896
2735 2 2 2 11 1863 3099 1896
2736 2 2 2 11 1988 906 2364
2737 2 2 2 11 1988 2364 1863
2738 2 2 2 11 3100 846 1898
2739 2 2 2 11 1864 3100 1898
2740 2 2 2 11 1989 903 2365
2741 2 2 2 11 1989 2365 1864
2742 2 2 2 11 3101 849 1897
2743 2 2 2 11 1865 3101 1897
2744 2 2 2 11 1991 905 2367
2745 2 2 2 11 1991 2367 1865
2746 2 2 2 11 1870 890 2249
2747 2 2 2 11 1870 2249 1866
2748 2 2 2 11 2080 842 1957
2749 2 2 2 11 1866 2080 1957
2750 2 2 2 11 1872 889 2251
2751 2 2 2 11 1872 2251 1867
2752 2 2 2 11 2081 845 1958
2753 2 2 2 11 1867 2081 1958
2754 2 2 2 11 1873 888 2252
2755 2 2 2 11 1873 2252 1868
2756 2 2 2 11 2082 844 1959
2757 2 2 2 11 1868 2082 1959
2758 2 2 2 11 1871 891 2250
2759 2 2 2 11 1871 2250 1869
2760 2 2 2 11 2083 843 1960
2761 2 2 2 11 1869 2083 1960
2762 2 2 2 11 1874 2981 1924
2763 2 2 2 11 1890 869 2669
2764 2 2 2 11 1890 2669 1874
2765 2 2 2 11 2354 1370 2120
2766 2 2 2 11 1875 2354 2120
2767 2 2 2 11 3113 851 1937
2768 2 2 2 11 1876 3113 1937
2769 2 2 2 11 1889 870 2693
2770 2 2 2 11 1889 2693 1876
2771 2 2 2 11 3112 850 1938
2772 2 2 2 11 1877 3112 1938
2773 2 2 2 11 1887 871 2691
2774 2 2 2 11 1887 2691 1877
2775 2 2 2 11 3111 852 1939
2776 2 2 2 11 1878 3111 1939
2777 2 2 2 11 1888 868 2692
2778 2 2 2 11 1888 2692 1878
2779 2 2 2 11 2119 833 1899
2780 2 2 2 11 1879 2119 1899
2781 2 2 2 11 2118 834 1900
2782 2 2 2 11 1880 2118 1900
2783 2 2 2 11 2116 836 1902
2784 2 2 2 11 1881 2116 1902
2785 2 2 2 11 2117 835 1901
2786 2 2 2 11 1882 2117 1901
2787 2 2 2 11 1893 872 2085
2788 2 2 2 11 1891 874 2088
2789 2 2 2 11 1892 873 2086
2790 2 2 2 11 1894 875 2087
2791 2 2 2 11 2804 1250 2048
2792 2 2 2 11 2805 1251 2049
2793 2 2 2 11 2806 1252 2050
2794 2 2 2 11 2807 1253 2051
2795 2 2 2 11 2019 467 2249
2796 2 2 2 11 2019 2249 1899
2797 2 2 2 11 2018 465 2250
2798 2 2 2 11 2018 2250 1900
2799 2 2 2 11 2017 466 2252
2800 2 2 2 11 2017 2252 1901
2801 2 2 2 11 2016 468 2251
2802 2 2 2 11 2016 2251 1902
2803 2 2 2 11 2358 963 2008
2804 2 2 2 11 1903 2358 2008
2805 2 2 2 11 2357 966 2009
2806 2 2 2 11 1904 2357 2009
2807 2 2 2 11 2359 965 2010
2808 2 2 2 11 1905 2359 2010
2809 2 2 2 11 2356 964 2011
2810 2 2 2 11 1906 2356 2011
2811 2 2 2 11 2329 1085 2032
2812 2 2 2 11 1915 2329 2032
2813 2 2 2 11 2043 1049 2449
2814 2 2 2 11 2043 2449 1915
2815 2 2 2 11 2040 1047 2451
2816 2 2 2 11 2040 2451 1916
2817 2 2 2 11 2328 1087 2033
2818 2 2 2 11 1916 2328 2033
2819 2 2 2 11 2041 1048 2450
2820 2 2 2 11 2041 2450 1917
2821 2 2 2 11 2327 1084 2034
2822 2 2 2 11 1917 2327 2034
2823 2 2 2 11 2042 1046 2452
2824 2 2 2 11 2042 2452 1918
2825 2 2 2 11 2330 1086 2035
2826 2 2 2 11 1918 2330 2035
2827 2 2 2 11 2000 836 2116
2828 2 2 2 11 2000 2116 1919
2829 2 2 2 11 2003 833 2119
2830 2 2 2 11 2003 2119 1920
2831 2 2 2 11 2001 835 2117
2832 2 2 2 11 2001 2117 1921
2833 2 2 2 11 2002 834 2118
2834 2 2 2 11 2002 2118 1922
2835 2 2 2 11 2155 377 2084
2836 2 2 2 11 1944 2155 2084
2837 2 2 2 11 1967 824 1956
2838 2 2 2 11 1944 1967 1956
2839 2 2 2 11 2154 379 2095
2840 2 2 2 11 1945 2154 2095
2841 2 2 2 11 1966 821 1963
2842 2 2 2 11 1945 1966 1963
2843 2 2 2 11 2153 380 2093
2844 2 2 2 11 1946 2153 2093
2845 2 2 2 11 1965 822 1962
2846 2 2 2 11 1946 1965 1962
2847 2 2 2 11 2152 378 2094
2848 2 2 2 11 1947 2152 2094
2849 2 2 2 11 1964 823 1961
2850 2 2 2 11 1947 1964 1961
2851 2 2 2 11 2425 930 2460
2852 2 2 2 11 2426 927 2457
2853 2 2 2 11 2427 929 2459
2854 2 2 2 11 2428 928 2458
2855 2 2 2 11 2180 1369 1984
2856 2 2 2 11 1948 2180 1984
2857 2 2 2 11 2177 1367 1986
2858 2 2 2 11 1949 2177 1986
2859 2 2 2 11 2178 1366 1985
2860 2 2 2 11 1950 2178 1985
2861 2 2 2 11 2179 1368 1987
2862 2 2 2 11 1951 2179 1987
2863 2 2 2 11 2032 1085 2058
2864 2 2 2 11 2032 2058 1952
2865 2 2 2 11 2035 1086 2055
2866 2 2 2 11 2035 2055 1953
2867 2 2 2 11 2033 1087 2056
2868 2 2 2 11 2033 2056 1954
2869 2 2 2 11 2034 1084 2057
2870 2 2 2 11 2034 2057 1955
2871 2 2 2 11 2080 467 2551
2872 2 2 2 11 2080 2551 1968
2873 2 2 2 11 1968 2919 2059
2874 2 2 2 11 2081 468 2548
2875 2 2 2 11 2081 2548 1969
2876 2 2 2 11 1969 2916 2060
2877 2 2 2 11 2083 465 2549
2878 2 2 2 11 2083 2549 1970
2879 2 2 2 11 1970 2917 2062
2880 2 2 2 11 2082 466 2550
2881 2 2 2 11 2082 2550 1971
2882 2 2 2 11 1971 2918 2061
2883 2 2 2 11 2320 1270 2723
2884 2 2 2 11 2320 2723 1972
2885 2 2 2 11 2319 1271 2724
2886 2 2 2 11 2319 2724 1973
2887 2 2 2 11 2322 1272 2725
2888 2 2 2 11 2322 2725 1974
2889 2 2 2 11 2321 1273 2726
2890 2 2 2 11 2321 2726 1975
2891 2 2 2 11 2215 1012 2223
2892 2 2 2 11 2215 2223 1980
2893 2 2 2 11 2217 1011 2225
2894 2 2 2 11 2217 2225 1981
2895 2 2 2 11 2218 1010 2226
2896 2 2 2 11 2218 2226 1982
2897 2 2 2 11 2216 1013 2224
2898 2 2 2 11 2216 2224 1983
2899 2 2 2 11 2104 1314 2257
2900 2 2 2 11 2104 2257 1996
2901 2 2 2 11 2107 1317 2258
2902 2 2 2 11 2107 2258 1997
2903 2 2 2 11 2105 1315 2259
2904 2 2 2 11 2105 2259 1998
2905 2 2 2 11 2106 1316 2260
2906 2 2 2 11 2106 2260 1999
2907 2 2 2 11 2007 988 2337
2908 2 2 2 11 2006 989 2336
2909 2 2 2 11 2005 987 2335
2910 2 2 2 11 2008 2325 2192
2911 2 2 2 11 2009 2324 2194
2912 2 2 2 11 2010 2323 2193
2913 2 2 2 11 2011 2326 2195
2914 2 2 2 11 2066 1167 2389
2915 2 2 2 11 2066 2389 2012
2916 2 2 2 11 2068 1169 2391
2917 2 2 2 11 2068 2391 2013
2918 2 2 2 11 2069 1168 2392
2919 2 2 2 11 2069 2392 2014
2920 2 2 2 11 2067 1166 2390
2921 2 2 2 11 2067 2390 2015
2922 2 2 2 11 2108 866 2084
2923 2 2 2 11 2024 2108 2084
2924 2 2 2 11 2529 1075 2502
2925 2 2 2 11 2024 2529 2502
2926 2 2 2 11 2110 864 2093
2927 2 2 2 11 2025 2110 2093
2928 2 2 2 11 2111 865 2095
2929 2 2 2 11 2026 2111 2095
2930 2 2 2 11 2109 867 2094
2931 2 2 2 11 2027 2109 2094
2932 2 2 2 11 2720 583 2684
2933 2 2 2 11 2028 2720 2684
2934 2 2 2 11 2047 2125 2028
2935 2 2 2 11 2721 582 2685
2936 2 2 2 11 2029 2721 2685
2937 2 2 2 11 2046 2124 2029
2938 2 2 2 11 2722 581 2686
2939 2 2 2 11 2030 2722 2686
2940 2 2 2 11 2045 2123 2030
2941 2 2 2 11 2719 580 2687
2942 2 2 2 11 2031 2719 2687
2943 2 2 2 11 2044 2122 2031
2944 2 2 2 11 2350 967 2467
2945 2 2 2 11 2350 2467 2040
2946 2 2 2 11 2351 970 2464
2947 2 2 2 11 2351 2464 2041
2948 2 2 2 11 2352 968 2466
2949 2 2 2 11 2352 2466 2042
2950 2 2 2 11 2353 969 2465
2951 2 2 2 11 2353 2465 2043
2952 2 2 2 11 2653 584 2785
2953 2 2 2 11 2653 2785 2044
2954 2 2 2 11 2655 586 2786
2955 2 2 2 11 2655 2786 2045
2956 2 2 2 11 2656 585 2787
2957 2 2 2 11 2656 2787 2046
2958 2 2 2 11 2654 587 2788
2959 2 2 2 11 2654 2788 2047
2960 2 2 2 11 2400 493 3281
2961 2 2 2 11 2400 3281 2066
2962 2 2 2 11 2399 494 3280
2963 2 2 2 11 2399 3280 2067
2964 2 2 2 11 2398 495 3279
2965 2 2 2 11 2398 3279 2068
2966 2 2 2 11 2397 496 3278
2967 2 2 2 11 2397 3278 2069
2968 2 2 2 11 2316 878 2248
2969 2 2 2 11 2070 2316 2248
2970 2 2 2 11 2318 876 2246
2971 2 2 2 11 2071 2318 2246
2972 2 2 2 11 2317 877 2247
2973 2 2 2 11 2072 2317 2247
2974 2 2 2 11 2315 879 2245
2975 2 2 2 11 2073 2315 2245
2976 2 2 2 11 3134 1441 2161
2977 2 2 2 11 2074 3134 2161
2978 2 2 2 11 2156 907 2901
2979 2 2 2 11 2156 2901 2076
2980 2 2 2 11 2076 3176 2305
2981 2 2 2 11 2159 910 2903
2982 2 2 2 11 2159 2903 2077
2983 2 2 2 11 2077 3177 2306
2984 2 2 2 11 2157 909 2902
2985 2 2 2 11 2157 2902 2078
2986 2 2 2 11 2078 3174 2303
2987 2 2 2 11 2158 908 2904
2988 2 2 2 11 2158 2904 2079
2989 2 2 2 11 2079 3175 2304
2990 2 2 2 11 2485 2944 2096
2991 2 2 2 11 2486 2945 2097
2992 2 2 2 11 2488 2946 2098
2993 2 2 2 11 2487 2947 2099
2994 2 2 2 11 2307 1012 2215
2995 2 2 2 11 2108 2307 2215
2996 2 2 2 11 2308 1013 2216
2997 2 2 2 11 2109 2308 2216
2998 2 2 2 11 2310 1010 2218
2999 2 2 2 11 2110 2310 2218
3000 2 2 2 11 2309 1011 2217
3001 2 2 2 11 2111 2309 2217
3002 2 2 2 11 3151 513 2240
3003 2 2 2 11 2112 3151 2240
3004 2 2 2 11 2112 3101 2283
3005 2 2 2 11 3149 516 2239
3006 2 2 2 11 2113 3149 2239
3007 2 2 2 11 2113 3100 2281
3008 2 2 2 11 3148 515 2238
3009 2 2 2 11 2114 3148 2238
3010 2 2 2 11 2114 3099 2280
3011 2 2 2 11 3150 514 2241
3012 2 2 2 11 2115 3150 2241
3013 2 2 2 11 2115 3102 2282
3014 2 2 2 11 2777 898 3033
3015 2 2 2 11 2777 3033 2122
3016 2 2 2 11 2778 896 3036
3017 2 2 2 11 2778 3036 2123
3018 2 2 2 11 2779 897 3035
3019 2 2 2 11 2779 3035 2124
3020 2 2 2 11 2780 899 3034
3021 2 2 2 11 2780 3034 2125
3022 2 2 2 11 2539 1097 2203
3023 2 2 2 11 2540 1098 2204
3024 2 2 2 11 2541 1099 2205
3025 2 2 2 11 2542 1100 2202
3026 2 2 2 11 2220 1015 2421
3027 2 2 2 11 2220 2421 2130
3028 2 2 2 11 2222 1016 2424
3029 2 2 2 11 2222 2424 2131
3030 2 2 2 11 2221 1014 2423
3031 2 2 2 11 2221 2423 2132
3032 2 2 2 11 2219 1017 2422
3033 2 2 2 11 2219 2422 2133
3034 2 2 2 11 2547 531 2478
3035 2 2 2 11 2134 2547 2478
3036 2 2 2 11 2134 2819 2367
3037 2 2 2 11 2545 533 2476
3038 2 2 2 11 2135 2545 2476
3039 2 2 2 11 2135 2816 2365
3040 2 2 2 11 2544 530 2475
3041 2 2 2 11 2136 2544 2475
3042 2 2 2 11 2136 2818 2364
3043 2 2 2 11 2546 532 2477
3044 2 2 2 11 2137 2546 2477
3045 2 2 2 11 2137 2817 2366
3046 2 2 2 11 2754 1265 2564
3047 2 2 2 11 2138 2754 2564
3048 2 2 2 11 2389 1167 2531
3049 2 2 2 11 2390 1166 2533
3050 2 2 2 11 2391 1169 2532
3051 2 2 2 11 2392 1168 2530
3052 2 2 2 11 2763 1262 2565
3053 2 2 2 11 2139 2763 2565
3054 2 2 2 11 2765 1264 2567
3055 2 2 2 11 2140 2765 2567
3056 2 2 2 11 2764 1263 2566
3057 2 2 2 11 2141 2764 2566
3058 2 2 2 11 2198 1448 3078
3059 2 2 2 11 2198 3078 2152
3060 2 2 2 11 2196 1446 3076
3061 2 2 2 11 2196 3076 2153
3062 2 2 2 11 2197 1447 3077
3063 2 2 2 11 2197 3077 2154
3064 2 2 2 11 2214 1436 3243
3065 2 2 2 11 2214 3243 2155
3066 2 2 2 11 2156 2859 2448
3067 2 2 2 11 2157 2861 2446
3068 2 2 2 11 2158 2860 2447
3069 2 2 2 11 2159 2862 2445
3070 2 2 2 11 2957 846 2239
3071 2 2 2 11 2169 2957 2239
3072 2 2 2 11 2984 1051 2286
3073 2 2 2 11 2169 2984 2286
3074 2 2 2 11 2956 849 2240
3075 2 2 2 11 2170 2956 2240
3076 2 2 2 11 2982 1053 2284
3077 2 2 2 11 2170 2982 2284
3078 2 2 2 11 2958 847 2238
3079 2 2 2 11 2171 2958 2238
3080 2 2 2 11 2985 1050 2287
3081 2 2 2 11 2171 2985 2287
3082 2 2 2 11 2959 848 2241
3083 2 2 2 11 2172 2959 2241
3084 2 2 2 11 2983 1052 2285
3085 2 2 2 11 2172 2983 2285
3086 2 2 2 11 3156 1370 2354
3087 2 2 2 11 2173 3156 2354
3088 2 2 2 11 2388 1372 2401
3089 2 2 2 11 2388 2401 2174
3090 2 2 2 11 2387 1371 2402
3091 2 2 2 11 2387 2402 2175
3092 2 2 2 11 2386 1373 2403
3093 2 2 2 11 2386 2403 2176
3094 2 2 2 11 2181 2990 2342
3095 2 2 2 11 2182 2991 2344
3096 2 2 2 11 2183 2992 2345
3097 2 2 2 11 2184 2993 2343
3098 2 2 2 11 2372 987 2503
3099 2 2 2 11 2372 2503 2189
3100 2 2 2 11 2373 988 2504
3101 2 2 2 11 2373 2504 2190
3102 2 2 2 11 2374 989 2505
3103 2 2 2 11 2374 2505 2191
3104 2 2 2 11 2523 937 2271
3105 2 2 2 11 2206 2523 2271
3106 2 2 2 11 2524 938 2272
3107 2 2 2 11 2207 2524 2272
3108 2 2 2 11 2522 935 2270
3109 2 2 2 11 2208 2522 2270
3110 2 2 2 11 2511 936 2288
3111 2 2 2 11 2209 2511 2288
3112 2 2 2 11 2543 1301 2437
3113 2 2 2 11 2209 2543 2437
3114 2 2 2 11 3327 1232 2436
3115 2 2 2 11 2223 3327 2436
3116 2 2 2 11 3332 1230 2433
3117 2 2 2 11 2224 3332 2433
3118 2 2 2 11 3333 1231 2434
3119 2 2 2 11 2225 3333 2434
3120 2 2 2 11 3334 1233 2435
3121 2 2 2 11 2226 3334 2435
3122 2 2 2 11 2234 2954 2227
3123 2 2 2 11 2736 912 2623
3124 2 2 2 11 2227 2736 2623
3125 2 2 2 11 2235 2955 2228
3126 2 2 2 11 2737 911 2624
3127 2 2 2 11 2228 2737 2624
3128 2 2 2 11 2236 2952 2229
3129 2 2 2 11 2734 914 2625
3130 2 2 2 11 2229 2734 2625
3131 2 2 2 11 2237 2953 2230
3132 2 2 2 11 2735 913 2626
3133 2 2 2 11 2230 2735 2626
3134 2 2 2 11 2277 1652 2300
3135 2 2 2 11 2277 2300 2242
3136 2 2 2 11 2278 1653 2301
3137 2 2 2 11 2278 2301 2243
3138 2 2 2 11 2279 1654 2302
3139 2 2 2 11 2279 2302 2244
3140 2 2 2 11 2675 1455 3020
3141 2 2 2 11 2674 1454 3019
3142 2 2 2 11 2673 1453 3018
3143 2 2 2 11 2817 944 2886
3144 2 2 2 11 2818 946 2884
3145 2 2 2 11 2816 945 2885
3146 2 2 2 11 2819 943 2887
3147 2 2 2 11 2496 869 2296
3148 2 2 2 11 2262 2496 2296
3149 2 2 2 11 2493 868 2299
3150 2 2 2 11 2263 2493 2299
3151 2 2 2 11 2495 870 2298
3152 2 2 2 11 2264 2495 2298
3153 2 2 2 11 2494 871 2297
3154 2 2 2 11 2265 2494 2297
3155 2 2 2 11 2956 907 2448
3156 2 2 2 11 2266 2956 2448
3157 2 2 2 11 2959 908 2447
3158 2 2 2 11 2267 2959 2447
3159 2 2 2 11 2958 909 2446
3160 2 2 2 11 2268 2958 2446
3161 2 2 2 11 2957 910 2445
3162 2 2 2 11 2269 2957 2445
3163 2 2 2 11 2474 1190 2716
3164 2 2 2 11 2474 2716 2270
3165 2 2 2 11 2473 1192 2715
3166 2 2 2 11 2473 2715 2271
3167 2 2 2 11 2472 1191 2714
3168 2 2 2 11 2472 2714 2272
3169 2 2 2 11 3151 1423 2460
3170 2 2 2 11 2273 3151 2460
3171 2 2 2 11 3150 1422 2459
3172 2 2 2 11 2274 3150 2459
3173 2 2 2 11 3149 1421 2458
3174 2 2 2 11 2275 3149 2458
3175 2 2 2 11 3148 1420 2457
3176 2 2 2 11 2276 3148 2457
3177 2 2 2 11 2483 1189 2717
3178 2 2 2 11 2483 2717 2288
3179 2 2 2 11 2710 1012 2307
3180 2 2 2 11 2713 1010 2310
3181 2 2 2 11 2712 1011 2309
3182 2 2 2 11 2711 1013 2308
3183 2 2 2 11 2789 651 2512
3184 2 2 2 11 2293 2789 2512
3185 2 2 2 11 2790 650 2513
3186 2 2 2 11 2294 2790 2513
3187 2 2 2 11 2791 649 2514
3188 2 2 2 11 2295 2791 2514
3189 2 2 2 11 2569 633 3026
3190 2 2 2 11 2569 3026 2319
3191 2 2 2 11 2570 634 3025
3192 2 2 2 11 2570 3025 2320
3193 2 2 2 11 2571 635 3028
3194 2 2 2 11 2571 3028 2321
3195 2 2 2 11 2572 636 3027
3196 2 2 2 11 2572 3027 2322
3197 2 2 2 11 2576 506 2537
3198 2 2 2 11 2323 2576 2537
3199 2 2 2 11 2574 507 2536
3200 2 2 2 11 2324 2574 2536
3201 2 2 2 11 2575 508 2535
3202 2 2 2 11 2325 2575 2535
3203 2 2 2 11 2573 505 2538
3204 2 2 2 11 2326 2573 2538
3205 2 2 2 11 2620 1015 2382
3206 2 2 2 11 2346 2620 2382
3207 2 2 2 11 2621 1017 2383
3208 2 2 2 11 2347 2621 2383
3209 2 2 2 11 2619 1014 2384
3210 2 2 2 11 2348 2619 2384
3211 2 2 2 11 2622 1016 2385
3212 2 2 2 11 2349 2622 2385
3213 2 2 2 11 2716 1190 2455
3214 2 2 2 11 2714 1191 2453
3215 2 2 2 11 2715 1192 2454
3216 2 2 2 11 2717 1189 2456
3217 2 2 2 11 2401 3269 2462
3218 2 2 2 11 2402 3268 2461
3219 2 2 2 11 2403 3270 2463
3220 2 2 2 11 2489 532 2546
3221 2 2 2 11 2489 2546 2421
3222 2 2 2 11 2490 533 2545
3223 2 2 2 11 2490 2545 2422
3224 2 2 2 11 2491 531 2547
3225 2 2 2 11 2491 2547 2423
3226 2 2 2 11 2492 530 2544
3227 2 2 2 11 2492 2544 2424
3228 2 2 2 11 2437 3172 2981
3229 2 2 2 11 2751 1069 3171
3230 2 2 2 11 2751 3171 2453
3231 2 2 2 11 2752 1070 3169
3232 2 2 2 11 2752 3169 2454
3233 2 2 2 11 2750 1068 3170
3234 2 2 2 11 2750 3170 2455
3235 2 2 2 11 2753 1067 3168
3236 2 2 2 11 2753 3168 2456
3237 2 2 2 11 2648 380 3076
3238 2 2 2 11 2647 379 3077
3239 2 2 2 11 2646 378 3078
3240 2 2 2 11 3050 955 2557
3241 2 2 2 11 3047 957 2558
3242 2 2 2 11 3049 958 2559
3243 2 2 2 11 3048 956 2556
3244 2 2 2 11 2499 568 2925
3245 2 2 2 11 2499 2925 2464
3246 2 2 2 11 2500 567 2924
3247 2 2 2 11 2500 2924 2465
3248 2 2 2 11 2498 566 2927
3249 2 2 2 11 2498 2927 2466
3250 2 2 2 11 2497 565 2926
3251 2 2 2 11 2497 2926 2467
3252 2 2 2 11 2938 1155 2555
3253 2 2 2 11 2472 2938 2555
3254 2 2 2 11 2939 1156 2554
3255 2 2 2 11 2473 2939 2554
3256 2 2 2 11 2937 1154 2553
3257 2 2 2 11 2474 2937 2553
3258 2 2 2 11 2821 970 2676
3259 2 2 2 11 2479 2821 2676
3260 2 2 2 11 2823 968 2678
3261 2 2 2 11 2480 2823 2678
3262 2 2 2 11 2824 969 2679
3263 2 2 2 11 2481 2824 2679
3264 2 2 2 11 2822 967 2677
3265 2 2 2 11 2482 2822 2677
3266 2 2 2 11 2932 1153 2552
3267 2 2 2 11 2483 2932 2552
3268 2 2 2 11 2797 1117 2660
3269 2 2 2 11 2489 2797 2660
3270 2 2 2 11 2796 1119 2657
3271 2 2 2 11 2490 2796 2657
3272 2 2 2 11 2798 1118 2658
3273 2 2 2 11 2491 2798 2658
3274 2 2 2 11 2799 1120 2659
3275 2 2 2 11 2492 2799 2659
3276 2 2 2 11 2522 861 2692
3277 2 2 2 11 2522 2692 2493
3278 2 2 2 11 2524 862 2691
3279 2 2 2 11 2524 2691 2494
3280 2 2 2 11 2523 863 2693
3281 2 2 2 11 2523 2693 2495
3282 2 2 2 11 2511 860 2669
3283 2 2 2 11 2511 2669 2496
3284 2 2 2 11 3059 1301 2543
3285 2 2 2 11 2518 2615 2528
3286 2 2 2 11 2519 2617 2527
3287 2 2 2 11 2520 2618 2526
3288 2 2 2 11 2521 2616 2525
3289 2 2 2 11 2879 3186 2552
3290 2 2 2 11 2876 3189 2553
3291 2 2 2 11 2878 3188 2554
3292 2 2 2 11 2877 3187 2555
3293 2 2 2 11 3044 1299 2867
3294 2 2 2 11 3045 1302 2869
3295 2 2 2 11 3046 1300 2868
3296 2 2 2 11 2793 973 3171
3297 2 2 2 11 2793 3171 2589
3298 2 2 2 11 2794 974 3169
3299 2 2 2 11 2794 3169 2590
3300 2 2 2 11 2792 972 3170
3301 2 2 2 11 2792 3170 2591
3302 2 2 2 11 2795 971 3168
3303 2 2 2 11 2795 3168 2592
3304 2 2 2 11 3226 1021 2694
3305 2 2 2 11 2602 3226 2694
3306 2 2 2 11 3231 1018 2671
3307 2 2 2 11 2603 3231 2671
3308 2 2 2 11 3233 1019 2670
3309 2 2 2 11 2604 3233 2670
3310 2 2 2 11 3232 1020 2672
3311 2 2 2 11 2605 3232 2672
3312 2 2 2 11 3047 1118 2798
3313 2 2 2 11 2619 3047 2798
3314 2 2 2 11 3048 1117 2797
3315 2 2 2 11 2620 3048 2797
3316 2 2 2 11 3050 1119 2796
3317 2 2 2 11 2621 3050 2796
3318 2 2 2 11 3049 1120 2799
3319 2 2 2 11 2622 3049 2799
3320 2 2 2 11 2825 3285 2653
3321 2 2 2 11 2828 3284 2654
3322 2 2 2 11 2826 3282 2655
3323 2 2 2 11 2827 3283 2656
3324 2 2 2 11 2751 1191 3187
3325 2 2 2 11 2752 1192 3188
3326 2 2 2 11 2750 1190 3189
3327 2 2 2 11 2753 1189 3186
3328 2 2 2 11 3051 622 2940
3329 2 2 2 11 3052 621 2941
3330 2 2 2 11 3053 623 2943
3331 2 2 2 11 3054 624 2942
3332 2 2 2 11 3011 1198 2998
3333 2 2 2 11 2742 3011 2998
3334 2 2 2 11 3012 1199 2999
3335 2 2 2 11 2743 3012 2999
3336 2 2 2 11 3013 1200 3000
3337 2 2 2 11 2744 3013 3000
3338 2 2 2 11 3010 1197 3001
3339 2 2 2 11 2745 3010 3001
3340 2 2 2 11 2755 3230 3055
3341 2 2 2 11 2755 3294 2940
3342 2 2 2 11 2756 3229 3056
3343 2 2 2 11 2756 3296 2942
3344 2 2 2 11 2757 3227 3057
3345 2 2 2 11 2757 3297 2941
3346 2 2 2 11 2758 3228 3058
3347 2 2 2 11 2758 3298 2943
3348 2 2 2 11 3335 561 2921
3349 2 2 2 11 3336 563 2923
3350 2 2 2 11 3338 564 2922
3351 2 2 2 11 3337 562 2920
3352 2 2 2 11 3033 898 2960
3353 2 2 2 11 3034 899 2961
3354 2 2 2 11 3035 897 2962
3355 2 2 2 11 3036 896 2963
3356 2 2 2 11 434 1332 3320
3357 2 2 2 11 3320 1680 434
3358 2 2 2 11 2722 1126 3320
3359 2 2 2 11 2722 3320 1332
3360 2 2 2 11 435 1331 3321
3361 2 2 2 11 3321 1681 435
3362 2 2 2 11 2721 1127 3321
3363 2 2 2 11 2721 3321 1331
3364 2 2 2 11 436 1330 3322
3365 2 2 2 11 3322 1682 436
3366 2 2 2 11 2720 1128 3322
3367 2 2 2 11 2720 3322 1330
3368 2 2 2 11 433 1333 3319
3369 2 2 2 11 3319 1679 433
3370 2 2 2 11 2719 1125 3319
3371 2 2 2 11 2719 3319 1333
3372 2 2 2 11 2361 893 2738
3373 2 2 2 11 2362 892 2739
3374 2 2 2 11 2363 894 2740
3375 2 2 2 11 2360 895 2741
3376 2 2 2 11 722 1679 3319
3377 2 2 2 11 722 3319 2960
3378 2 2 2 11 3033 3319 1125
3379 2 2 2 11 3319 3033 2960
3380 2 2 2 11 723 1680 3320
3381 2 2 2 11 723 3320 2963
3382 2 2 2 11 3036 3320 1126
3383 2 2 2 11 3320 3036 2963
3384 2 2 2 11 724 1681 3321
3385 2 2 2 11 724 3321 2962
3386 2 2 2 11 3035 3321 1127
3387 2 2 2 11 3321 3035 2962
3388 2 2 2 11 725 1682 3322
3389 2 2 2 11 725 3322 2961
3390 2 2 2 11 3034 3322 1128
3391 2 2 2 11 3322 3034 2961
3392 2 2 2 11 616 1632 2851
3393 2 2 2 11 2851 2257 616
3394 2 2 2 11 613 1633 2852
3395 2 2 2 11 2852 2258 613
3396 2 2 2 11 615 1634 2853
3397 2 2 2 11 2853 2259 615
3398 2 2 2 11 614 1635 2854
3399 2 2 2 11 2854 2260 614
3400 2 2 2 11 2338 1341 574
3401 2 2 2 11 574 2088 2338
3402 2 2 2 11 2338 2088 874
3403 2 2 2 11 2339 1338 575
3404 2 2 2 11 575 2086 2339
3405 2 2 2 11 2339 2086 873
3406 2 2 2 11 2341 1340 576
3407 2 2 2 11 576 2085 2341
3408 2 2 2 11 2341 2085 872
3409 2 2 2 11 2340 1339 573
3410 2 2 2 11 573 2087 2340
3411 2 2 2 11 2340 2087 875
3412 2 2 2 11 1341 934 3069
3413 2 2 2 11 3069 574 1341
3414 2 2 2 11 1339 932 3068
3415 2 2 2 11 3068 573 1339
3416 2 2 2 11 1338 931 3070
3417 2 2 2 11 3070 575 1338
3418 2 2 2 11 1340 933 3071
3419 2 2 2 11 3071 576 1340
3420 2 2 2 11 543 2738 2533
3421 2 2 2 11 2390 2738 893
3422 2 2 2 11 2390 2533 2738
3423 2 2 2 11 542 2739 2531
3424 2 2 2 11 2389 2739 892
3425 2 2 2 11 2389 2531 2739
3426 2 2 2 11 545 2740 2530
3427 2 2 2 11 2392 2740 894
3428 2 2 2 11 2392 2530 2740
3429 2 2 2 11 544 2741 2532
3430 2 2 2 11 2391 2741 895
3431 2 2 2 11 2391 2532 2741
3432 2 2 2 11 1237 2833 2663
3433 2 2 2 11 1235 2834 2664
3434 2 2 2 11 1236 2835 2661
3435 2 2 2 11 1234 2836 2662
3436 2 2 2 11 836 2000 2846
3437 2 2 2 11 1225 376 2846
3438 2 2 2 11 3005 1225 2846
3439 2 2 2 11 2000 3005 2846
3440 2 2 2 11 835 2001 2847
3441 2 2 2 11 1224 375 2847
3442 2 2 2 11 3004 1224 2847
3443 2 2 2 11 2001 3004 2847
3444 2 2 2 11 834 2002 2848
3445 2 2 2 11 1223 373 2848
3446 2 2 2 11 3003 1223 2848
3447 2 2 2 11 2002 3003 2848
3448 2 2 2 11 833 2003 2849
3449 2 2 2 11 1222 374 2849
3450 2 2 2 11 3002 1222 2849
3451 2 2 2 11 2003 3002 2849
3452 2 2 2 11 2075 2173 1062
3453 2 2 2 11 1537 512 2173
3454 2 2 2 11 2699 1141 680
3455 2 2 2 11 680 1500 2699
3456 2 2 2 11 975 1141 2699
3457 2 2 2 11 2700 1142 681
3458 2 2 2 11 681 1501 2700
3459 2 2 2 11 976 1142 2700
3460 2 2 2 11 2701 1143 682
3461 2 2 2 11 682 1502 2701
3462 2 2 2 11 977 1143 2701
3463 2 2 2 11 1122 2768 3190
3464 2 2 2 11 3190 2768 1590
3465 2 2 2 11 1590 685 3190
3466 2 2 2 11 1121 2767 3191
3467 2 2 2 11 3191 2767 1591
3468 2 2 2 11 1591 686 3191
3469 2 2 2 11 1123 2769 3192
3470 2 2 2 11 3192 2769 1589
3471 2 2 2 11 1589 684 3192
3472 2 2 2 11 1124 2770 3193
3473 2 2 2 11 3193 2770 1588
3474 2 2 2 11 1588 683 3193
3475 2 2 2 11 2150 2147 1065
3476 2 2 2 11 1539 509 2147
3477 2 2 2 11 2151 2148 1063
3478 2 2 2 11 1540 511 2148
3479 2 2 2 11 2149 2146 1064
3480 2 2 2 11 1538 510 2146
3481 2 2 2 11 1480 3315 3248
3482 2 2 2 11 3248 1437 1557
3483 2 2 2 11 1557 453 3248
3484 2 2 2 11 3315 1437 3248
3485 2 2 2 11 1481 3316 3249
3486 2 2 2 11 3249 1438 1556
3487 2 2 2 11 1556 454 3249
3488 2 2 2 11 3316 1438 3249
3489 2 2 2 11 1482 3317 3250
3490 2 2 2 11 3250 1439 1558
3491 2 2 2 11 1558 455 3250
3492 2 2 2 11 3317 1439 3250
3493 2 2 2 11 1483 3318 3251
3494 2 2 2 11 3251 1440 1559
3495 2 2 2 11 1559 456 3251
3496 2 2 2 11 3318 1440 3251
3497 2 2 2 11 1132 2907 2727
3498 2 2 2 11 1129 2905 2728
3499 2 2 2 11 1130 2908 2729
3500 2 2 2 11 1131 2906 2730
3501 2 2 2 11 2699 1500 802
3502 2 2 2 11 802 1392 2699
3503 2 2 2 11 2699 1392 975
3504 2 2 2 11 2700 1501 803
3505 2 2 2 11 803 1391 2700
3506 2 2 2 11 2700 1391 976
3507 2 2 2 11 2701 1502 804
3508 2 2 2 11 804 1390 2701
3509 2 2 2 11 2701 1390 977
3510 2 2 2 11 1087 2328 3257
3511 2 2 2 11 3257 2328 1477
3512 2 2 2 11 1477 517 3257
3513 2 2 2 11 1084 2327 3256
3514 2 2 2 11 3256 2327 1478
3515 2 2 2 11 1478 520 3256
3516 2 2 2 11 1085 2329 3258
3517 2 2 2 11 3258 2329 1479
3518 2 2 2 11 1479 519 3258
3519 2 2 2 11 1086 2330 3259
3520 2 2 2 11 3259 2330 1476
3521 2 2 2 11 1476 518 3259
3522 2 2 2 11 966 2357 3006
3523 2 2 2 11 3006 2357 1529
3524 2 2 2 11 963 2358 3007
3525 2 2 2 11 3007 2358 1530
3526 2 2 2 11 964 2356 3008
3527 2 2 2 11 3008 2356 1531
3528 2 2 2 11 965 2359 3009
3529 2 2 2 11 3009 2359 1528
3530 2 2 2 11 529 841 3173
3531 2 2 2 11 3173 2120 529
3532 2 2 2 11 1054 2120 3173
3533 2 2 2 11 1979 31 30
3534 2 2 2 11 894 1979 2014
3535 2 2 2 11 1978 56 55
3536 2 2 2 11 895 1978 2013
3537 2 2 2 11 1977 106 105
3538 2 2 2 11 893 1977 2015
3539 2 2 2 11 1976 81 80
3540 2 2 2 11 892 1976 2012
3541 2 2 2 11 2624 2560 990
3542 2 2 2 11 2623 2561 991
3543 2 2 2 11 2625 2562 993
3544 2 2 2 11 2626 2563 992
3545 2 2 2 11 2560 88 87
3546 2 2 2 11 2560 1954 990
3547 2 2 2 11 2561 63 62
3548 2 2 2 11 2561 1953 991
3549 2 2 2 11 2562 38 37
3550 2 2 2 11 2562 1955 993
3551 2 2 2 11 2563 13 12
3552 2 2 2 11 2563 1952 992
3553 2 2 2 11 35 34 2676
3554 2 2 2 11 2676 970 2351
3555 2 2 2 11 85 84 2677
3556 2 2 2 11 2677 967 2350
3557 2 2 2 11 60 59 2678
3558 2 2 2 11 2678 968 2352
3559 2 2 2 11 10 9 2679
3560 2 2 2 11 2679 969 2353
3561 2 2 2 11 51 50 2627
3562 2 2 2 11 101 100 2628
3563 2 2 2 11 76 75 2629
3564 2 2 2 11 26 25 2630
3565 2 2 2 11 58 57 3072
3566 2 2 2 11 2839 58 3072
3567 2 2 2 11 2615 2839 3072
3568 2 2 2 11 83 82 3073
3569 2 2 2 11 2840 83 3073
3570 2 2 2 11 2616 2840 3073
3571 2 2 2 11 33 32 3074
3572 2 2 2 11 2838 33 3074
3573 2 2 2 11 2617 2838 3074
3574 2 2 2 11 108 107 3075
3575 2 2 2 11 2841 108 3075
3576 2 2 2 11 2618 2841 3075
3577 2 2 2 11 2759 66 65
3578 2 2 2 11 65 912 2759
3579 2 2 2 11 2759 912 1207
3580 2 2 2 11 2760 91 90
3581 2 2 2 11 90 911 2760
3582 2 2 2 11 2760 911 1208
3583 2 2 2 11 2761 41 40
3584 2 2 2 11 40 914 2761
3585 2 2 2 11 2761 914 1205
3586 2 2 2 11 2762 16 15
3587 2 2 2 11 15 913 2762
3588 2 2 2 11 2762 913 1206
3589 2 2 2 11 67 66 2759
3590 2 2 2 11 67 2759 2203
3591 2 2 2 11 2539 2759 1207
3592 2 2 2 11 2759 2539 2203
3593 2 2 2 11 92 91 2760
3594 2 2 2 11 92 2760 2204
3595 2 2 2 11 2540 2760 1208
3596 2 2 2 11 2760 2540 2204
3597 2 2 2 11 42 41 2761
3598 2 2 2 11 42 2761 2205
3599 2 2 2 11 2541 2761 1205
3600 2 2 2 11 2761 2541 2205
3601 2 2 2 11 17 16 2762
3602 2 2 2 11 17 2762 2202
3603 2 2 2 11 2542 2762 1206
3604 2 2 2 11 2762 2542 2202
3605 2 2 2 11 2506 119 120
3606 2 2 2 11 2427 1115 2506
3607 2 2 2 11 2507 314 315
3608 2 2 2 11 2426 1114 2507
3609 2 2 2 11 2508 249 250
3610 2 2 2 11 2428 1113 2508
3611 2 2 2 11 2509 184 185
3612 2 2 2 11 2425 1112 2509
3613 2 2 2 11 288 289 2731
3614 2 2 2 11 353 354 2732
3615 2 2 2 11 223 224 2733
3616 2 2 2 11 160 161 2254
3617 2 2 2 11 2254 978 2075
3618 2 2 2 11 225 226 2255
3619 2 2 2 11 2255 981 2151
3620 2 2 2 11 290 291 2253
3621 2 2 2 11 2253 980 2150
3622 2 2 2 11 355 356 2256
3623 2 2 2 11 2256 979 2149
3624 2 2 2 11 3205 280 281
3625 2 2 2 11 3206 215 216
3626 2 2 2 11 3207 345 346
3627 2 2 2 11 155 156 2404
3628 2 2 2 11 2054 220 221
3629 2 2 2 11 858 2054 3202
3630 2 2 2 11 2053 350 351
3631 2 2 2 11 857 2053 3204
3632 2 2 2 11 2052 285 286
3633 2 2 2 11 859 2052 3203
3634 2 2 2 11 140 141 2429
3635 2 2 2 11 205 206 2430
3636 2 2 2 11 335 336 2432
3637 2 2 2 11 270 271 2431
3638 2 2 2 11 148 149 2213
3639 2 2 2 11 986 2004 2213
3640 2 2 2 11 278 279 2212
3641 2 2 2 11 987 2005 2212
3642 2 2 2 11 213 214 2211
3643 2 2 2 11 988 2007 2211
3644 2 2 2 11 343 344 2210
3645 2 2 2 11 989 2006 2210
3646 2 2 2 11 2243 2064 901
3647 2 2 2 11 2244 2063 900
3648 2 2 2 11 2242 2065 902
3649 2 2 2 11 258 259 1943
3650 2 2 2 11 128 129 1941
3651 2 2 2 11 323 324 1942
3652 2 2 2 11 193 194 1940
3653 2 2 2 11 872 1943 2051
3654 2 2 2 11 875 1941 2050
3655 2 2 2 11 873 1942 2049
3656 2 2 2 11 874 1940 2048
3657 2 2 2 11 1121 985 2413
3658 2 2 2 11 1413 576 2413
3659 2 2 2 11 1124 982 2416
3660 2 2 2 11 1416 573 2416
3661 2 2 2 11 1123 983 2415
3662 2 2 2 11 1415 574 2415
3663 2 2 2 11 1122 984 2414
3664 2 2 2 11 1414 575 2414
3665 2 2 2 11 685 2313 3190
3666 2 2 2 11 3190 2313 984
3667 2 2 2 11 984 1122 3190
3668 2 2 2 11 686 2314 3191
3669 2 2 2 11 3191 2314 985
3670 2 2 2 11 985 1121 3191
3671 2 2 2 11 684 2312 3192
3672 2 2 2 11 3192 2312 983
3673 2 2 2 11 983 1123 3192
3674 2 2 2 11 683 2311 3193
3675 2 2 2 11 3193 2311 982
3676 2 2 2 11 982 1124 3193
3677 2 2 2 11 1524 2718 2896
3678 2 2 2 11 481 2837 2543
3679 2 2 2 11 2837 1283 1177
3680 2 2 2 11 3059 2837 1177
3681 2 2 2 11 2837 3059 2543
3682 2 2 2 11 3323 2580 1275
3683 2 2 2 11 1405 2580 3323
3684 2 2 2 11 3323 452 1405
3685 2 2 2 11 3324 2581 1276
3686 2 2 2 11 1406 2581 3324
3687 2 2 2 11 3324 449 1406
3688 2 2 2 11 3325 2582 1277
3689 2 2 2 11 1407 2582 3325
3690 2 2 2 11 3325 450 1407
3691 2 2 2 11 3326 2583 1278
3692 2 2 2 11 1408 2583 3326
3693 2 2 2 11 3326 451 1408
3694 2 2 2 11 2372 1453 604
3695 2 2 2 11 604 2335 2372
3696 2 2 2 11 2372 2335 987
3697 2 2 2 11 2374 1455 602
3698 2 2 2 11 602 2336 2374
3699 2 2 2 11 2374 2336 989
3700 2 2 2 11 2373 1454 603
3701 2 2 2 11 603 2337 2373
3702 2 2 2 11 2373 2337 988
3703 2 2 2 11 478 1456 2642
3704 2 2 2 11 480 1458 2643
3705 2 2 2 11 479 1459 2644
3706 2 2 2 11 477 1457 2645
3707 2 2 2 11 3234 3139 393
3708 2 2 2 11 801 3139 3234
3709 2 2 2 11 808 1591 2767
3710 2 2 2 11 2767 392 808
3711 2 2 2 11 807 1590 2768
3712 2 2 2 11 2768 391 807
3713 2 2 2 11 806 1589 2769
3714 2 2 2 11 2769 390 806
3715 2 2 2 11 805 1588 2770
3716 2 2 2 11 2770 389 805
3717 2 2 2 11 1441 601 2355
3718 2 2 2 11 232 1975 231
3719 2 2 2 11 231 1975 1619
3720 2 2 2 11 297 1974 296
3721 2 2 2 11 296 1974 1618
3722 2 2 2 11 362 1972 361
3723 2 2 2 11 361 1972 1616
3724 2 2 2 11 167 1973 166
3725 2 2 2 11 166 1973 1617
3726 2 2 2 11 553 2413 2928
3727 2 2 2 11 2928 2413 985
3728 2 2 2 11 985 1183 2928
3729 2 2 2 11 552 2414 2929
3730 2 2 2 11 2929 2414 984
3731 2 2 2 11 984 1182 2929
3732 2 2 2 11 550 2416 2930
3733 2 2 2 11 2930 2416 982
3734 2 2 2 11 982 1181 2930
3735 2 2 2 11 551 2415 2931
3736 2 2 2 11 2931 2415 983
3737 2 2 2 11 983 1184 2931
3738 2 2 2 11 2314 745 1183
3739 2 2 2 11 1183 985 2314
3740 2 2 2 11 1471 745 2314
3741 2 2 2 11 2313 748 1182
3742 2 2 2 11 1182 984 2313
3743 2 2 2 11 1470 748 2313
3744 2 2 2 11 2312 746 1184
3745 2 2 2 11 1184 983 2312
3746 2 2 2 11 1469 746 2312
3747 2 2 2 11 2311 747 1181
3748 2 2 2 11 1181 982 2311
3749 2 2 2 11 1468 747 2311
3750 2 2 2 11 590 1369 3160
3751 2 2 2 11 918 934 3160
3752 2 2 2 11 918 3160 2698
3753 2 2 2 11 2698 3160 1369
3754 2 2 2 11 592 1368 3161
3755 2 2 2 11 917 933 3161
3756 2 2 2 11 917 3161 2697
3757 2 2 2 11 2697 3161 1368
3758 2 2 2 11 589 1367 3162
3759 2 2 2 11 916 932 3162
3760 2 2 2 11 916 3162 2696
3761 2 2 2 11 2696 3162 1367
3762 2 2 2 11 591 1366 3163
3763 2 2 2 11 915 931 3163
3764 2 2 2 11 915 3163 2695
3765 2 2 2 11 2695 3163 1366
3766 2 2 2 11 2808 390 2769
3767 2 2 2 11 934 918 2808
3768 2 2 2 11 1247 2808 2769
3769 2 2 2 11 2809 389 2770
3770 2 2 2 11 932 916 2809
3771 2 2 2 11 1246 2809 2770
3772 2 2 2 11 2810 392 2767
3773 2 2 2 11 933 917 2810
3774 2 2 2 11 1249 2810 2767
3775 2 2 2 11 2811 391 2768
3776 2 2 2 11 931 915 2811
3777 2 2 2 11 1248 2811 2768
3778 2 2 2 11 2813 1041 1029
3779 2 2 2 11 2814 1040 1028
3780 2 2 2 11 2815 1039 1027
3781 2 2 2 11 2812 1038 1026
3782 2 2 2 11 1088 1209 2610
3783 2 2 2 11 1146 604 2673
3784 2 2 2 11 2673 952 1146
3785 2 2 2 11 2673 604 1453
3786 2 2 2 11 1147 603 2674
3787 2 2 2 11 2674 953 1147
3788 2 2 2 11 2674 603 1454
3789 2 2 2 11 1148 602 2675
3790 2 2 2 11 2675 954 1148
3791 2 2 2 11 2675 602 1455
3792 2 2 2 11 2873 1704 692
3793 2 2 2 11 2873 1148 954
3794 2 2 2 11 2873 954 3039
3795 2 2 2 11 2873 3039 1704
3796 2 2 2 11 2874 1705 693
3797 2 2 2 11 2874 1147 953
3798 2 2 2 11 2874 953 3038
3799 2 2 2 11 2874 3038 1705
3800 2 2 2 11 2875 1706 694
3801 2 2 2 11 2875 1146 952
3802 2 2 2 11 2875 952 3037
3803 2 2 2 11 2875 3037 1706
3804 2 2 2 11 92 2204 93
3805 2 2 2 11 67 2203 68
3806 2 2 2 11 17 2202 18
3807 2 2 2 11 42 2205 43
3808 2 2 2 11 2870 2438 482
3809 2 2 2 11 2870 1284 1178
3810 2 2 2 11 2870 1178 2867
3811 2 2 2 11 2870 2867 2438
3812 2 2 2 11 2871 2440 483
3813 2 2 2 11 2871 1285 1179
3814 2 2 2 11 2871 1179 2869
3815 2 2 2 11 2871 2869 2440
3816 2 2 2 11 2872 2439 484
3817 2 2 2 11 2872 1286 1180
3818 2 2 2 11 2872 1180 2868
3819 2 2 2 11 2872 2868 2439
3820 2 2 2 11 1600 770 2666
3821 2 2 2 11 1599 771 2667
3822 2 2 2 11 1598 772 2668
3823 2 2 2 11 1597 769 2665
3824 2 2 2 11 3164 2369 507
3825 2 2 2 11 1000 2369 3164
3826 2 2 2 11 3165 2368 508
3827 2 2 2 11 1001 2368 3165
3828 2 2 2 11 3166 2370 506
3829 2 2 2 11 999 2370 3166
3830 2 2 2 11 3167 2371 505
3831 2 2 2 11 998 2371 3167
3832 2 2 2 11 2145 2020 1144
3833 2 2 2 11 3060 2395 950
3834 2 2 2 11 1316 2395 3060
3835 2 2 2 11 3060 614 1316
3836 2 2 2 11 3061 2394 949
3837 2 2 2 11 1315 2394 3061
3838 2 2 2 11 3061 615 1315
3839 2 2 2 11 3062 2393 947
3840 2 2 2 11 1314 2393 3062
3841 2 2 2 11 3062 616 1314
3842 2 2 2 11 3063 2396 948
3843 2 2 2 11 1317 2396 3063
3844 2 2 2 11 3063 613 1317
3845 2 2 2 11 360 2096 359
3846 2 2 2 11 1616 2096 360
3847 2 2 2 11 165 2097 164
3848 2 2 2 11 1617 2097 165
3849 2 2 2 11 295 2099 294
3850 2 2 2 11 1618 2099 295
3851 2 2 2 11 230 2098 229
3852 2 2 2 11 1619 2098 230
3853 2 2 2 11 1268 633 2933
3854 2 2 2 11 3222 2933 633
3855 2 2 2 11 1267 634 2934
3856 2 2 2 11 3223 2934 634
3857 2 2 2 11 1266 635 2935
3858 2 2 2 11 3224 2935 635
3859 2 2 2 11 1269 636 2936
3860 2 2 2 11 3225 2936 636
3861 2 2 2 11 588 593 2074
3862 2 2 2 11 2994 2702 1104
3863 2 2 2 11 2995 2704 1106
3864 2 2 2 11 2996 2705 1107
3865 2 2 2 11 2997 2703 1105
3866 2 2 2 11 1108 915 2695
3867 2 2 2 11 1110 916 2696
3868 2 2 2 11 1111 917 2697
3869 2 2 2 11 1109 918 2698
3870 2 2 2 11 915 1108 3103
3871 2 2 2 11 918 1109 3104
3872 2 2 2 11 917 1111 3105
3873 2 2 2 11 916 1110 3106
3874 2 2 2 11 1012 2710 3327
3875 2 2 2 11 3327 2710 1451
3876 2 2 2 11 1451 1232 3327
3877 2 2 2 11 1013 2711 3332
3878 2 2 2 11 3332 2711 1449
3879 2 2 2 11 1449 1230 3332
3880 2 2 2 11 1011 2712 3333
3881 2 2 2 11 3333 2712 1450
3882 2 2 2 11 1450 1231 3333
3883 2 2 2 11 1010 2713 3334
3884 2 2 2 11 3334 2713 1452
3885 2 2 2 11 1452 1233 3334
3886 2 2 2 11 1207 912 2880
3887 2 2 2 11 1297 490 2880
3888 2 2 2 11 1297 2880 2736
3889 2 2 2 11 2736 2880 912
3890 2 2 2 11 1208 911 2881
3891 2 2 2 11 1298 489 2881
3892 2 2 2 11 1298 2881 2737
3893 2 2 2 11 2737 2881 911
3894 2 2 2 11 1205 914 2882
3895 2 2 2 11 1295 492 2882
3896 2 2 2 11 1295 2882 2734
3897 2 2 2 11 2734 2882 914
3898 2 2 2 11 1206 913 2883
3899 2 2 2 11 1296 491 2883
3900 2 2 2 11 1296 2883 2735
3901 2 2 2 11 2735 2883 913
3902 2 2 2 11 3010 2635 1197
3903 2 2 2 11 1386 2635 3010
3904 2 2 2 11 3011 2636 1198
3905 2 2 2 11 1387 2636 3011
3906 2 2 2 11 3013 2637 1200
3907 2 2 2 11 1389 2637 3013
3908 2 2 2 11 3012 2638 1199
3909 2 2 2 11 1388 2638 3012
3910 2 2 2 11 3339 425 1560
3911 2 2 2 11 3340 428 1563
3912 2 2 2 11 3341 427 1562
3913 2 2 2 11 3342 426 1561
3914 2 2 2 11 3264 1560 425
3915 2 2 2 11 425 1394 3264
3916 2 2 2 11 3265 1561 426
3917 2 2 2 11 426 1395 3265
3918 2 2 2 11 3266 1562 427
3919 2 2 2 11 427 1393 3266
3920 2 2 2 11 3267 1563 428
3921 2 2 2 11 428 1396 3267
3922 2 2 2 11 2639 2182 645
3923 2 2 2 11 2639 1210 1018
3924 2 2 2 11 2639 1018 3231
3925 2 2 2 11 2639 3231 2182
3926 2 2 2 11 2640 2183 647
3927 2 2 2 11 2640 1211 1020
3928 2 2 2 11 2640 1020 3232
3929 2 2 2 11 2640 3232 2183
3930 2 2 2 11 2641 2184 646
3931 2 2 2 11 2641 1212 1019
3932 2 2 2 11 2641 1019 3233
3933 2 2 2 11 2641 3233 2184
3934 2 2 2 11 2717 2837 481
3935 2 2 2 11 971 1283 2837
3936 2 2 2 11 971 2837 2456
3937 2 2 2 11 2837 2717 2456
3938 2 2 2 11 2426 2163 1114
3939 2 2 2 11 1420 499 2163
3940 2 2 2 11 1420 2163 2457
3941 2 2 2 11 2426 2457 2163
3942 2 2 2 11 2428 2164 1113
3943 2 2 2 11 1421 500 2164
3944 2 2 2 11 1421 2164 2458
3945 2 2 2 11 2428 2458 2164
3946 2 2 2 11 2425 2165 1112
3947 2 2 2 11 1423 498 2165
3948 2 2 2 11 1423 2165 2460
3949 2 2 2 11 2425 2460 2165
3950 2 2 2 11 2427 2162 1115
3951 2 2 2 11 1422 497 2162
3952 2 2 2 11 1422 2162 2459
3953 2 2 2 11 2427 2459 2162
3954 2 2 2 11 497 1422 2282
3955 2 2 2 11 497 2282 2886
3956 2 2 2 11 2817 2886 2282
3957 2 2 2 11 500 1421 2281
3958 2 2 2 11 500 2281 2885
3959 2 2 2 11 2816 2885 2281
3960 2 2 2 11 498 1423 2283
3961 2 2 2 11 498 2283 2887
3962 2 2 2 11 2819 2887 2283
3963 2 2 2 11 499 1420 2280
3964 2 2 2 11 499 2280 2884
3965 2 2 2 11 2818 2884 2280
3966 2 2 2 11 2610 2181 648
3967 2 2 2 11 2610 1209 1021
3968 2 2 2 11 2610 1021 3226
3969 2 2 2 11 2610 3226 2181
3970 2 2 2 11 1321 493 2400
3971 2 2 2 11 1320 494 2399
3972 2 2 2 11 1319 495 2398
3973 2 2 2 11 1318 496 2397
3974 2 2 2 11 1108 2972 3103
3975 2 2 2 11 3103 2972 697
3976 2 2 2 11 1109 2973 3104
3977 2 2 2 11 3104 2973 696
3978 2 2 2 11 1110 2974 3106
3979 2 2 2 11 3106 2974 695
3980 2 2 2 11 1111 2975 3105
3981 2 2 2 11 3105 2975 698
3982 2 2 2 11 951 1145 2534
3983 2 2 2 11 1066 951 2534
3984 2 2 2 11 3134 2534 1441
3985 2 2 2 11 2534 593 1066
3986 2 2 2 11 593 2534 3134
3987 2 2 2 11 2980 1145 951
3988 2 2 2 11 2980 951 393
3989 2 2 2 11 2716 2870 482
3990 2 2 2 11 972 1284 2870
3991 2 2 2 11 972 2870 2455
3992 2 2 2 11 2870 2716 2455
3993 2 2 2 11 2714 2871 483
3994 2 2 2 11 973 1285 2871
3995 2 2 2 11 973 2871 2453
3996 2 2 2 11 2871 2714 2453
3997 2 2 2 11 2715 2872 484
3998 2 2 2 11 974 1286 2872
3999 2 2 2 11 974 2872 2454
4000 2 2 2 11 2872 2715 2454
4001 2 2 2 11 591 1338 2339
4002 2 2 2 11 2186 591 2339
4003 2 2 2 11 592 1340 2341
4004 2 2 2 11 2188 592 2341
4005 2 2 2 11 589 1339 2340
4006 2 2 2 11 2187 589 2340
4007 2 2 2 11 590 1341 2338
4008 2 2 2 11 2185 590 2338
4009 2 2 2 11 3135 702 1345
4010 2 2 2 11 1345 690 3135
4011 2 2 2 11 3135 690 1096
4012 2 2 2 11 3136 699 1344
4013 2 2 2 11 1344 688 3136
4014 2 2 2 11 3136 688 1095
4015 2 2 2 11 3137 701 1343
4016 2 2 2 11 1343 687 3137
4017 2 2 2 11 3137 687 1094
4018 2 2 2 11 3138 700 1342
4019 2 2 2 11 1342 689 3138
4020 2 2 2 11 3138 689 1093
4021 2 2 2 11 1657 1603 1577
4022 2 2 2 11 1657 1577 1660
4023 2 2 2 11 1656 1602 1578
4024 2 2 2 11 1656 1578 1661
4025 2 2 2 11 1658 1604 1579
4026 2 2 2 11 1658 1579 1662
4027 2 2 2 11 1655 1601 1576
4028 2 2 2 11 1655 1576 1659
4029 2 2 2 11 2998 358 1374
4030 2 2 2 11 2999 163 1375
4031 2 2 2 11 3000 228 1376
4032 2 2 2 11 3001 293 1377
4033 2 2 2 11 1089 2485 1270
4034 2 2 2 11 1270 2485 2723
4035 2 2 2 11 1090 2486 1271
4036 2 2 2 11 1271 2486 2724
4037 2 2 2 11 1091 2487 1272
4038 2 2 2 11 1272 2487 2725
4039 2 2 2 11 1092 2488 1273
4040 2 2 2 11 1273 2488 2726
4041 2 2 2 11 3178 672 1612
4042 2 2 2 11 1612 1597 3178
4043 2 2 2 11 2665 3178 1597
4044 2 2 2 11 3179 673 1613
4045 2 2 2 11 1613 1600 3179
4046 2 2 2 11 2666 3179 1600
4047 2 2 2 11 3180 674 1614
4048 2 2 2 11 1614 1599 3180
4049 2 2 2 11 2667 3180 1599
4050 2 2 2 11 3181 675 1615
4051 2 2 2 11 1615 1598 3181
4052 2 2 2 11 2668 3181 1598
4053 2 2 2 11 3299 1563 624
4054 2 2 2 11 3054 3299 624
4055 2 2 2 11 1229 3299 3054
4056 2 2 2 11 3300 1560 621
4057 2 2 2 11 3052 3300 621
4058 2 2 2 11 1226 3300 3052
4059 2 2 2 11 3301 1561 622
4060 2 2 2 11 3051 3301 622
4061 2 2 2 11 1227 3301 3051
4062 2 2 2 11 3302 1562 623
4063 2 2 2 11 3053 3302 623
4064 2 2 2 11 1228 3302 3053
4065 2 2 2 11 3274 1310 493
4066 2 2 2 11 493 1321 3274
4067 2 2 2 11 3275 1311 494
4068 2 2 2 11 494 1320 3275
4069 2 2 2 11 3276 1312 495
4070 2 2 2 11 495 1319 3276
4071 2 2 2 11 3277 1313 496
4072 2 2 2 11 496 1318 3277
4073 2 2 2 11 3227 621 1560
4074 2 2 2 11 3264 3227 1560
4075 2 2 2 11 3228 623 1562
4076 2 2 2 11 3266 3228 1562
4077 2 2 2 11 3229 624 1563
4078 2 2 2 11 3267 3229 1563
4079 2 2 2 11 3230 622 1561
4080 2 2 2 11 3265 3230 1561
4081 2 2 2 11 3152 1187 1006
4082 2 2 2 11 3153 1186 1009
4083 2 2 2 11 3154 1185 1008
4084 2 2 2 11 3155 1188 1007
4085 2 2 2 11 2851 1632 1583
4086 2 2 2 11 2852 1633 1580
4087 2 2 2 11 2853 1634 1582
4088 2 2 2 11 2854 1635 1581
4089 2 2 2 11 2912 452 1079
4090 2 2 2 11 1079 947 2912
4091 2 2 2 11 1405 452 2912
4092 2 2 2 11 2913 449 1076
4093 2 2 2 11 1076 948 2913
4094 2 2 2 11 1406 449 2913
4095 2 2 2 11 2914 450 1077
4096 2 2 2 11 1077 950 2914
4097 2 2 2 11 1407 450 2914
4098 2 2 2 11 2915 451 1078
4099 2 2 2 11 1078 949 2915
4100 2 2 2 11 1408 451 2915
4101 2 2 2 11 520 3144 3256
4102 2 2 2 11 519 3146 3258
4103 2 2 2 11 518 3147 3259
4104 2 2 2 11 517 3145 3257
4105 2 2 2 11 594 2375 3020
4106 2 2 2 11 2375 1057 954
4107 2 2 2 11 2675 2375 954
4108 2 2 2 11 2675 3020 2375
4109 2 2 2 11 596 2377 3018
4110 2 2 2 11 2377 1055 952
4111 2 2 2 11 2673 2377 952
4112 2 2 2 11 2673 3018 2377
4113 2 2 2 11 595 2376 3019
4114 2 2 2 11 2376 1056 953
4115 2 2 2 11 2674 2376 953
4116 2 2 2 11 2674 3019 2376
4117 2 2 2 11 2469 540 2449
4118 2 2 2 11 2469 1510 1035
4119 2 2 2 11 2469 2449 1510
4120 2 2 2 11 2470 541 2450
4121 2 2 2 11 2470 1509 1034
4122 2 2 2 11 2470 2450 1509
4123 2 2 2 11 2471 539 2452
4124 2 2 2 11 2471 1507 1036
4125 2 2 2 11 2471 2452 1507
4126 2 2 2 11 2468 538 2451
4127 2 2 2 11 2468 1508 1037
4128 2 2 2 11 2468 2451 1508
4129 2 2 2 11 3068 1246 1124
4130 2 2 2 11 3069 1247 1123
4131 2 2 2 11 3070 1248 1122
4132 2 2 2 11 3071 1249 1121
4133 2 2 2 11 2521 1472 565
4134 2 2 2 11 565 2497 2521
4135 2 2 2 11 2822 1203 2521
4136 2 2 2 11 2497 2822 2521
4137 2 2 2 11 2518 1474 566
4138 2 2 2 11 566 2498 2518
4139 2 2 2 11 2823 1202 2518
4140 2 2 2 11 2498 2823 2518
4141 2 2 2 11 2519 1475 568
4142 2 2 2 11 568 2499 2519
4143 2 2 2 11 2821 1204 2519
4144 2 2 2 11 2499 2821 2519
4145 2 2 2 11 2520 1473 567
4146 2 2 2 11 567 2500 2520
4147 2 2 2 11 2824 1201 2520
4148 2 2 2 11 2500 2824 2520
4149 2 2 2 11 619 1411 3140
4150 2 2 2 11 3140 961 3115
4151 2 2 2 11 617 1409 3141
4152 2 2 2 11 3141 962 3117
4153 2 2 2 11 618 1410 3142
4154 2 2 2 11 3142 960 3114
4155 2 2 2 11 620 1412 3143
4156 2 2 2 11 3143 959 3116
4157 2 2 2 11 1225 3021 3214
4158 2 2 2 11 1222 3022 3215
4159 2 2 2 11 1223 3023 3216
4160 2 2 2 11 1224 3024 3217
4161 2 2 2 11 1178 665 2688
4162 2 2 2 11 1178 2688 2867
4163 2 2 2 11 3044 2688 1794
4164 2 2 2 11 2688 3044 2867
4165 2 2 2 11 1179 666 2689
4166 2 2 2 11 1179 2689 2869
4167 2 2 2 11 3045 2689 1795
4168 2 2 2 11 2689 3045 2869
4169 2 2 2 11 1180 667 2690
4170 2 2 2 11 1180 2690 2868
4171 2 2 2 11 3046 2690 1796
4172 2 2 2 11 2690 3046 2868
4173 2 2 2 11 2180 2091 598
4174 2 2 2 11 1003 2091 2180
4175 2 2 2 11 2178 2089 599
4176 2 2 2 11 1002 2089 2178
4177 2 2 2 11 2179 2090 600
4178 2 2 2 11 1005 2090 2179
4179 2 2 2 11 2177 2092 597
4180 2 2 2 11 1004 2092 2177
4181 2 2 2 11 1695 1468 683
4182 2 2 2 11 720 1695 1717
4183 2 2 2 11 1695 720 2334
4184 2 2 2 11 1695 2334 1468
4185 2 2 2 11 1696 1469 684
4186 2 2 2 11 721 1696 1716
4187 2 2 2 11 1696 721 2331
4188 2 2 2 11 1696 2331 1469
4189 2 2 2 11 1697 1470 685
4190 2 2 2 11 719 1697 1718
4191 2 2 2 11 1697 719 2333
4192 2 2 2 11 1697 2333 1470
4193 2 2 2 11 1698 1471 686
4194 2 2 2 11 718 1698 1715
4195 2 2 2 11 1698 718 2332
4196 2 2 2 11 1698 2332 1471
4197 2 2 2 11 1577 897 1740
4198 2 2 2 11 2779 1740 897
4199 2 2 2 11 1578 896 1741
4200 2 2 2 11 2778 1741 896
4201 2 2 2 11 1579 899 1742
4202 2 2 2 11 2780 1742 899
4203 2 2 2 11 1576 898 1739
4204 2 2 2 11 2777 1739 898
4205 2 2 2 11 493 1310 3107
4206 2 2 2 11 493 3107 3281
4207 2 2 2 11 521 1167 3107
4208 2 2 2 11 3281 3107 1167
4209 2 2 2 11 494 1311 3108
4210 2 2 2 11 494 3108 3280
4211 2 2 2 11 522 1166 3108
4212 2 2 2 11 3280 3108 1166
4213 2 2 2 11 495 1312 3109
4214 2 2 2 11 495 3109 3279
4215 2 2 2 11 523 1169 3109
4216 2 2 2 11 3279 3109 1169
4217 2 2 2 11 496 1313 3110
4218 2 2 2 11 496 3110 3278
4219 2 2 2 11 524 1168 3110
4220 2 2 2 11 3278 3110 1168
4221 2 2 2 11 1275 1424 3323
4222 2 2 2 11 3323 1424 1559
4223 2 2 2 11 1559 452 3323
4224 2 2 2 11 1276 1425 3324
4225 2 2 2 11 3324 1425 1556
4226 2 2 2 11 1556 449 3324
4227 2 2 2 11 1277 1426 3325
4228 2 2 2 11 3325 1426 1557
4229 2 2 2 11 1557 450 3325
4230 2 2 2 11 1278 1427 3326
4231 2 2 2 11 3326 1427 1558
4232 2 2 2 11 1558 451 3326
4233 2 2 2 11 2572 1325 2420
4234 2 2 2 11 2420 299 1404
4235 2 2 2 11 1596 2572 2420
4236 2 2 2 11 2571 1324 2419
4237 2 2 2 11 2419 234 1403
4238 2 2 2 11 1595 2571 2419
4239 2 2 2 11 2570 1323 2418
4240 2 2 2 11 2418 364 1402
4241 2 2 2 11 1594 2570 2418
4242 2 2 2 11 2569 1322 2417
4243 2 2 2 11 2417 169 1401
4244 2 2 2 11 1593 2569 2417
4245 2 2 2 11 2160 2296 869
4246 2 2 2 11 1457 485 2296
4247 2 2 2 11 2168 2299 868
4248 2 2 2 11 1456 486 2299
4249 2 2 2 11 2167 2297 871
4250 2 2 2 11 1459 487 2297
4251 2 2 2 11 2166 2298 870
4252 2 2 2 11 1458 488 2298
4253 2 2 2 11 2982 1360 1053
4254 2 2 2 11 2982 505 2573
4255 2 2 2 11 2982 2573 1360
4256 2 2 2 11 2983 1359 1052
4257 2 2 2 11 2983 506 2576
4258 2 2 2 11 2983 2576 1359
4259 2 2 2 11 2984 1361 1051
4260 2 2 2 11 2984 508 2575
4261 2 2 2 11 2984 2575 1361
4262 2 2 2 11 2985 1358 1050
4263 2 2 2 11 2985 507 2574
4264 2 2 2 11 2985 2574 1358
4265 2 2 2 11 1312 1060 3208
4266 2 2 2 11 1311 1059 3209
4267 2 2 2 11 1310 1058 3210
4268 2 2 2 11 1313 1061 3211
4269 2 2 2 11 3274 1218 1058
4270 2 2 2 11 1058 1310 3274
4271 2 2 2 11 3275 1219 1059
4272 2 2 2 11 1059 1311 3275
4273 2 2 2 11 3276 1220 1060
4274 2 2 2 11 1060 1312 3276
4275 2 2 2 11 3277 1221 1061
4276 2 2 2 11 1061 1313 3277
4277 2 2 2 11 528 1473 2526
4278 2 2 2 11 526 1475 2527
4279 2 2 2 11 525 1474 2528
4280 2 2 2 11 527 1472 2525
4281 2 2 2 11 2666 770 774
4282 2 2 2 11 2667 771 775
4283 2 2 2 11 2668 772 776
4284 2 2 2 11 2665 769 773
4285 2 2 2 11 2876 1154 490
4286 2 2 2 11 490 1297 2876
4287 2 2 2 11 2877 1155 491
4288 2 2 2 11 491 1296 2877
4289 2 2 2 11 2878 1156 492
4290 2 2 2 11 492 1295 2878
4291 2 2 2 11 2879 1153 489
4292 2 2 2 11 489 1298 2879
4293 2 2 2 11 2004 986 2355
4294 2 2 2 11 485 1691 3239
4295 2 2 2 11 3239 2262 485
4296 2 2 2 11 3239 1153 2932
4297 2 2 2 11 3239 2932 2262
4298 2 2 2 11 486 1692 3240
4299 2 2 2 11 3240 2263 486
4300 2 2 2 11 3240 1154 2937
4301 2 2 2 11 3240 2937 2263
4302 2 2 2 11 487 1693 3241
4303 2 2 2 11 3241 2265 487
4304 2 2 2 11 3241 1155 2938
4305 2 2 2 11 3241 2938 2265
4306 2 2 2 11 488 1694 3242
4307 2 2 2 11 3242 2264 488
4308 2 2 2 11 3242 1156 2939
4309 2 2 2 11 3242 2939 2264
4310 2 2 2 11 485 1457 3182
4311 2 2 2 11 3182 1691 485
4312 2 2 2 11 2612 1098 3182
4313 2 2 2 11 1457 2612 3182
4314 2 2 2 11 486 1456 3183
4315 2 2 2 11 3183 1692 486
4316 2 2 2 11 2613 1097 3183
4317 2 2 2 11 1456 2613 3183
4318 2 2 2 11 487 1459 3184
4319 2 2 2 11 3184 1693 487
4320 2 2 2 11 2611 1100 3184
4321 2 2 2 11 1459 2611 3184
4322 2 2 2 11 488 1458 3185
4323 2 2 2 11 3185 1694 488
4324 2 2 2 11 2614 1099 3185
4325 2 2 2 11 1458 2614 3185
4326 2 2 2 11 2966 1032 1138
4327 2 2 2 11 2964 1030 1140
4328 2 2 2 11 2965 1033 1139
4329 2 2 2 11 2967 1031 1137
4330 2 2 2 11 594 2302 1654
4331 2 2 2 11 595 2301 1653
4332 2 2 2 11 596 2300 1652
4333 2 2 2 11 1107 605 3343
4334 2 2 2 11 1105 607 3344
4335 2 2 2 11 1104 608 3345
4336 2 2 2 11 1106 606 3346
4337 2 2 2 11 701 2842 1343
4338 2 2 2 11 701 1732 2842
4339 2 2 2 11 2842 1732 794
4340 2 2 2 11 699 2843 1344
4341 2 2 2 11 699 1731 2843
4342 2 2 2 11 2843 1731 796
4343 2 2 2 11 702 2844 1345
4344 2 2 2 11 702 1733 2844
4345 2 2 2 11 2844 1733 795
4346 2 2 2 11 700 2845 1342
4347 2 2 2 11 700 1734 2845
4348 2 2 2 11 2845 1734 793
4349 2 2 2 11 2991 3054 2942
4350 2 2 2 11 2992 3053 2943
4351 2 2 2 11 2993 3052 2941
4352 2 2 2 11 2990 3051 2940
4353 2 2 2 11 3213 1274 737
4354 2 2 2 11 1436 2897 3243
4355 2 2 2 11 3330 2952 1290
4356 2 2 2 11 1295 2952 2878
4357 2 2 2 11 3329 2953 1289
4358 2 2 2 11 1296 2953 2877
4359 2 2 2 11 3328 2954 1288
4360 2 2 2 11 1297 2954 2876
4361 2 2 2 11 3331 2955 1287
4362 2 2 2 11 1298 2955 2879
4363 2 2 2 11 2233 594 3020
4364 2 2 2 11 2233 2302 594
4365 2 2 2 11 2233 3020 2191
4366 2 2 2 11 2232 595 3019
4367 2 2 2 11 2232 2301 595
4368 2 2 2 11 2232 3019 2190
4369 2 2 2 11 2231 596 3018
4370 2 2 2 11 2231 2300 596
4371 2 2 2 11 2231 3018 2189
4372 2 2 2 11 2484 2850 801
4373 2 2 2 11 2484 801 3234
4374 2 2 2 11 2484 385 2850
4375 2 2 2 11 861 2208 3111
4376 2 2 2 11 1299 852 3111
4377 2 2 2 11 2438 1299 3111
4378 2 2 2 11 2438 3111 2208
4379 2 2 2 11 862 2207 3112
4380 2 2 2 11 1302 850 3112
4381 2 2 2 11 2440 1302 3112
4382 2 2 2 11 2440 3112 2207
4383 2 2 2 11 863 2206 3113
4384 2 2 2 11 1300 851 3113
4385 2 2 2 11 2439 1300 3113
4386 2 2 2 11 2439 3113 2206
4387 2 2 2 11 3291 520 1259
4388 2 2 2 11 3291 1070 1290
4389 2 2 2 11 3144 3291 1290
4390 2 2 2 11 3144 520 3291
4391 2 2 2 11 3292 519 1260
4392 2 2 2 11 3292 1069 1289
4393 2 2 2 11 3146 3292 1289
4394 2 2 2 11 3146 519 3292
4395 2 2 2 11 3293 518 1261
4396 2 2 2 11 3293 1068 1288
4397 2 2 2 11 3147 3293 1288
4398 2 2 2 11 3147 518 3293
4399 2 2 2 11 3290 517 1258
4400 2 2 2 11 3290 1067 1287
4401 2 2 2 11 3145 3290 1287
4402 2 2 2 11 3145 517 3290
4403 2 2 2 11 3328 1288 1068
4404 2 2 2 11 2750 3328 1068
4405 2 2 2 11 2750 3189 3328
4406 2 2 2 11 3329 1289 1069
4407 2 2 2 11 2751 3329 1069
4408 2 2 2 11 2751 3187 3329
4409 2 2 2 11 3330 1290 1070
4410 2 2 2 11 2752 3330 1070
4411 2 2 2 11 2752 3188 3330
4412 2 2 2 11 3331 1287 1067
4413 2 2 2 11 2753 3331 1067
4414 2 2 2 11 2753 3186 3331
4415 2 2 2 11 3271 1305 740
4416 2 2 2 11 1176 1305 3271
4417 2 2 2 11 3272 1304 739
4418 2 2 2 11 1175 1304 3272
4419 2 2 2 11 3273 1303 738
4420 2 2 2 11 1174 1303 3273
4421 2 2 2 11 3064 1090 1271
4422 2 2 2 11 3064 1271 3026
4423 2 2 2 11 3064 3026 2633
4424 2 2 2 11 3065 1091 1272
4425 2 2 2 11 3065 1272 3027
4426 2 2 2 11 3065 3027 2632
4427 2 2 2 11 3066 1089 1270
4428 2 2 2 11 3066 1270 3025
4429 2 2 2 11 3066 3025 2634
4430 2 2 2 11 3067 1092 1273
4431 2 2 2 11 3067 1273 3028
4432 2 2 2 11 3067 3028 2631
4433 2 2 2 11 1894 1905 885
4434 2 2 2 11 1416 550 1905
4435 2 2 2 11 1416 1905 2087
4436 2 2 2 11 1894 2087 1905
4437 2 2 2 11 1893 1903 886
4438 2 2 2 11 1413 553 1903
4439 2 2 2 11 1413 1903 2085
4440 2 2 2 11 1893 2085 1903
4441 2 2 2 11 1892 1904 884
4442 2 2 2 11 1414 552 1904
4443 2 2 2 11 1414 1904 2086
4444 2 2 2 11 1892 2086 1904
4445 2 2 2 11 1891 1906 887
4446 2 2 2 11 1415 551 1906
4447 2 2 2 11 1415 1906 2088
4448 2 2 2 11 1891 2088 1906
4449 2 2 2 11 586 1029 2786
4450 2 2 2 11 585 1028 2787
4451 2 2 2 11 587 1027 2788
4452 2 2 2 11 584 1026 2785
4453 2 2 2 11 713 3208 2891
4454 2 2 2 11 712 3209 2889
4455 2 2 2 11 711 3210 2890
4456 2 2 2 11 714 3211 2888
4457 2 2 2 11 2598 706 1611
4458 2 2 2 11 2989 2598 1611
4459 2 2 2 11 1134 2598 2989
4460 2 2 2 11 2599 705 1610
4461 2 2 2 11 2988 2599 1610
4462 2 2 2 11 1133 2599 2988
4463 2 2 2 11 2600 704 1609
4464 2 2 2 11 2987 2600 1609
4465 2 2 2 11 1136 2600 2987
4466 2 2 2 11 2601 703 1608
4467 2 2 2 11 2986 2601 1608
4468 2 2 2 11 1135 2601 2986
4469 2 2 2 11 902 859 3079
4470 2 2 2 11 3079 2277 902
4471 2 2 2 11 901 858 3080
4472 2 2 2 11 3080 2278 901
4473 2 2 2 11 900 857 3081
4474 2 2 2 11 3081 2279 900
4475 2 2 2 11 774 1752 2680
4476 2 2 2 11 774 2680 2666
4477 2 2 2 11 775 1753 2681
4478 2 2 2 11 775 2681 2667
4479 2 2 2 11 776 1754 2682
4480 2 2 2 11 776 2682 2668
4481 2 2 2 11 773 1751 2683
4482 2 2 2 11 773 2683 2665
4483 2 2 2 11 2646 2027 378
4484 2 2 2 11 2027 2646 2517
4485 2 2 2 11 2647 2026 379
4486 2 2 2 11 2026 2647 2516
4487 2 2 2 11 2648 2025 380
4488 2 2 2 11 2025 2648 2515
4489 2 2 2 11 3244 254 255
4490 2 2 2 11 3245 319 320
4491 2 2 2 11 3246 124 125
4492 2 2 2 11 3247 189 190
4493 2 2 2 11 1448 651 3157
4494 2 2 2 11 1448 3157 3078
4495 2 2 2 11 1447 650 3158
4496 2 2 2 11 1447 3158 3077
4497 2 2 2 11 1446 649 3159
4498 2 2 2 11 1446 3159 3076
4499 2 2 2 11 2857 3286 543
4500 2 2 2 11 3286 1136 2866
4501 2 2 2 11 2858 3287 542
4502 2 2 2 11 3287 1135 2865
4503 2 2 2 11 2856 3288 545
4504 2 2 2 11 3288 1134 2864
4505 2 2 2 11 2855 3289 544
4506 2 2 2 11 3289 1133 2863
4507 2 2 2 11 1448 2198 2512
4508 2 2 2 11 2512 651 1448
4509 2 2 2 11 2199 2512 2198
4510 2 2 2 11 1447 2197 2513
4511 2 2 2 11 2513 650 1447
4512 2 2 2 11 2200 2513 2197
4513 2 2 2 11 1446 2196 2514
4514 2 2 2 11 2514 649 1446
4515 2 2 2 11 2201 2514 2196
4516 2 2 2 11 3029 1275 1119
4517 2 2 2 11 3029 3050 2557
4518 2 2 2 11 3050 3029 1119
4519 2 2 2 11 3030 1276 1117
4520 2 2 2 11 3030 3048 2556
4521 2 2 2 11 3048 3030 1117
4522 2 2 2 11 3031 1277 1118
4523 2 2 2 11 3031 3047 2558
4524 2 2 2 11 3047 3031 1118
4525 2 2 2 11 3032 1278 1120
4526 2 2 2 11 3032 3049 2559
4527 2 2 2 11 3049 3032 1120
4528 2 2 2 11 3139 2980 393
4529 2 2 2 11 1702 691 3139
4530 2 2 2 11 2980 3139 691
4531 2 2 2 11 1702 3139 1592
4532 2 2 2 11 530 1408 2475
4533 2 2 2 11 949 946 2475
4534 2 2 2 11 949 2475 2915
4535 2 2 2 11 2915 2475 1408
4536 2 2 2 11 533 1405 2476
4537 2 2 2 11 947 945 2476
4538 2 2 2 11 947 2476 2912
4539 2 2 2 11 2912 2476 1405
4540 2 2 2 11 532 1406 2477
4541 2 2 2 11 948 944 2477
4542 2 2 2 11 948 2477 2913
4543 2 2 2 11 2913 2477 1406
4544 2 2 2 11 531 1407 2478
4545 2 2 2 11 950 943 2478
4546 2 2 2 11 950 2478 2914
4547 2 2 2 11 2914 2478 1407
4548 2 2 2 11 839 2565 2310
4549 2 2 2 11 2565 2713 2310
4550 2 2 2 11 837 2566 2308
4551 2 2 2 11 2566 2711 2308
4552 2 2 2 11 838 2567 2309
4553 2 2 2 11 2567 2712 2309
4554 2 2 2 11 840 2564 2307
4555 2 2 2 11 2564 2710 2307
4556 2 2 2 11 3307 1194 3127
4557 2 2 2 11 1354 3307 3127
4558 2 2 2 11 3308 1193 3126
4559 2 2 2 11 1355 3308 3126
4560 2 2 2 11 3309 1196 3129
4561 2 2 2 11 1356 3309 3129
4562 2 2 2 11 3310 1195 3128
4563 2 2 2 11 1357 3310 3128
4564 2 2 2 11 2892 676 2986
4565 2 2 2 11 2892 2986 1608
4566 2 2 2 11 2893 677 2987
4567 2 2 2 11 2893 2987 1609
4568 2 2 2 11 2894 678 2988
4569 2 2 2 11 2894 2988 1610
4570 2 2 2 11 2895 679 2989
4571 2 2 2 11 2895 2989 1611
4572 2 2 2 11 1238 1707 3040
4573 2 2 2 11 1241 1708 3043
4574 2 2 2 11 1239 1709 3041
4575 2 2 2 11 1240 1710 3042
4576 2 2 2 11 934 2808 1247
4577 2 2 2 11 934 1247 3069
4578 2 2 2 11 932 2809 1246
4579 2 2 2 11 932 1246 3068
4580 2 2 2 11 933 2810 1249
4581 2 2 2 11 933 1249 3071
4582 2 2 2 11 931 2811 1248
4583 2 2 2 11 931 1248 3070
4584 2 2 2 11 357 358 2998
4585 2 2 2 11 162 163 2999
4586 2 2 2 11 227 228 3000
4587 2 2 2 11 292 293 3001
4588 2 2 2 11 114 115 3303
4589 2 2 2 11 179 180 3304
4590 2 2 2 11 309 310 3305
4591 2 2 2 11 244 245 3306
4592 2 2 2 11 3348 1802 1800
4593 2 2 2 11 3349 1804 1798
4594 2 2 2 11 3350 1803 1799
4595 2 2 2 11 3351 1801 1797
4596 2 2 2 11 1803 3350 3352
4597 2 2 2 11 3352 1826 1803
4598 2 2 2 11 3352 3350 471
4599 2 2 2 11 1804 3349 3353
4600 2 2 2 11 3353 1827 1804
4601 2 2 2 11 3353 3349 472
4602 2 2 2 11 1802 3348 3354
4603 2 2 2 11 3354 1825 1802
4604 2 2 2 11 3354 3348 470
4605 2 2 2 11 1801 3351 3355
4606 2 2 2 11 3355 1828 1801
4607 2 2 2 11 3355 3351 469
4608 2 2 2 11 469 3351 3356
4609 2 2 2 11 470 3348 3361
4610 2 2 2 11 471 3350 3362
4611 2 2 2 11 472 3349 3363
4612 2 2 2 11 3368 3357 812
4613 2 2 2 11 3369 3358 810
4614 2 2 2 11 3370 3360 811
4615 2 2 2 11 3371 3359 809
4616 2 2 2 11 3205 281 3372
4617 2 2 2 11 3206 216 3373
4618 2 2 2 11 3207 346 3374
4619 2 2 2 11 1828 3355 3375
4620 2 2 2 11 3375 1829 1828
4621 2 2 2 11 3375 3355 469
4622 2 2 2 11 1827 3353 3376
4623 2 2 2 11 3376 1831 1827
4624 2 2 2 11 3376 3353 472
4625 2 2 2 11 1826 3352 3377
4626 2 2 2 11 3377 1832 1826
4627 2 2 2 11 3377 3352 471
4628 2 2 2 11 1825 3354 3378
4629 2 2 2 11 3378 1830 1825
4630 2 2 2 11 3378 3354 470
4631 2 2 2 11 1954 2560 3379
4632 2 2 2 11 3379 2560 87
4633 2 2 2 11 1953 2561 3380
4634 2 2 2 11 3380 2561 62
4635 2 2 2 11 1955 2562 3381
4636 2 2 2 11 3381 2562 37
4637 2 2 2 11 1952 2563 3382
4638 2 2 2 11 3382 2563 12
4639 2 2 2 11 2004 2355 3387
4640 2 2 2 11 809 3359 3388
4641 2 2 2 11 811 3360 3389
4642 2 2 2 11 810 3358 3390
4643 2 2 2 11 812 3357 3391
4644 2 2 2 11 3392 2212 2005
4645 2 2 2 11 3393 2211 2007
4646 2 2 2 11 3394 2210 2006
4647 2 2 2 11 3399 2213 149
4648 2 2 2 11 1890 1874 3400
4649 2 2 2 11 1889 1876 3401
4650 2 2 2 11 1888 1878 3402
4651 2 2 2 11 1887 1877 3403
4652 2 2 2 11 3408 3407 1807
4653 2 2 2 11 3409 3406 1808
4654 2 2 2 11 3410 3405 1806
4655 2 2 2 11 3411 3404 1805
4656 2 2 2 11 3412 2064 2243
4657 2 2 2 11 3413 2063 2244
4658 2 2 2 11 3414 2065 2242
4659 2 2 2 11 3415 3368 812
4660 2 2 2 11 3416 3371 809
4661 2 2 2 11 3417 3370 811
4662 2 2 2 11 3418 3369 810
4663 2 2 2 11 207 1532 3419
4664 2 2 2 11 3419 1532 2379
4665 2 2 2 11 337 1533 3420
4666 2 2 2 11 3420 1533 2381
4667 2 2 2 11 272 1535 3421
4668 2 2 2 11 3421 1535 2380
4669 2 2 2 11 142 1534 3422
4670 2 2 2 11 3422 1534 2378
4671 2 2 2 11 3424 1834 1809
4672 2 2 2 11 3424 3391 1820
4673 2 2 2 11 3425 1836 1810
4674 2 2 2 11 3425 3388 1819
4675 2 2 2 11 3426 1835 1812
4676 2 2 2 11 3426 3389 1818
4677 2 2 2 11 3427 1837 1811
4678 2 2 2 11 3427 3390 1817
4679 2 2 2 11 3428 872 1893
4680 2 2 2 11 1943 872 3428
4681 2 2 2 11 3429 875 1894
4682 2 2 2 11 1941 875 3429
4683 2 2 2 11 3430 873 1892
4684 2 2 2 11 1942 873 3430
4685 2 2 2 11 3431 874 1891
4686 2 2 2 11 1940 874 3431
4687 2 2 2 11 812 3391 3432
4688 2 2 2 11 3432 3404 812
4689 2 2 2 11 809 3388 3433
4690 2 2 2 11 3433 3407 809
4691 2 2 2 11 810 3390 3434
4692 2 2 2 11 3434 3406 810
4693 2 2 2 11 811 3389 3435
4694 2 2 2 11 3435 3405 811
4695 2 2 2 11 1613 1577 3440
4696 2 2 2 11 3440 1577 1740
4697 2 2 2 11 3440 1600 1613
4698 2 2 2 11 1614 1578 3441
4699 2 2 2 11 3441 1578 1741
4700 2 2 2 11 3441 1599 1614
4701 2 2 2 11 1615 1579 3442
4702 2 2 2 11 3442 1579 1742
4703 2 2 2 11 3442 1598 1615
4704 2 2 2 11 1612 1576 3443
4705 2 2 2 11 3443 1576 1739
4706 2 2 2 11 3443 1597 1612
4707 2 2 2 11 3444 1090 3064
4708 2 2 2 11 3445 1091 3065
4709 2 2 2 11 3446 1089 3066
4710 2 2 2 11 3447 1092 3067
4711 2 2 2 11 3448 911 89
4712 2 2 2 11 3448 2560 2624
4713 2 2 2 11 2624 911 3448
4714 2 2 2 11 3449 912 64
4715 2 2 2 11 3449 2561 2623
4716 2 2 2 11 2623 912 3449
4717 2 2 2 11 3450 914 39
4718 2 2 2 11 3450 2562 2625
4719 2 2 2 11 2625 914 3450
4720 2 2 2 11 3451 913 14
4721 2 2 2 11 3451 2563 2626
4722 2 2 2 11 2626 913 3451
4723 2 2 2 11 812 3404 3456
4724 2 2 2 11 3456 3415 812
4725 2 2 2 11 809 3407 3457
4726 2 2 2 11 3457 3416 809
4727 2 2 2 11 811 3405 3458
4728 2 2 2 11 3458 3417 811
4729 2 2 2 11 810 3406 3459
4730 2 2 2 11 3459 3418 810
4731 2 2 2 11 1891 887 3464
4732 2 2 2 11 1892 884 3465
4733 2 2 2 11 1893 886 3466
4734 2 2 2 11 1894 885 3467
4735 2 2 2 11 223 2733 3468
4736 2 2 2 11 288 2731 3469
4737 2 2 2 11 353 2732 3470
4738 2 2 2 11 3471 2416 573
4739 2 2 2 11 3471 3068 1124
4740 2 2 2 11 1124 2416 3471
4741 2 2 2 11 573 3068 3471
4742 2 2 2 11 3472 2415 574
4743 2 2 2 11 3472 3069 1123
4744 2 2 2 11 1123 2415 3472
4745 2 2 2 11 574 3069 3472
4746 2 2 2 11 3473 2414 575
4747 2 2 2 11 3473 3070 1122
4748 2 2 2 11 1122 2414 3473
4749 2 2 2 11 575 3070 3473
4750 2 2 2 11 3474 2413 576
4751 2 2 2 11 3474 3071 1121
4752 2 2 2 11 1121 2413 3474
4753 2 2 2 11 576 3071 3474
4754 2 2 2 11 3475 81 1976
4755 2 2 2 11 3475 2362 3073
4756 2 2 2 11 1976 2362 3475
4757 2 2 2 11 3476 31 1979
4758 2 2 2 11 3476 2363 3074
4759 2 2 2 11 1979 2363 3476
4760 2 2 2 11 3477 56 1978
4761 2 2 2 11 3477 2360 3072
4762 2 2 2 11 1978 2360 3477
4763 2 2 2 11 3478 106 1977
4764 2 2 2 11 3478 2361 3075
4765 2 2 2 11 1977 2361 3478
4766 2 2 2 11 3479 2834 1235
4767 2 2 2 11 3480 2836 1234
4768 2 2 2 11 3481 2835 1236
4769 2 2 2 11 3482 2833 1237
4770 2 2 2 11 3495 921 814
4771 2 2 2 11 3496 919 815
4772 2 2 2 11 3497 922 813
4773 2 2 2 11 3498 920 816
4774 2 2 2 11 3499 3079 556
4775 2 2 2 11 2277 3079 3499
4776 2 2 2 11 3500 3080 555
4777 2 2 2 11 2278 3080 3500
4778 2 2 2 11 3501 3081 554
4779 2 2 2 11 2279 3081 3501
4780 2 2 2 11 3515 887 2195
4781 2 2 2 11 3516 884 2194
4782 2 2 2 11 3517 886 2192
4783 2 2 2 11 3518 885 2193
4784 2 2 2 11 3519 817 1958
4785 2 2 2 11 3520 818 1959
4786 2 2 2 11 3521 819 1960
4787 2 2 2 11 3522 820 1957
4788 2 2 2 11 2075 1062 3523
4789 2 2 2 11 1934 2427 3524
4790 2 2 2 11 3524 2427 2506
4791 2 2 2 11 1936 2426 3525
4792 2 2 2 11 3525 2426 2507
4793 2 2 2 11 1935 2428 3526
4794 2 2 2 11 3526 2428 2508
4795 2 2 2 11 1933 2425 3527
4796 2 2 2 11 3527 2425 2509
4797 2 2 2 11 3155 1007 3528
4798 2 2 2 11 2289 2683 3528
4799 2 2 2 11 3154 1008 3529
4800 2 2 2 11 2292 2682 3529
4801 2 2 2 11 3152 1006 3530
4802 2 2 2 11 2290 2680 3530
4803 2 2 2 11 3153 1009 3531
4804 2 2 2 11 2291 2681 3531
4805 2 2 2 11 3532 3350 1799
4806 2 2 2 11 3532 3409 1808
4807 2 2 2 11 3533 3349 1798
4808 2 2 2 11 3533 3408 1807
4809 2 2 2 11 3534 3348 1800
4810 2 2 2 11 3534 3410 1806
4811 2 2 2 11 3535 3351 1797
4812 2 2 2 11 3535 3411 1805
4813 2 2 2 11 2812 1026 3543
4814 2 2 2 11 2813 1029 3544
4815 2 2 2 11 2814 1028 3545
4816 2 2 2 11 2815 1027 3546
4817 2 2 2 11 2161 1441 3547
4818 2 2 2 11 3547 1441 2355
4819 2 2 2 11 3547 2510 2161
4820 2 2 2 11 3548 2120 1054
4821 2 2 2 11 1875 2120 3548
4822 2 2 2 11 597 2092 3549
4823 2 2 2 11 600 2090 3550
4824 2 2 2 11 599 2089 3551
4825 2 2 2 11 598 2091 3552
4826 2 2 2 11 1075 1088 3553
4827 2 2 2 11 3553 1088 2610
4828 2 2 2 11 3554 527 2525
4829 2 2 2 11 3554 2362 2739
4830 2 2 2 11 2739 527 3554
4831 2 2 2 11 2525 2362 3554
4832 2 2 2 11 3555 526 2527
4833 2 2 2 11 3555 2363 2740
4834 2 2 2 11 2740 526 3555
4835 2 2 2 11 2527 2363 3555
4836 2 2 2 11 3556 525 2528
4837 2 2 2 11 3556 2360 2741
4838 2 2 2 11 2741 525 3556
4839 2 2 2 11 2528 2360 3556
4840 2 2 2 11 3557 528 2526
4841 2 2 2 11 3557 2361 2738
4842 2 2 2 11 2738 528 3557
4843 2 2 2 11 2526 2361 3557
4844 2 2 2 11 3558 3356 1805
4845 2 2 2 11 3559 3362 1808
4846 2 2 2 11 3560 3363 1807
4847 2 2 2 11 3561 3361 1806
4848 2 2 2 11 1805 3404 3562
4849 2 2 2 11 3562 3558 1805
4850 2 2 2 11 1913 3398 3563
4851 2 2 2 11 1914 3396 3564
4852 2 2 2 11 1911 3397 3565
4853 2 2 2 11 1912 3395 3566
4854 2 2 2 11 1807 3407 3567
4855 2 2 2 11 3567 3560 1807
4856 2 2 2 11 1806 3405 3568
4857 2 2 2 11 3568 3561 1806
4858 2 2 2 11 1808 3406 3569
4859 2 2 2 11 3569 3559 1808
4860 2 2 2 11 1171 1293 3570
4861 2 2 2 11 1172 1291 3571
4862 2 2 2 11 1170 1292 3572
4863 2 2 2 11 1173 1294 3573
4864 2 2 2 11 3578 3395 1820
4865 2 2 2 11 3579 3396 1819
4866 2 2 2 11 3580 3398 1818
4867 2 2 2 11 3581 3397 1817
4868 2 2 2 11 3582 2470 1034
4869 2 2 2 11 1034 2292 3582
4870 2 2 2 11 1008 2470 3582
4871 2 2 2 11 3583 2469 1035
4872 2 2 2 11 1035 2291 3583
4873 2 2 2 11 1009 2469 3583
4874 2 2 2 11 3584 2471 1036
4875 2 2 2 11 1036 2290 3584
4876 2 2 2 11 1006 2471 3584
4877 2 2 2 11 3585 2468 1037
4878 2 2 2 11 1037 2289 3585
4879 2 2 2 11 1007 2468 3585
4880 2 2 2 11 2020 2145 3586
4881 2 2 2 11 2023 2143 3587
4882 2 2 2 11 2022 2144 3588
4883 2 2 2 11 2021 2142 3589
4884 2 2 2 11 3590 118 119
4885 2 2 2 11 119 2506 3590
4886 2 2 2 11 3591 313 314
4887 2 2 2 11 314 2507 3591
4888 2 2 2 11 3592 248 249
4889 2 2 2 11 249 2508 3592
4890 2 2 2 11 3593 183 184
4891 2 2 2 11 184 2509 3593
4892 2 2 2 11 3598 997 2014
4893 2 2 2 11 3599 994 2012
4894 2 2 2 11 3600 996 2013
4895 2 2 2 11 3601 995 2015
4896 2 2 2 11 3602 1217 2510
4897 2 2 2 11 2510 3399 3602
4898 2 2 2 11 1866 1957 3603
4899 2 2 2 11 3603 1870 1866
4900 2 2 2 11 3603 1957 820
4901 2 2 2 11 1869 1960 3604
4902 2 2 2 11 3604 1871 1869
4903 2 2 2 11 3604 1960 819
4904 2 2 2 11 1868 1959 3605
4905 2 2 2 11 3605 1873 1868
4906 2 2 2 11 3605 1959 818
4907 2 2 2 11 1867 1958 3606
4908 2 2 2 11 3606 1872 1867
4909 2 2 2 11 3606 1958 817
4910 2 2 2 11 1840 477 3607
4911 2 2 2 11 3607 477 2645
4912 2 2 2 11 3608 1144 2020
4913 2 2 2 11 2020 3452 3608
4914 2 2 2 11 1841 478 3609
4915 2 2 2 11 3609 478 2642
4916 2 2 2 11 1839 480 3610
4917 2 2 2 11 3610 480 2643
4918 2 2 2 11 1838 479 3611
4919 2 2 2 11 3611 479 2644
4920 2 2 2 11 1093 1038 3616
4921 2 2 2 11 3616 1038 2812
4922 2 2 2 11 3624 2335 604
4923 2 2 2 11 3624 2577 1378
4924 2 2 2 11 1378 2335 3624
4925 2 2 2 11 3625 2337 603
4926 2 2 2 11 3625 2578 1379
4927 2 2 2 11 1379 2337 3625
4928 2 2 2 11 3626 2336 602
4929 2 2 2 11 3626 2579 1380
4930 2 2 2 11 1380 2336 3626
4931 2 2 2 11 2054 221 3627
4932 2 2 2 11 2053 351 3628
4933 2 2 2 11 2052 286 3629
4934 2 2 2 11 2021 3455 3630
4935 2 2 2 11 2023 3453 3631
4936 2 2 2 11 2022 3454 3632
4937 2 2 2 11 3633 3424 1820
4938 2 2 2 11 1834 3424 3633
4939 2 2 2 11 3634 3425 1819
4940 2 2 2 11 1836 3425 3634
4941 2 2 2 11 3635 3427 1817
4942 2 2 2 11 1837 3427 3635
4943 2 2 2 11 3636 3426 1818
4944 2 2 2 11 1835 3426 3636
4945 2 2 2 11 3642 1293 1023
4946 2 2 2 11 1023 3463 3642
4947 2 2 2 11 3643 1294 1025
4948 2 2 2 11 1025 3460 3643
4949 2 2 2 11 3644 1291 1024
4950 2 2 2 11 1024 3461 3644
4951 2 2 2 11 3645 1292 1022
4952 2 2 2 11 1022 3462 3645
4953 2 2 2 11 3650 1062 1875
4954 2 2 2 11 1875 3423 3650
4955 2 2 2 11 1401 641 3651
4956 2 2 2 11 1593 2417 3651
4957 2 2 2 11 3651 641 1593
4958 2 2 2 11 3651 2417 1401
4959 2 2 2 11 1402 642 3652
4960 2 2 2 11 1594 2418 3652
4961 2 2 2 11 3652 642 1594
4962 2 2 2 11 3652 2418 1402
4963 2 2 2 11 1403 643 3653
4964 2 2 2 11 1595 2419 3653
4965 2 2 2 11 3653 643 1595
4966 2 2 2 11 3653 2419 1403
4967 2 2 2 11 1404 644 3654
4968 2 2 2 11 1596 2420 3654
4969 2 2 2 11 3654 644 1596
4970 2 2 2 11 3654 2420 1404
4971 2 2 2 11 3659 2975 1111
4972 2 2 2 11 3660 2974 1110
4973 2 2 2 11 3661 2973 1109
4974 2 2 2 11 3662 2972 1108
4975 2 2 2 11 3663 820 1929
4976 2 2 2 11 3663 1842 1870
4977 2 2 2 11 1853 473 3664
4978 2 2 2 11 1850 476 3665
4979 2 2 2 11 1851 475 3666
4980 2 2 2 11 1852 474 3667
4981 2 2 2 11 3668 817 1932
4982 2 2 2 11 3668 1843 1872
4983 2 2 2 11 3669 818 1930
4984 2 2 2 11 3669 1844 1873
4985 2 2 2 11 3670 819 1931
4986 2 2 2 11 3670 1845 1871
4987 2 2 2 11 2145 1144 3671
4988 2 2 2 11 2004 3387 3671
4989 2 2 2 11 3205 3372 3672
4990 2 2 2 11 3206 3373 3673
4991 2 2 2 11 3207 3374 3674
4992 2 2 2 11 3675 3078 3157
4993 2 2 2 11 2646 3078 3675
4994 2 2 2 11 3676 3077 3158
4995 2 2 2 11 2647 3077 3676
4996 2 2 2 11 3677 3076 3159
4997 2 2 2 11 2648 3076 3677
4998 2 2 2 11 3678 1962 822
4999 2 2 2 11 1803 1962 3678
5000 2 2 2 11 3679 1961 823
5001 2 2 2 11 1802 1961 3679
5002 2 2 2 11 3680 1963 821
5003 2 2 2 11 1804 1963 3680
5004 2 2 2 11 3681 1956 824
5005 2 2 2 11 1801 1956 3681
5006 2 2 2 11 604 1146 3683
5007 2 2 2 11 1163 2577 3683
5008 2 2 2 11 3683 1146 1163
5009 2 2 2 11 602 1148 3684
5010 2 2 2 11 1165 2579 3684
5011 2 2 2 11 3684 1148 1165
5012 2 2 2 11 603 1147 3685
5013 2 2 2 11 1164 2578 3685
5014 2 2 2 11 3685 1147 1164
5015 2 2 2 11 3686 549 1539
5016 2 2 2 11 2635 549 3686
5017 2 2 2 11 3687 546 1538
5018 2 2 2 11 2636 546 3687
5019 2 2 2 11 3688 548 1540
5020 2 2 2 11 2637 548 3688
5021 2 2 2 11 3689 547 1537
5022 2 2 2 11 2638 547 3689
5023 2 2 2 11 859 902 3693
5024 2 2 2 11 3693 902 2065
5025 2 2 2 11 858 901 3694
5026 2 2 2 11 3694 901 2064
5027 2 2 2 11 857 900 3695
5028 2 2 2 11 3695 900 2063
5029 2 2 2 11 1809 832 3696
5030 2 2 2 11 1816 3558 3696
5031 2 2 2 11 3696 832 1816
5032 2 2 2 11 1812 831 3704
5033 2 2 2 11 1813 3561 3704
5034 2 2 2 11 3704 831 1813
5035 2 2 2 11 1810 830 3705
5036 2 2 2 11 1814 3560 3705
5037 2 2 2 11 3705 830 1814
5038 2 2 2 11 1811 829 3706
5039 2 2 2 11 1815 3559 3706
5040 2 2 2 11 3706 829 1815
5041 2 2 2 11 2994 1104 3707
5042 2 2 2 11 3707 1104 3345
5043 2 2 2 11 2995 1106 3708
5044 2 2 2 11 3708 1106 3346
5045 2 2 2 11 2997 1105 3709
5046 2 2 2 11 3709 1105 3344
5047 2 2 2 11 2996 1107 3710
5048 2 2 2 11 3710 1107 3343
5049 2 2 2 11 3711 579 1055
5050 2 2 2 11 3712 577 1057
5051 2 2 2 11 3713 578 1056
5052 2 2 2 11 3714 3208 1060
5053 2 2 2 11 2891 3208 3714
5054 2 2 2 11 3715 3209 1059
5055 2 2 2 11 2889 3209 3715
5056 2 2 2 11 3716 3210 1058
5057 2 2 2 11 2890 3210 3716
5058 2 2 2 11 3717 3211 1061
5059 2 2 2 11 2888 3211 3717
5060 2 2 2 11 1424 1275 3718
5061 2 2 2 11 3718 1275 3029
5062 2 2 2 11 1425 1276 3719
5063 2 2 2 11 3719 1276 3030
5064 2 2 2 11 1426 1277 3720
5065 2 2 2 11 3720 1277 3031
5066 2 2 2 11 1427 1278 3721
5067 2 2 2 11 3721 1278 3032
5068 2 2 2 11 3722 1321 2400
5069 2 2 2 11 3723 1320 2399
5070 2 2 2 11 3724 1319 2398
5071 2 2 2 11 3725 1318 2397
5072 2 2 2 11 3275 1320 3730
5073 2 2 2 11 3276 1319 3731
5074 2 2 2 11 3274 1321 3732
5075 2 2 2 11 3277 1318 3733
5076 2 2 2 11 2353 883 3734
5077 2 2 2 11 2351 882 3735
5078 2 2 2 11 2352 880 3736
5079 2 2 2 11 2350 881 3737
5080 2 2 2 11 3738 115 116
5081 2 2 2 11 3739 180 181
5082 2 2 2 11 3740 310 311
5083 2 2 2 11 3741 245 246
5084 2 2 2 11 1739 3487 3742
5085 2 2 2 11 1740 3489 3743
5086 2 2 2 11 1741 3488 3744
5087 2 2 2 11 1742 3490 3745
5088 2 2 2 11 2948 1318 3746
5089 2 2 2 11 2949 1319 3747
5090 2 2 2 11 2950 1320 3748
5091 2 2 2 11 2951 1321 3749
5092 2 2 2 11 3754 1785 439
5093 2 2 2 11 3754 3488 2786
5094 2 2 2 11 3755 1783 438
5095 2 2 2 11 3755 3489 2787
5096 2 2 2 11 3756 1784 440
5097 2 2 2 11 3756 3490 2788
5098 2 2 2 11 3757 1782 437
5099 2 2 2 11 3757 3487 2785
5100 2 2 2 11 3761 691 1362
5101 2 2 2 11 3761 1145 2980
5102 2 2 2 11 2980 691 3761
5103 2 2 2 11 1362 1145 3761
5104 2 2 2 11 3762 1111 2697
5105 2 2 2 11 3763 1108 2695
5106 2 2 2 11 3764 1109 2698
5107 2 2 2 11 3765 1110 2696
5108 2 2 2 11 3766 961 2132
5109 2 2 2 11 3115 961 3766
5110 2 2 2 11 3767 960 2133
5111 2 2 2 11 3114 960 3767
5112 2 2 2 11 3768 959 2131
5113 2 2 2 11 3116 959 3768
5114 2 2 2 11 3769 962 2130
5115 2 2 2 11 3117 962 3769
5116 2 2 2 11 3774 3586 2145
5117 2 2 2 11 3781 2119 1879
5118 2 2 2 11 3782 2117 1882
5119 2 2 2 11 3783 2116 1881
5120 2 2 2 11 3784 2118 1880
5121 2 2 2 11 3785 882 1955
5122 2 2 2 11 1955 3381 3785
5123 2 2 2 11 3786 880 1953
5124 2 2 2 11 1953 3380 3786
5125 2 2 2 11 3787 883 1952
5126 2 2 2 11 1952 3382 3787
5127 2 2 2 11 3788 881 1954
5128 2 2 2 11 1954 3379 3788
5129 2 2 2 11 2160 832 3797
5130 2 2 2 11 3797 832 2645
5131 2 2 2 11 2166 829 3806
5132 2 2 2 11 3806 829 2643
5133 2 2 2 11 2167 830 3807
5134 2 2 2 11 3807 830 2644
5135 2 2 2 11 2168 831 3808
5136 2 2 2 11 3808 831 2642
5137 2 2 2 11 153 2501 3810
5138 2 2 2 11 3814 1929 824
5139 2 2 2 11 3815 1931 823
5140 2 2 2 11 3816 1930 822
5141 2 2 2 11 3817 1932 821
5142 2 2 2 11 3818 1667 389
5143 2 2 2 11 695 1667 3818
5144 2 2 2 11 3819 1668 390
5145 2 2 2 11 696 1668 3819
5146 2 2 2 11 3820 1669 391
5147 2 2 2 11 697 1669 3820
5148 2 2 2 11 3821 1670 392
5149 2 2 2 11 698 1670 3821
5150 2 2 2 11 3822 1152 2100
5151 2 2 2 11 3823 1151 2101
5152 2 2 2 11 3824 1149 2103
5153 2 2 2 11 3825 1150 2102
5154 2 2 2 11 3826 1177 664
5155 2 2 2 11 3826 761 1703
5156 2 2 2 11 664 761 3826
5157 2 2 2 11 473 1910 3827
5158 2 2 2 11 475 1907 3828
5159 2 2 2 11 474 1909 3829
5160 2 2 2 11 476 1908 3830
5161 2 2 2 11 1819 3396 3831
5162 2 2 2 11 1818 3398 3832
5163 2 2 2 11 1817 3397 3833
5164 2 2 2 11 1820 3395 3834
5165 2 2 2 11 1093 3616 3836
5166 2 2 2 11 3840 2355 601
5167 2 2 2 11 3763 599 3662
5168 2 2 2 11 1108 3763 3662
5169 2 2 2 11 3764 598 3661
5170 2 2 2 11 1109 3764 3661
5171 2 2 2 11 3765 597 3660
5172 2 2 2 11 1110 3765 3660
5173 2 2 2 11 3762 600 3659
5174 2 2 2 11 1111 3762 3659
5175 2 2 2 11 3725 3746 1318
5176 2 2 2 11 3724 3747 1319
5177 2 2 2 11 3723 3748 1320
5178 2 2 2 11 3722 3749 1321
5179 2 2 2 11 3514 549 2635
5180 2 2 2 11 1386 3514 2635
5181 2 2 2 11 3512 546 2636
5182 2 2 2 11 1387 3512 2636
5183 2 2 2 11 3507 547 2638
5184 2 2 2 11 1388 3507 2638
5185 2 2 2 11 3513 548 2637
5186 2 2 2 11 1389 3513 2637
5187 2 2 2 11 3303 115 3738
5188 2 2 2 11 3303 3738 1580
5189 2 2 2 11 3304 180 3739
5190 2 2 2 11 3304 3739 1581
5191 2 2 2 11 3305 310 3740
5192 2 2 2 11 3305 3740 1582
5193 2 2 2 11 3306 245 3741
5194 2 2 2 11 3306 3741 1583
5195 2 2 2 11 3059 1177 3826
5196 2 2 2 11 3059 3826 1703
5197 2 2 2 11 3603 820 3663
5198 2 2 2 11 3603 3663 1870
5199 2 2 2 11 3604 819 3670
5200 2 2 2 11 3604 3670 1871
5201 2 2 2 11 3606 817 3668
5202 2 2 2 11 3606 3668 1872
5203 2 2 2 11 3605 818 3669
5204 2 2 2 11 3605 3669 1873
5205 2 2 2 11 3814 1842 3663
5206 2 2 2 11 1929 3814 3663
5207 2 2 2 11 3816 1844 3669
5208 2 2 2 11 1930 3816 3669
5209 2 2 2 11 3815 1845 3670
5210 2 2 2 11 1931 3815 3670
5211 2 2 2 11 3817 1843 3668
5212 2 2 2 11 1932 3817 3668
5213 2 2 2 11 3671 1144 3682
5214 2 2 2 11 3671 3682 2004
5215 2 2 2 11 3734 883 3787
5216 2 2 2 11 3737 881 3788
5217 2 2 2 11 3735 882 3785
5218 2 2 2 11 3736 880 3786
5219 2 2 2 11 986 2213 3399
5220 2 2 2 11 986 3399 2510
5221 2 2 2 11 3624 604 3683
5222 2 2 2 11 3624 3683 2577
5223 2 2 2 11 3625 603 3685
5224 2 2 2 11 3625 3685 2578
5225 2 2 2 11 3626 602 3684
5226 2 2 2 11 3626 3684 2579
5227 2 2 2 11 29 28 3615
5228 2 2 2 11 79 78 3612
5229 2 2 2 11 54 53 3614
5230 2 2 2 11 104 103 3613
5231 2 2 2 11 3448 89 88
5232 2 2 2 11 2560 3448 88
5233 2 2 2 11 3449 64 63
5234 2 2 2 11 2561 3449 63
5235 2 2 2 11 3450 39 38
5236 2 2 2 11 2562 3450 38
5237 2 2 2 11 3451 14 13
5238 2 2 2 11 2563 3451 13
5239 2 2 2 11 57 56 3477
5240 2 2 2 11 57 3477 3072
5241 2 2 2 11 82 81 3475
5242 2 2 2 11 82 3475 3073
5243 2 2 2 11 32 31 3476
5244 2 2 2 11 32 3476 3074
5245 2 2 2 11 107 106 3478
5246 2 2 2 11 107 3478 3075
5247 2 2 2 11 1115 1997 3590
5248 2 2 2 11 1115 3590 2506
5249 2 2 2 11 1114 1998 3591
5250 2 2 2 11 1114 3591 2507
5251 2 2 2 11 1113 1996 3592
5252 2 2 2 11 1113 3592 2508
5253 2 2 2 11 1112 1999 3593
5254 2 2 2 11 1112 3593 2509
5255 2 2 2 11 1065 2175 3469
5256 2 2 2 11 1065 3469 2731
5257 2 2 2 11 1064 2176 3470
5258 2 2 2 11 1064 3470 2732
5259 2 2 2 11 1063 2174 3468
5260 2 2 2 11 1063 3468 2733
5261 2 2 2 11 3627 221 222
5262 2 2 2 11 3629 286 287
5263 2 2 2 11 3628 351 352
5264 2 2 2 11 222 223 3468
5265 2 2 2 11 287 288 3469
5266 2 2 2 11 352 353 3470
5267 2 2 2 11 3372 281 282
5268 2 2 2 11 3373 216 217
5269 2 2 2 11 3374 346 347
5270 2 2 2 11 2054 3627 3202
5271 2 2 2 11 2053 3628 3204
5272 2 2 2 11 2052 3629 3203
5273 2 2 2 11 3412 218 219
5274 2 2 2 11 2064 3412 219
5275 2 2 2 11 3413 348 349
5276 2 2 2 11 2063 3413 349
5277 2 2 2 11 3414 283 284
5278 2 2 2 11 2065 3414 284
5279 2 2 2 11 3547 2355 986
5280 2 2 2 11 2510 3547 986
5281 2 2 2 11 3722 2400 994
5282 2 2 2 11 3723 2399 995
5283 2 2 2 11 3724 2398 996
5284 2 2 2 11 3725 2397 997
5285 2 2 2 11 3828 1907 3509
5286 2 2 2 11 3829 1909 3510
5287 2 2 2 11 3830 1908 3511
5288 2 2 2 11 3827 1910 3508
5289 2 2 2 11 3040 3494 1238
5290 2 2 2 11 3041 3493 1239
5291 2 2 2 11 3042 3492 1240
5292 2 2 2 11 3043 3491 1241
5293 2 2 2 11 3529 1008 3582
5294 2 2 2 11 3529 3582 2292
5295 2 2 2 11 3530 1006 3584
5296 2 2 2 11 3530 3584 2290
5297 2 2 2 11 3531 1009 3583
5298 2 2 2 11 3531 3583 2291
5299 2 2 2 11 3528 1007 3585
5300 2 2 2 11 3528 3585 2289
5301 2 2 2 11 2355 3840 3387
5302 2 2 2 11 3133 3710 3343
5303 2 2 2 11 3132 3709 3344
5304 2 2 2 11 3131 3707 3345
5305 2 2 2 11 3130 3708 3346
5306 2 2 2 11 3730 1320 2950
5307 2 2 2 11 3731 1319 2949
5308 2 2 2 11 3732 1321 2951
5309 2 2 2 11 3733 1318 2948
5310 2 2 2 11 1029 1785 3754
5311 2 2 2 11 1029 3754 2786
5312 2 2 2 11 1028 1783 3755
5313 2 2 2 11 1028 3755 2787
5314 2 2 2 11 1027 1784 3756
5315 2 2 2 11 1027 3756 2788
5316 2 2 2 11 1026 1782 3757
5317 2 2 2 11 1026 3757 2785
5318 2 2 2 11 3544 1029 586
5319 2 2 2 11 3545 1028 585
5320 2 2 2 11 3546 1027 587
5321 2 2 2 11 3543 1026 584
5322 2 2 2 11 3534 1806 3361
5323 2 2 2 11 3348 3534 3361
5324 2 2 2 11 3533 1807 3363
5325 2 2 2 11 3349 3533 3363
5326 2 2 2 11 3532 1808 3362
5327 2 2 2 11 3350 3532 3362
5328 2 2 2 11 3535 1805 3356
5329 2 2 2 11 3351 3535 3356
5330 2 2 2 11 3368 3700 3357
5331 2 2 2 11 3578 1820 3391
5332 2 2 2 11 3357 3578 3391
5333 2 2 2 11 3369 3697 3358
5334 2 2 2 11 3581 1817 3390
5335 2 2 2 11 3358 3581 3390
5336 2 2 2 11 3371 3699 3359
5337 2 2 2 11 3579 1819 3388
5338 2 2 2 11 3359 3579 3388
5339 2 2 2 11 3370 3698 3360
5340 2 2 2 11 3580 1818 3389
5341 2 2 2 11 3360 3580 3389
5342 2 2 2 11 3415 3597 3368
5343 2 2 2 11 3418 3594 3369
5344 2 2 2 11 3417 3596 3370
5345 2 2 2 11 3416 3595 3371
5346 2 2 2 11 3811 2231 3672
5347 2 2 2 11 3372 3811 3672
5348 2 2 2 11 3812 2232 3673
5349 2 2 2 11 3373 3812 3673
5350 2 2 2 11 3813 2233 3674
5351 2 2 2 11 3374 3813 3674
5352 2 2 2 11 3649 2145 3671
5353 2 2 2 11 3649 3671 3387
5354 2 2 2 11 3425 1810 3433
5355 2 2 2 11 3425 3433 3388
5356 2 2 2 11 3426 1812 3435
5357 2 2 2 11 3426 3435 3389
5358 2 2 2 11 3427 1811 3434
5359 2 2 2 11 3427 3434 3390
5360 2 2 2 11 3424 1809 3432
5361 2 2 2 11 3424 3432 3391
5362 2 2 2 11 3395 3578 3566
5363 2 2 2 11 3396 3579 3564
5364 2 2 2 11 3397 3581 3565
5365 2 2 2 11 3398 3580 3563
5366 2 2 2 11 3432 1809 3562
5367 2 2 2 11 3432 3562 3404
5368 2 2 2 11 3411 3456 3404
5369 2 2 2 11 3435 1812 3568
5370 2 2 2 11 3435 3568 3405
5371 2 2 2 11 3410 3458 3405
5372 2 2 2 11 3434 1811 3569
5373 2 2 2 11 3434 3569 3406
5374 2 2 2 11 3409 3459 3406
5375 2 2 2 11 3433 1810 3567
5376 2 2 2 11 3433 3567 3407
5377 2 2 2 11 3408 3457 3407
5378 2 2 2 11 3633 1820 3834
5379 2 2 2 11 3635 1817 3833
5380 2 2 2 11 3634 1819 3831
5381 2 2 2 11 3636 1818 3832
5382 2 2 2 11 3757 437 3742
5383 2 2 2 11 3487 3757 3742
5384 2 2 2 11 3754 439 3744
5385 2 2 2 11 3488 3754 3744
5386 2 2 2 11 3755 438 3743
5387 2 2 2 11 3489 3755 3743
5388 2 2 2 11 3756 440 3745
5389 2 2 2 11 3490 3756 3745
5390 2 2 2 11 3562 1809 3696
5391 2 2 2 11 3562 3696 3558
5392 2 2 2 11 3569 1811 3706
5393 2 2 2 11 3569 3706 3559
5394 2 2 2 11 3567 1810 3705
5395 2 2 2 11 3567 3705 3560
5396 2 2 2 11 3568 1812 3704
5397 2 2 2 11 3568 3704 3561
5398 2 2 2 11 3804 1851 3666
5399 2 2 2 11 3594 3804 3666
5400 2 2 2 11 3805 1850 3665
5401 2 2 2 11 3595 3805 3665
5402 2 2 2 11 3803 1852 3667
5403 2 2 2 11 3596 3803 3667
5404 2 2 2 11 3802 1853 3664
5405 2 2 2 11 3597 3802 3664
5406 2 2 2 11 3463 1219 941
5407 2 2 2 11 3460 1221 939
5408 2 2 2 11 3461 1220 940
5409 2 2 2 11 3462 1218 942
5410 2 2 2 11 3720 3031 3728
5411 2 2 2 11 3718 3029 3726
5412 2 2 2 11 3721 3032 3729
5413 2 2 2 11 3719 3030 3727
5414 2 2 2 11 470 3402 3618
5415 2 2 2 11 3618 3402 1878
5416 2 2 2 11 1878 1939 3618
5417 2 2 2 11 472 3403 3619
5418 2 2 2 11 3619 3403 1877
5419 2 2 2 11 1877 1938 3619
5420 2 2 2 11 471 3401 3617
5421 2 2 2 11 3617 3401 1876
5422 2 2 2 11 1876 1937 3617
5423 2 2 2 11 2826 2070 3656
5424 2 2 2 11 2827 2072 3658
5425 2 2 2 11 2828 2071 3657
5426 2 2 2 11 2825 2073 3655
5427 2 2 2 11 469 3400 3637
5428 2 2 2 11 3637 3400 1874
5429 2 2 2 11 1874 1924 3637
5430 2 2 2 11 3659 600 3550
5431 2 2 2 11 2964 1140 3550
5432 2 2 2 11 1140 3659 3550
5433 2 2 2 11 3661 598 3552
5434 2 2 2 11 2966 1138 3552
5435 2 2 2 11 1138 3661 3552
5436 2 2 2 11 3662 599 3551
5437 2 2 2 11 2967 1137 3551
5438 2 2 2 11 1137 3662 3551
5439 2 2 2 11 3660 597 3549
5440 2 2 2 11 2965 1139 3549
5441 2 2 2 11 1139 3660 3549
5442 2 2 2 11 3762 2179 600
5443 2 2 2 11 1368 2179 3762
5444 2 2 2 11 3762 2697 1368
5445 2 2 2 11 3765 2177 597
5446 2 2 2 11 1367 2177 3765
5447 2 2 2 11 3765 2696 1367
5448 2 2 2 11 3763 2178 599
5449 2 2 2 11 1366 2178 3763
5450 2 2 2 11 3763 2695 1366
5451 2 2 2 11 3764 2180 598
5452 2 2 2 11 1369 2180 3764
5453 2 2 2 11 3764 2698 1369
5454 2 2 2 11 1023 2889 3715
5455 2 2 2 11 3463 1023 3715
5456 2 2 2 11 1059 1219 3715
5457 2 2 2 11 3463 3715 1219
5458 2 2 2 11 1022 2890 3716
5459 2 2 2 11 3462 1022 3716
5460 2 2 2 11 1058 1218 3716
5461 2 2 2 11 3462 3716 1218
5462 2 2 2 11 1025 2888 3717
5463 2 2 2 11 3460 1025 3717
5464 2 2 2 11 1061 1221 3717
5465 2 2 2 11 3460 3717 1221
5466 2 2 2 11 1024 2891 3714
5467 2 2 2 11 3461 1024 3714
5468 2 2 2 11 1060 1220 3714
5469 2 2 2 11 3461 3714 1220
5470 2 2 2 11 185 186 3527
5471 2 2 2 11 3527 2509 185
5472 2 2 2 11 3527 186 1933
5473 2 2 2 11 250 251 3526
5474 2 2 2 11 3526 2508 250
5475 2 2 2 11 3526 251 1935
5476 2 2 2 11 315 316 3525
5477 2 2 2 11 3525 2507 315
5478 2 2 2 11 3525 316 1936
5479 2 2 2 11 120 121 3524
5480 2 2 2 11 3524 2506 120
5481 2 2 2 11 3524 121 1934
5482 2 2 2 11 2463 3542 3204
5483 2 2 2 11 3081 857 3542
5484 2 2 2 11 3542 857 3204
5485 2 2 2 11 2462 3541 3202
5486 2 2 2 11 3080 858 3541
5487 2 2 2 11 3541 858 3202
5488 2 2 2 11 2461 3540 3203
5489 2 2 2 11 3079 859 3540
5490 2 2 2 11 3540 859 3203
5491 2 2 2 11 1380 2579 3838
5492 2 2 2 11 3838 3690 1380
5493 2 2 2 11 1378 2577 3839
5494 2 2 2 11 3839 3691 1378
5495 2 2 2 11 1379 2578 3837
5496 2 2 2 11 3837 3692 1379
5497 2 2 2 11 2443 855 3789
5498 2 2 2 11 2444 856 3791
5499 2 2 2 11 2441 853 3792
5500 2 2 2 11 2442 854 3790
5501 2 2 2 11 150 3399 149
5502 2 2 2 11 150 3602 3399
5503 2 2 2 11 3682 2213 2004
5504 2 2 2 11 3732 942 1218
5505 2 2 2 11 3732 1218 3274
5506 2 2 2 11 3733 939 1221
5507 2 2 2 11 3733 1221 3277
5508 2 2 2 11 3731 940 1220
5509 2 2 2 11 3731 1220 3276
5510 2 2 2 11 3730 941 1219
5511 2 2 2 11 3730 1219 3275
5512 2 2 2 11 211 3455 210
5513 2 2 2 11 211 3630 3455
5514 2 2 2 11 341 3454 340
5515 2 2 2 11 341 3632 3454
5516 2 2 2 11 276 3453 275
5517 2 2 2 11 276 3631 3453
5518 2 2 2 11 1990 369 3769
5519 2 2 2 11 3769 2130 1990
5520 2 2 2 11 1989 371 3767
5521 2 2 2 11 3767 2133 1989
5522 2 2 2 11 1988 372 3768
5523 2 2 2 11 3768 2131 1988
5524 2 2 2 11 1991 370 3766
5525 2 2 2 11 3766 2132 1991
5526 2 2 2 11 3674 2191 2505
5527 2 2 2 11 2233 2191 3674
5528 2 2 2 11 3207 3674 2505
5529 2 2 2 11 3673 2190 2504
5530 2 2 2 11 2232 2190 3673
5531 2 2 2 11 3206 3673 2504
5532 2 2 2 11 3672 2189 2503
5533 2 2 2 11 2231 2189 3672
5534 2 2 2 11 3205 3672 2503
5535 2 2 2 11 3741 2851 1583
5536 2 2 2 11 2594 2851 3741
5537 2 2 2 11 3741 246 2594
5538 2 2 2 11 3740 2853 1582
5539 2 2 2 11 2596 2853 3740
5540 2 2 2 11 3740 311 2596
5541 2 2 2 11 3739 2854 1581
5542 2 2 2 11 2597 2854 3739
5543 2 2 2 11 3739 181 2597
5544 2 2 2 11 3738 2852 1580
5545 2 2 2 11 2595 2852 3738
5546 2 2 2 11 3738 116 2595
5547 2 2 2 11 2663 1173 3573
5548 2 2 2 11 2408 1237 3573
5549 2 2 2 11 2663 3573 1237
5550 2 2 2 11 2661 1170 3572
5551 2 2 2 11 2407 1236 3572
5552 2 2 2 11 2661 3572 1236
5553 2 2 2 11 2662 1172 3571
5554 2 2 2 11 2405 1234 3571
5555 2 2 2 11 2662 3571 1234
5556 2 2 2 11 2664 1171 3570
5557 2 2 2 11 2406 1235 3570
5558 2 2 2 11 2664 3570 1235
5559 2 2 2 11 3109 1312 3750
5560 2 2 2 11 3750 523 3109
5561 2 2 2 11 3750 1312 3208
5562 2 2 2 11 3108 1311 3751
5563 2 2 2 11 3751 522 3108
5564 2 2 2 11 3751 1311 3209
5565 2 2 2 11 3107 1310 3752
5566 2 2 2 11 3752 521 3107
5567 2 2 2 11 3752 1310 3210
5568 2 2 2 11 3110 1313 3753
5569 2 2 2 11 3753 524 3110
5570 2 2 2 11 3753 1313 3211
5571 2 2 2 11 3012 3017 1388
5572 2 2 2 11 3012 2743 3017
5573 2 2 2 11 3011 3014 1387
5574 2 2 2 11 3011 2742 3014
5575 2 2 2 11 3010 3015 1386
5576 2 2 2 11 3010 2745 3015
5577 2 2 2 11 3013 3016 1389
5578 2 2 2 11 3013 2744 3016
5579 2 2 2 11 158 3423 157
5580 2 2 2 11 158 3650 3423
5581 2 2 2 11 3523 2254 2075
5582 2 2 2 11 3637 3375 469
5583 2 2 2 11 1829 3375 3637
5584 2 2 2 11 3637 1924 1829
5585 2 2 2 11 3491 1532 208
5586 2 2 2 11 208 209 3491
5587 2 2 2 11 3043 1532 3491
5588 2 2 2 11 3492 1533 338
5589 2 2 2 11 338 339 3492
5590 2 2 2 11 3042 1533 3492
5591 2 2 2 11 3493 1535 273
5592 2 2 2 11 273 274 3493
5593 2 2 2 11 3041 1535 3493
5594 2 2 2 11 3494 1534 143
5595 2 2 2 11 143 144 3494
5596 2 2 2 11 3040 1534 3494
5597 2 2 2 11 141 142 3422
5598 2 2 2 11 3422 2429 141
5599 2 2 2 11 3483 3422 2378
5600 2 2 2 11 2429 3422 3483
5601 2 2 2 11 271 272 3421
5602 2 2 2 11 3421 2431 271
5603 2 2 2 11 3486 3421 2380
5604 2 2 2 11 2431 3421 3486
5605 2 2 2 11 336 337 3420
5606 2 2 2 11 3420 2432 336
5607 2 2 2 11 3485 3420 2381
5608 2 2 2 11 2432 3420 3485
5609 2 2 2 11 206 207 3419
5610 2 2 2 11 3419 2430 206
5611 2 2 2 11 3484 3419 2379
5612 2 2 2 11 2430 3419 3484
5613 2 2 2 11 3703 3692 2142
5614 2 2 2 11 3692 2007 2337
5615 2 2 2 11 2337 1379 3692
5616 2 2 2 11 2007 3692 3703
5617 2 2 2 11 3702 3691 2143
5618 2 2 2 11 3691 2005 2335
5619 2 2 2 11 2335 1378 3691
5620 2 2 2 11 2005 3691 3702
5621 2 2 2 11 3701 3690 2144
5622 2 2 2 11 3690 2006 2336
5623 2 2 2 11 2336 1380 3690
5624 2 2 2 11 2006 3690 3701
5625 2 2 2 11 3695 350 2053
5626 2 2 2 11 2053 857 3695
5627 2 2 2 11 349 3695 2063
5628 2 2 2 11 349 350 3695
5629 2 2 2 11 3694 220 2054
5630 2 2 2 11 2054 858 3694
5631 2 2 2 11 219 3694 2064
5632 2 2 2 11 219 220 3694
5633 2 2 2 11 3693 285 2052
5634 2 2 2 11 2052 859 3693
5635 2 2 2 11 284 3693 2065
5636 2 2 2 11 284 285 3693
5637 2 2 2 11 3619 3376 472
5638 2 2 2 11 1831 3376 3619
5639 2 2 2 11 3619 1938 1831
5640 2 2 2 11 3618 3378 470
5641 2 2 2 11 1830 3378 3618
5642 2 2 2 11 3618 1939 1830
5643 2 2 2 11 3617 3377 471
5644 2 2 2 11 1832 3377 3617
5645 2 2 2 11 3617 1937 1832
5646 2 2 2 11 3782 1882 1848
5647 2 2 2 11 3783 1881 1846
5648 2 2 2 11 3784 1880 1849
5649 2 2 2 11 3781 1879 1847
5650 2 2 2 11 2893 430 766
5651 2 2 2 11 1609 430 2893
5652 2 2 2 11 2894 431 767
5653 2 2 2 11 1610 431 2894
5654 2 2 2 11 2895 432 768
5655 2 2 2 11 1611 432 2895
5656 2 2 2 11 2892 429 765
5657 2 2 2 11 1608 429 2892
5658 2 2 2 11 2679 2353 3734
5659 2 2 2 11 3734 10 2679
5660 2 2 2 11 11 10 3734
5661 2 2 2 11 2676 2351 3735
5662 2 2 2 11 3735 35 2676
5663 2 2 2 11 36 35 3735
5664 2 2 2 11 2678 2352 3736
5665 2 2 2 11 3736 60 2678
5666 2 2 2 11 61 60 3736
5667 2 2 2 11 2677 2350 3737
5668 2 2 2 11 3737 85 2677
5669 2 2 2 11 86 85 3737
5670 2 2 2 11 3711 1055 2377
5671 2 2 2 11 2377 596 3711
5672 2 2 2 11 3711 596 1652
5673 2 2 2 11 3713 1056 2376
5674 2 2 2 11 2376 595 3713
5675 2 2 2 11 3713 595 1653
5676 2 2 2 11 3712 1057 2375
5677 2 2 2 11 2375 594 3712
5678 2 2 2 11 3712 594 1654
5679 2 2 2 11 1829 2820 2261
5680 2 2 2 11 3539 2101 1855
5681 2 2 2 11 3538 2103 1857
5682 2 2 2 11 3537 2102 1856
5683 2 2 2 11 3536 2100 1854
5684 2 2 2 11 160 3523 159
5685 2 2 2 11 2254 3523 160
5686 2 2 2 11 3789 855 619
5687 2 2 2 11 3140 3789 619
5688 2 2 2 11 3789 3140 3115
5689 2 2 2 11 3791 856 617
5690 2 2 2 11 3141 3791 617
5691 2 2 2 11 3791 3141 3117
5692 2 2 2 11 3792 853 620
5693 2 2 2 11 3143 3792 620
5694 2 2 2 11 3792 3143 3116
5695 2 2 2 11 3790 854 618
5696 2 2 2 11 3142 3790 618
5697 2 2 2 11 3790 3142 3114
5698 2 2 2 11 3508 920 3498
5699 2 2 2 11 3511 922 3497
5700 2 2 2 11 3510 919 3496
5701 2 2 2 11 3509 921 3495
5702 2 2 2 11 3726 2631 1266
5703 2 2 2 11 2631 2976 3067
5704 2 2 2 11 2631 3726 2976
5705 2 2 2 11 3729 2632 1269
5706 2 2 2 11 2632 2979 3065
5707 2 2 2 11 2632 3729 2979
5708 2 2 2 11 3728 2633 1268
5709 2 2 2 11 2633 2978 3064
5710 2 2 2 11 2633 3728 2978
5711 2 2 2 11 3727 2634 1267
5712 2 2 2 11 2634 2977 3066
5713 2 2 2 11 2634 3727 2977
5714 2 2 2 11 148 3682 147
5715 2 2 2 11 2213 3682 148
5716 2 2 2 11 3126 1193 522
5717 2 2 2 11 3751 3126 522
5718 2 2 2 11 712 3126 3209
5719 2 2 2 11 3209 3126 3751
5720 2 2 2 11 3127 1194 521
5721 2 2 2 11 3752 3127 521
5722 2 2 2 11 711 3127 3210
5723 2 2 2 11 3210 3127 3752
5724 2 2 2 11 3128 1195 524
5725 2 2 2 11 3753 3128 524
5726 2 2 2 11 714 3128 3211
5727 2 2 2 11 3211 3128 3753
5728 2 2 2 11 3129 1196 523
5729 2 2 2 11 3750 3129 523
5730 2 2 2 11 713 3129 3208
5731 2 2 2 11 3208 3129 3750
5732 2 2 2 11 3021 2706 3214
5733 2 2 2 11 3023 2708 3216
5734 2 2 2 11 3024 2709 3217
5735 2 2 2 11 3022 2707 3215
5736 2 2 2 11 1116 1274 3502
5737 2 2 2 11 3212 2484 3502
5738 2 2 2 11 824 1967 3814
5739 2 2 2 11 3814 1967 1858
5740 2 2 2 11 1858 1842 3814
5741 2 2 2 11 821 1966 3817
5742 2 2 2 11 3817 1966 1861
5743 2 2 2 11 1861 1843 3817
5744 2 2 2 11 822 1965 3816
5745 2 2 2 11 3816 1965 1860
5746 2 2 2 11 1860 1844 3816
5747 2 2 2 11 823 1964 3815
5748 2 2 2 11 3815 1964 1859
5749 2 2 2 11 1859 1845 3815
5750 2 2 2 11 3607 832 1834
5751 2 2 2 11 1834 1840 3607
5752 2 2 2 11 2645 832 3607
5753 2 2 2 11 3611 830 1836
5754 2 2 2 11 1836 1838 3611
5755 2 2 2 11 2644 830 3611
5756 2 2 2 11 3610 829 1837
5757 2 2 2 11 1837 1839 3610
5758 2 2 2 11 2643 829 3610
5759 2 2 2 11 3609 831 1835
5760 2 2 2 11 1835 1841 3609
5761 2 2 2 11 2642 831 3609
5762 2 2 2 11 3172 381 2820
5763 2 2 2 11 2820 1829 1924
5764 2 2 2 11 2981 2820 1924
5765 2 2 2 11 3172 2820 2981
5766 2 2 2 11 343 3394 342
5767 2 2 2 11 2210 3394 343
5768 2 2 2 11 278 3392 277
5769 2 2 2 11 2212 3392 278
5770 2 2 2 11 213 3393 212
5771 2 2 2 11 2211 3393 213
5772 2 2 2 11 842 1853 3802
5773 2 2 2 11 3802 1957 842
5774 2 2 2 11 1957 3802 3522
5775 2 2 2 11 843 1852 3803
5776 2 2 2 11 3803 1960 843
5777 2 2 2 11 1960 3803 3521
5778 2 2 2 11 844 1851 3804
5779 2 2 2 11 3804 1959 844
5780 2 2 2 11 1959 3804 3520
5781 2 2 2 11 845 1850 3805
5782 2 2 2 11 3805 1958 845
5783 2 2 2 11 1958 3805 3519
5784 2 2 2 11 2876 3328 3189
5785 2 2 2 11 2954 3328 2876
5786 2 2 2 11 2877 3329 3187
5787 2 2 2 11 2953 3329 2877
5788 2 2 2 11 2878 3330 3188
5789 2 2 2 11 2952 3330 2878
5790 2 2 2 11 2879 3331 3186
5791 2 2 2 11 2955 3331 2879
5792 2 2 2 11 2776 579 556
5793 2 2 2 11 977 579 2776
5794 2 2 2 11 2775 578 555
5795 2 2 2 11 976 578 2775
5796 2 2 2 11 2774 577 554
5797 2 2 2 11 975 577 2774
5798 2 2 2 11 3447 3067 2976
5799 2 2 2 11 1393 3447 2976
5800 2 2 2 11 3447 427 3341
5801 2 2 2 11 1393 427 3447
5802 2 2 2 11 3446 3066 2977
5803 2 2 2 11 1394 3446 2977
5804 2 2 2 11 3446 425 3339
5805 2 2 2 11 1394 425 3446
5806 2 2 2 11 3445 3065 2979
5807 2 2 2 11 1396 3445 2979
5808 2 2 2 11 3445 428 3340
5809 2 2 2 11 1396 428 3445
5810 2 2 2 11 3444 3064 2978
5811 2 2 2 11 1395 3444 2978
5812 2 2 2 11 3444 426 3342
5813 2 2 2 11 1395 426 3444
5814 2 2 2 11 1875 3548 3423
5815 2 2 2 11 3548 1054 2404
5816 2 2 2 11 1833 2501 3776
5817 2 2 2 11 155 2404 3776
5818 2 2 2 11 1238 2020 3586
5819 2 2 2 11 1238 3586 1707
5820 2 2 2 11 3543 1707 3586
5821 2 2 2 11 1929 3506 3681
5822 2 2 2 11 3681 824 1929
5823 2 2 2 11 1932 3505 3680
5824 2 2 2 11 3680 821 1932
5825 2 2 2 11 1931 3503 3679
5826 2 2 2 11 3679 823 1931
5827 2 2 2 11 1930 3504 3678
5828 2 2 2 11 3678 822 1930
5829 2 2 2 11 588 3295 3775
5830 2 2 2 11 3775 3295 3347
5831 2 2 2 11 1241 2021 3589
5832 2 2 2 11 1241 3589 1708
5833 2 2 2 11 3544 1708 3589
5834 2 2 2 11 1240 2022 3588
5835 2 2 2 11 1240 3588 1710
5836 2 2 2 11 3545 1710 3588
5837 2 2 2 11 1239 2023 3587
5838 2 2 2 11 1239 3587 1709
5839 2 2 2 11 3546 1709 3587
5840 2 2 2 11 1751 1350 3155
5841 2 2 2 11 1752 1351 3152
5842 2 2 2 11 1753 1352 3153
5843 2 2 2 11 1754 1353 3154
5844 2 2 2 11 1093 2568 3138
5845 2 2 2 11 2568 1093 3836
5846 2 2 2 11 2568 1162 3138
5847 2 2 2 11 2556 1394 2977
5848 2 2 2 11 3030 2556 3727
5849 2 2 2 11 3727 2556 2977
5850 2 2 2 11 2557 1393 2976
5851 2 2 2 11 3029 2557 3726
5852 2 2 2 11 3726 2557 2976
5853 2 2 2 11 2558 1395 2978
5854 2 2 2 11 3031 2558 3728
5855 2 2 2 11 3728 2558 2978
5856 2 2 2 11 2559 1396 2979
5857 2 2 2 11 3032 2559 3729
5858 2 2 2 11 3729 2559 2979
5859 2 2 2 11 1977 105 3601
5860 2 2 2 11 3601 2015 1977
5861 2 2 2 11 3601 105 104
5862 2 2 2 11 1978 55 3600
5863 2 2 2 11 3600 2013 1978
5864 2 2 2 11 3600 55 54
5865 2 2 2 11 1976 80 3599
5866 2 2 2 11 3599 2012 1976
5867 2 2 2 11 3599 80 79
5868 2 2 2 11 1979 30 3598
5869 2 2 2 11 3598 2014 1979
5870 2 2 2 11 3598 30 29
5871 2 2 2 11 3505 1932 817
5872 2 2 2 11 3504 1930 818
5873 2 2 2 11 3503 1931 819
5874 2 2 2 11 3506 1929 820
5875 2 2 2 11 2231 3811 2300
5876 2 2 2 11 3811 2242 2300
5877 2 2 2 11 3414 2242 3811
5878 2 2 2 11 2233 3813 2302
5879 2 2 2 11 3813 2244 2302
5880 2 2 2 11 3413 2244 3813
5881 2 2 2 11 2232 3812 2301
5882 2 2 2 11 3812 2243 2301
5883 2 2 2 11 3412 2243 3812
5884 2 2 2 11 3118 1262 3296
5885 2 2 2 11 3119 1263 3297
5886 2 2 2 11 3120 1264 3298
5887 2 2 2 11 3121 1265 3294
5888 2 2 2 11 323 1942 3430
5889 2 2 2 11 3465 3430 1892
5890 2 2 2 11 128 1941 3429
5891 2 2 2 11 3467 3429 1894
5892 2 2 2 11 258 1943 3428
5893 2 2 2 11 3466 3428 1893
5894 2 2 2 11 193 1940 3431
5895 2 2 2 11 3464 3431 1891
5896 2 2 2 11 2971 3260 2649
5897 2 2 2 11 2970 3261 2650
5898 2 2 2 11 2969 3262 2651
5899 2 2 2 11 2968 3263 2652
5900 2 2 2 11 3807 1459 2297
5901 2 2 2 11 2297 2167 3807
5902 2 2 2 11 2644 1459 3807
5903 2 2 2 11 3806 1458 2298
5904 2 2 2 11 2298 2166 3806
5905 2 2 2 11 2643 1458 3806
5906 2 2 2 11 3808 1456 2299
5907 2 2 2 11 2299 2168 3808
5908 2 2 2 11 2642 1456 3808
5909 2 2 2 11 3797 1457 2296
5910 2 2 2 11 2296 2160 3797
5911 2 2 2 11 2645 1457 3797
5912 2 2 2 11 3742 437 1597
5913 2 2 2 11 1597 3443 3742
5914 2 2 2 11 3742 3443 1739
5915 2 2 2 11 3745 440 1598
5916 2 2 2 11 1598 3442 3745
5917 2 2 2 11 3745 3442 1742
5918 2 2 2 11 3744 439 1599
5919 2 2 2 11 1599 3441 3744
5920 2 2 2 11 3744 3441 1741
5921 2 2 2 11 3743 438 1600
5922 2 2 2 11 1600 3440 3743
5923 2 2 2 11 3743 3440 1740
5924 2 2 2 11 1830 2898 2199
5925 2 2 2 11 2199 2898 2512
5926 2 2 2 11 2898 2293 2512
5927 2 2 2 11 1832 2899 2201
5928 2 2 2 11 2201 2899 2514
5929 2 2 2 11 2899 2295 2514
5930 2 2 2 11 1831 2900 2200
5931 2 2 2 11 2200 2900 2513
5932 2 2 2 11 2900 2294 2513
5933 2 2 2 11 2683 2289 3178
5934 2 2 2 11 3178 2289 672
5935 2 2 2 11 2665 2683 3178
5936 2 2 2 11 2680 2290 3179
5937 2 2 2 11 3179 2290 673
5938 2 2 2 11 2666 2680 3179
5939 2 2 2 11 2681 2291 3180
5940 2 2 2 11 3180 2291 674
5941 2 2 2 11 2667 2681 3180
5942 2 2 2 11 2682 2292 3181
5943 2 2 2 11 3181 2292 675
5944 2 2 2 11 2668 2682 3181
5945 2 2 2 11 457 453 3222
5946 2 2 2 11 3222 453 2933
5947 2 2 2 11 457 3222 641
5948 2 2 2 11 641 3222 1593
5949 2 2 2 11 458 454 3223
5950 2 2 2 11 3223 454 2934
5951 2 2 2 11 458 3223 642
5952 2 2 2 11 642 3223 1594
5953 2 2 2 11 459 456 3224
5954 2 2 2 11 3224 456 2935
5955 2 2 2 11 459 3224 643
5956 2 2 2 11 643 3224 1595
5957 2 2 2 11 460 455 3225
5958 2 2 2 11 3225 455 2936
5959 2 2 2 11 460 3225 644
5960 2 2 2 11 644 3225 1596
5961 2 2 2 11 3099 1863 2364
5962 2 2 2 11 2818 2280 3099
5963 2 2 2 11 2818 3099 2364
5964 2 2 2 11 3100 1864 2365
5965 2 2 2 11 2816 2281 3100
5966 2 2 2 11 2816 3100 2365
5967 2 2 2 11 3101 1865 2367
5968 2 2 2 11 2819 2283 3101
5969 2 2 2 11 2819 3101 2367
5970 2 2 2 11 3102 1862 2366
5971 2 2 2 11 2817 2282 3102
5972 2 2 2 11 2817 3102 2366
5973 2 2 2 11 658 3090 743
5974 2 2 2 11 3090 658 1735
5975 2 2 2 11 3090 799 743
5976 2 2 2 11 799 3090 1713
5977 2 2 2 11 659 3091 744
5978 2 2 2 11 3091 659 1736
5979 2 2 2 11 3091 798 744
5980 2 2 2 11 798 3091 1712
5981 2 2 2 11 657 3092 742
5982 2 2 2 11 3092 657 1737
5983 2 2 2 11 3092 800 742
5984 2 2 2 11 800 3092 1714
5985 2 2 2 11 656 3093 741
5986 2 2 2 11 3093 656 1738
5987 2 2 2 11 3093 797 741
5988 2 2 2 11 797 3093 1711
5989 2 2 2 11 2248 1886 3484
5990 2 2 2 11 3484 1886 2430
5991 2 2 2 11 3484 2070 2248
5992 2 2 2 11 3656 2070 3484
5993 2 2 2 11 2379 3656 3484
5994 2 2 2 11 2246 1884 3486
5995 2 2 2 11 3486 1884 2431
5996 2 2 2 11 3486 2071 2246
5997 2 2 2 11 3657 2071 3486
5998 2 2 2 11 2380 3657 3486
5999 2 2 2 11 2247 1885 3485
6000 2 2 2 11 3485 1885 2432
6001 2 2 2 11 3485 2072 2247
6002 2 2 2 11 3658 2072 3485
6003 2 2 2 11 2381 3658 3485
6004 2 2 2 11 2245 1883 3483
6005 2 2 2 11 3483 1883 2429
6006 2 2 2 11 3483 2073 2245
6007 2 2 2 11 3655 2073 3483
6008 2 2 2 11 2378 3655 3483
6009 2 2 2 11 1702 1503 1623
6010 2 2 2 11 1503 1702 1730
6011 2 2 2 11 1592 1730 1702
6012 2 2 2 11 3043 3656 1532
6013 2 2 2 11 1532 3656 2379
6014 2 2 2 11 3043 1708 3656
6015 2 2 2 11 3042 3658 1533
6016 2 2 2 11 1533 3658 2381
6017 2 2 2 11 3042 1710 3658
6018 2 2 2 11 3041 3657 1535
6019 2 2 2 11 1535 3657 2380
6020 2 2 2 11 3041 1709 3657
6021 2 2 2 11 3040 3655 1534
6022 2 2 2 11 1534 3655 2378
6023 2 2 2 11 3040 1707 3655
6024 2 2 2 11 3495 814 3565
6025 2 2 2 11 3365 3495 3565
6026 2 2 2 11 3497 813 3564
6027 2 2 2 11 3367 3497 3564
6028 2 2 2 11 3496 815 3563
6029 2 2 2 11 3366 3496 3563
6030 2 2 2 11 3498 816 3566
6031 2 2 2 11 3364 3498 3566
6032 2 2 2 11 2738 3235 528
6033 2 2 2 11 3286 3235 543
6034 2 2 2 11 543 3235 2738
6035 2 2 2 11 2740 3237 526
6036 2 2 2 11 3288 3237 545
6037 2 2 2 11 545 3237 2740
6038 2 2 2 11 2741 3238 525
6039 2 2 2 11 3289 3238 544
6040 2 2 2 11 544 3238 2741
6041 2 2 2 11 2739 3236 527
6042 2 2 2 11 3287 3236 542
6043 2 2 2 11 542 3236 2739
6044 2 2 2 11 1095 2577 3136
6045 2 2 2 11 2577 1095 3839
6046 2 2 2 11 2577 1163 3136
6047 2 2 2 11 1096 2578 3135
6048 2 2 2 11 2578 1096 3837
6049 2 2 2 11 2578 1164 3135
6050 2 2 2 11 1094 2579 3137
6051 2 2 2 11 2579 1094 3838
6052 2 2 2 11 2579 1165 3137
6053 2 2 2 11 3822 2100 3343
6054 2 2 2 11 3343 605 3822
6055 2 2 2 11 3825 2102 3344
6056 2 2 2 11 3344 607 3825
6057 2 2 2 11 3824 2103 3345
6058 2 2 2 11 3345 608 3824
6059 2 2 2 11 3823 2101 3346
6060 2 2 2 11 3346 606 3823
6061 2 2 2 11 472 3363 3403
6062 2 2 2 11 1814 1887 3403
6063 2 2 2 11 3560 1814 3403
6064 2 2 2 11 3363 3560 3403
6065 2 2 2 11 470 3361 3402
6066 2 2 2 11 1813 1888 3402
6067 2 2 2 11 3561 1813 3402
6068 2 2 2 11 3361 3561 3402
6069 2 2 2 11 471 3362 3401
6070 2 2 2 11 1815 1889 3401
6071 2 2 2 11 3559 1815 3401
6072 2 2 2 11 3362 3559 3401
6073 2 2 2 11 469 3356 3400
6074 2 2 2 11 1816 1890 3400
6075 2 2 2 11 3558 1816 3400
6076 2 2 2 11 3356 3558 3400
6077 2 2 2 11 3297 1263 2343
6078 2 2 2 11 3297 2343 2941
6079 2 2 2 11 2343 2993 2941
6080 2 2 2 11 3298 1264 2345
6081 2 2 2 11 3298 2345 2943
6082 2 2 2 11 2345 2992 2943
6083 2 2 2 11 3296 1262 2344
6084 2 2 2 11 3296 2344 2942
6085 2 2 2 11 2344 2991 2942
6086 2 2 2 11 3294 1265 2342
6087 2 2 2 11 3294 2342 2940
6088 2 2 2 11 2342 2990 2940
6089 2 2 2 11 2195 2326 3247
6090 2 2 2 11 2192 2325 3244
6091 2 2 2 11 2194 2324 3245
6092 2 2 2 11 2193 2323 3246
6093 2 2 2 11 2151 981 3688
6094 2 2 2 11 981 2637 3688
6095 2 2 2 11 1540 2148 3688
6096 2 2 2 11 2151 3688 2148
6097 2 2 2 11 2149 979 3687
6098 2 2 2 11 979 2636 3687
6099 2 2 2 11 1538 2146 3687
6100 2 2 2 11 2149 3687 2146
6101 2 2 2 11 2150 980 3686
6102 2 2 2 11 980 2635 3686
6103 2 2 2 11 1539 2147 3686
6104 2 2 2 11 2150 3686 2147
6105 2 2 2 11 3311 1360 3008
6106 2 2 2 11 3312 1359 3009
6107 2 2 2 11 3313 1361 3007
6108 2 2 2 11 3314 1358 3006
6109 2 2 2 11 3665 476 3830
6110 2 2 2 11 3367 3699 3830
6111 2 2 2 11 3667 474 3829
6112 2 2 2 11 3366 3698 3829
6113 2 2 2 11 3666 475 3828
6114 2 2 2 11 3365 3697 3828
6115 2 2 2 11 3664 473 3827
6116 2 2 2 11 3364 3700 3827
6117 2 2 2 11 2075 978 3689
6118 2 2 2 11 978 2638 3689
6119 2 2 2 11 1537 2173 3689
6120 2 2 2 11 2075 3689 2173
6121 2 2 2 11 2855 1169 523
6122 2 2 2 11 2783 2855 523
6123 2 2 2 11 2532 2855 544
6124 2 2 2 11 1169 2855 2532
6125 2 2 2 11 2856 1168 524
6126 2 2 2 11 2782 2856 524
6127 2 2 2 11 2530 2856 545
6128 2 2 2 11 1168 2856 2530
6129 2 2 2 11 2857 1166 522
6130 2 2 2 11 2781 2857 522
6131 2 2 2 11 2533 2857 543
6132 2 2 2 11 1166 2857 2533
6133 2 2 2 11 2858 1167 521
6134 2 2 2 11 2784 2858 521
6135 2 2 2 11 2531 2858 542
6136 2 2 2 11 1167 2858 2531
6137 2 2 2 11 3576 1838 1836
6138 2 2 2 11 3634 3831 3576
6139 2 2 2 11 3634 3576 1836
6140 2 2 2 11 3575 1839 1837
6141 2 2 2 11 3635 3833 3575
6142 2 2 2 11 3635 3575 1837
6143 2 2 2 11 3574 1841 1835
6144 2 2 2 11 3636 3832 3574
6145 2 2 2 11 3636 3574 1835
6146 2 2 2 11 3577 1840 1834
6147 2 2 2 11 3633 3834 3577
6148 2 2 2 11 3633 3577 1834
6149 2 2 2 11 3453 274 275
6150 2 2 2 11 274 3453 3493
6151 2 2 2 11 3453 2023 1239
6152 2 2 2 11 3493 3453 1239
6153 2 2 2 11 3454 339 340
6154 2 2 2 11 339 3454 3492
6155 2 2 2 11 3454 2022 1240
6156 2 2 2 11 3492 3454 1240
6157 2 2 2 11 3455 209 210
6158 2 2 2 11 209 3455 3491
6159 2 2 2 11 3455 2021 1241
6160 2 2 2 11 3491 3455 1241
6161 2 2 2 11 3452 144 145
6162 2 2 2 11 144 3452 3494
6163 2 2 2 11 3452 2020 1238
6164 2 2 2 11 3494 3452 1238
6165 2 2 2 11 2360 2615 3072
6166 2 2 2 11 2360 2528 2615
6167 2 2 2 11 2363 2617 3074
6168 2 2 2 11 2363 2527 2617
6169 2 2 2 11 2361 2618 3075
6170 2 2 2 11 2361 2526 2618
6171 2 2 2 11 2362 2616 3073
6172 2 2 2 11 2362 2525 2616
6173 2 2 2 11 1435 3236 561
6174 2 2 2 11 2865 561 3236
6175 2 2 2 11 3287 2865 3236
6176 2 2 2 11 1434 3235 562
6177 2 2 2 11 2866 562 3235
6178 2 2 2 11 3286 2866 3235
6179 2 2 2 11 1432 3237 564
6180 2 2 2 11 2864 564 3237
6181 2 2 2 11 3288 2864 3237
6182 2 2 2 11 1433 3238 563
6183 2 2 2 11 2863 563 3238
6184 2 2 2 11 3289 2863 3238
6185 2 2 2 11 3311 2284 1053
6186 2 2 2 11 3311 2901 2284
6187 2 2 2 11 3312 2285 1052
6188 2 2 2 11 3312 2904 2285
6189 2 2 2 11 3313 2286 1051
6190 2 2 2 11 3313 2903 2286
6191 2 2 2 11 3314 2287 1050
6192 2 2 2 11 3314 2902 2287
6193 2 2 2 11 3145 1287 2235
6194 2 2 2 11 2235 1287 2955
6195 2 2 2 11 2235 2056 3145
6196 2 2 2 11 3146 1289 2237
6197 2 2 2 11 2237 1289 2953
6198 2 2 2 11 2237 2058 3146
6199 2 2 2 11 3147 1288 2234
6200 2 2 2 11 2234 1288 2954
6201 2 2 2 11 2234 2055 3147
6202 2 2 2 11 3144 1290 2236
6203 2 2 2 11 2236 1290 2952
6204 2 2 2 11 2236 2057 3144
6205 2 2 2 11 3264 1394 956
6206 2 2 2 11 3264 956 2346
6207 2 2 2 11 3266 1393 955
6208 2 2 2 11 3266 955 2347
6209 2 2 2 11 3267 1396 958
6210 2 2 2 11 3267 958 2349
6211 2 2 2 11 3265 1395 957
6212 2 2 2 11 3265 957 2348
6213 2 2 2 11 2968 1460 3263
6214 2 2 2 11 2969 1461 3262
6215 2 2 2 11 2971 1463 3260
6216 2 2 2 11 2970 1462 3261
6217 2 2 2 11 3202 2174 2401
6218 2 2 2 11 3202 2401 2462
6219 2 2 2 11 3203 2175 2402
6220 2 2 2 11 3203 2402 2461
6221 2 2 2 11 3204 2176 2403
6222 2 2 2 11 3204 2403 2463
6223 2 2 2 11 3214 1636 1564
6224 2 2 2 11 1564 376 3214
6225 2 2 2 11 3216 1638 1566
6226 2 2 2 11 1566 373 3216
6227 2 2 2 11 3217 1637 1567
6228 2 2 2 11 1567 375 3217
6229 2 2 2 11 3215 1639 1565
6230 2 2 2 11 1565 374 3215
6231 2 2 2 11 1159 926 2920
6232 2 2 2 11 2920 926 1308
6233 2 2 2 11 3337 2920 1308
6234 2 2 2 11 1157 925 2922
6235 2 2 2 11 2922 925 1309
6236 2 2 2 11 3338 2922 1309
6237 2 2 2 11 1158 923 2923
6238 2 2 2 11 2923 923 1307
6239 2 2 2 11 3336 2923 1307
6240 2 2 2 11 1160 924 2921
6241 2 2 2 11 2921 924 1306
6242 2 2 2 11 3335 2921 1306
6243 2 2 2 11 507 2276 3164
6244 2 2 2 11 2985 2276 507
6245 2 2 2 11 2985 515 2276
6246 2 2 2 11 508 2275 3165
6247 2 2 2 11 2984 2275 508
6248 2 2 2 11 2984 516 2275
6249 2 2 2 11 506 2274 3166
6250 2 2 2 11 2983 2274 506
6251 2 2 2 11 2983 514 2274
6252 2 2 2 11 505 2273 3167
6253 2 2 2 11 2982 2273 505
6254 2 2 2 11 2982 513 2273
6255 2 2 2 11 3393 2007 3703
6256 2 2 2 11 2142 2021 3703
6257 2 2 2 11 3630 3703 2021
6258 2 2 2 11 3392 2005 3702
6259 2 2 2 11 2143 2023 3702
6260 2 2 2 11 3631 3702 2023
6261 2 2 2 11 3394 2006 3701
6262 2 2 2 11 2144 2022 3701
6263 2 2 2 11 3632 3701 2022
6264 2 2 2 11 2594 247 248
6265 2 2 2 11 2594 248 3592
6266 2 2 2 11 2594 1996 2257
6267 2 2 2 11 2594 3592 1996
6268 2 2 2 11 2594 2257 2851
6269 2 2 2 11 2595 117 118
6270 2 2 2 11 2595 118 3590
6271 2 2 2 11 2595 1997 2258
6272 2 2 2 11 2595 3590 1997
6273 2 2 2 11 2595 2258 2852
6274 2 2 2 11 2596 312 313
6275 2 2 2 11 2596 313 3591
6276 2 2 2 11 2596 1998 2259
6277 2 2 2 11 2596 3591 1998
6278 2 2 2 11 2596 2259 2853
6279 2 2 2 11 2597 182 183
6280 2 2 2 11 2597 183 3593
6281 2 2 2 11 2597 1999 2260
6282 2 2 2 11 2597 3593 1999
6283 2 2 2 11 2597 2260 2854
6284 2 2 2 11 3646 1101 1210
6285 2 2 2 11 2639 3646 1210
6286 2 2 2 11 3647 1102 1211
6287 2 2 2 11 2640 3647 1211
6288 2 2 2 11 3648 1103 1212
6289 2 2 2 11 2641 3648 1212
6290 2 2 2 11 1800 1802 3679
6291 2 2 2 11 1800 3679 3503
6292 2 2 2 11 1799 1803 3678
6293 2 2 2 11 1799 3678 3504
6294 2 2 2 11 1798 1804 3680
6295 2 2 2 11 1798 3680 3505
6296 2 2 2 11 1797 1801 3681
6297 2 2 2 11 1797 3681 3506
6298 2 2 2 11 145 146 3608
6299 2 2 2 11 145 3608 3452
6300 2 2 2 11 3536 1854 1328
6301 2 2 2 11 3538 1857 1327
6302 2 2 2 11 3539 1855 1329
6303 2 2 2 11 3537 1856 1326
6304 2 2 2 11 3841 1550 1142
6305 2 2 2 11 1142 2775 3841
6306 2 2 2 11 3842 1549 1143
6307 2 2 2 11 1143 2776 3842
6308 2 2 2 11 3843 1551 1141
6309 2 2 2 11 1141 2774 3843
6310 2 2 2 11 1941 129 3844
6311 2 2 2 11 2806 2050 3844
6312 2 2 2 11 3844 2050 1941
6313 2 2 2 11 1940 194 3845
6314 2 2 2 11 2804 2048 3845
6315 2 2 2 11 3845 2048 1940
6316 2 2 2 11 1942 324 3846
6317 2 2 2 11 2805 2049 3846
6318 2 2 2 11 3846 2049 1942
6319 2 2 2 11 1943 259 3847
6320 2 2 2 11 2807 2051 3847
6321 2 2 2 11 3847 2051 1943
6322 2 2 2 11 290 2253 3848
6323 2 2 2 11 3848 2253 2150
6324 2 2 2 11 355 2256 3849
6325 2 2 2 11 3849 2256 2149
6326 2 2 2 11 225 2255 3850
6327 2 2 2 11 3850 2255 2151
6328 2 2 2 11 3851 765 777
6329 2 2 2 11 3852 767 779
6330 2 2 2 11 3853 768 780
6331 2 2 2 11 3854 766 778
6332 2 2 2 11 139 140 3860
6333 2 2 2 11 204 205 3861
6334 2 2 2 11 269 270 3862
6335 2 2 2 11 334 335 3863
6336 2 2 2 11 3864 1418 1550
6337 2 2 2 11 1550 3841 3864
6338 2 2 2 11 3865 1417 1549
6339 2 2 2 11 1549 3842 3865
6340 2 2 2 11 3866 1419 1551
6341 2 2 2 11 1551 3843 3866
6342 2 2 2 11 3867 267 268
6343 2 2 2 11 3867 1327 1857
6344 2 2 2 11 3868 332 333
6345 2 2 2 11 3868 1326 1856
6346 2 2 2 11 3869 202 203
6347 2 2 2 11 3869 1329 1855
6348 2 2 2 11 3870 137 138
6349 2 2 2 11 3870 1328 1854
6350 2 2 2 11 162 2999 3871
6351 2 2 2 11 3871 2999 1199
6352 2 2 2 11 227 3000 3872
6353 2 2 2 11 3872 3000 1200
6354 2 2 2 11 357 2998 3873
6355 2 2 2 11 3873 2998 1198
6356 2 2 2 11 292 3001 3874
6357 2 2 2 11 3874 3001 1197
6358 2 2 2 11 1531 1280 3875
6359 2 2 2 11 3311 3008 3875
6360 2 2 2 11 3875 3008 1531
6361 2 2 2 11 1529 1282 3876
6362 2 2 2 11 3314 3006 3876
6363 2 2 2 11 3876 3006 1529
6364 2 2 2 11 1530 1279 3877
6365 2 2 2 11 3313 3007 3877
6366 2 2 2 11 3877 3007 1530
6367 2 2 2 11 1528 1281 3878
6368 2 2 2 11 3312 3009 3878
6369 2 2 2 11 3878 3009 1528
6370 2 2 2 11 3880 1520 695
6371 2 2 2 11 695 2974 3880
6372 2 2 2 11 3881 1523 698
6373 2 2 2 11 698 2975 3881
6374 2 2 2 11 3882 1522 697
6375 2 2 2 11 697 2972 3882
6376 2 2 2 11 3883 1521 696
6377 2 2 2 11 696 2973 3883
6378 2 2 2 11 3884 2970 2650
6379 2 2 2 11 3885 2968 2652
6380 2 2 2 11 3886 2971 2649
6381 2 2 2 11 3887 2969 2651
6382 2 2 2 11 2996 1793 3888
6383 2 2 2 11 3888 2705 2996
6384 2 2 2 11 2995 1792 3889
6385 2 2 2 11 3889 2704 2995
6386 2 2 2 11 2994 1791 3890
6387 2 2 2 11 3890 2702 2994
6388 2 2 2 11 2997 1790 3891
6389 2 2 2 11 3891 2703 2997
6390 2 2 2 11 136 137 3892
6391 2 2 2 11 266 267 3893
6392 2 2 2 11 331 332 3894
6393 2 2 2 11 201 202 3895
6394 2 2 2 11 1565 1639 3896
6395 2 2 2 11 3896 1639 2749
6396 2 2 2 11 3896 2905 1565
6397 2 2 2 11 1564 1636 3897
6398 2 2 2 11 3897 1636 2746
6399 2 2 2 11 3897 2907 1564
6400 2 2 2 11 1566 1638 3898
6401 2 2 2 11 3898 1638 2748
6402 2 2 2 11 3898 2908 1566
6403 2 2 2 11 1567 1637 3899
6404 2 2 2 11 3899 1637 2747
6405 2 2 2 11 3899 2906 1567
6406 2 2 2 11 280 3205 3901
6407 2 2 2 11 3901 3205 2503
6408 2 2 2 11 345 3207 3902
6409 2 2 2 11 3902 3207 2505
6410 2 2 2 11 215 3206 3903
6411 2 2 2 11 3903 3206 2504
6412 2 2 2 11 3265 2348 3912
6413 2 2 2 11 3912 3230 3265
6414 2 2 2 11 3912 2348 2829
6415 2 2 2 11 3266 2347 3913
6416 2 2 2 11 3913 3228 3266
6417 2 2 2 11 3913 2347 2831
6418 2 2 2 11 3267 2349 3914
6419 2 2 2 11 3914 3229 3267
6420 2 2 2 11 3914 2349 2830
6421 2 2 2 11 3264 2346 3915
6422 2 2 2 11 3915 3227 3264
6423 2 2 2 11 3915 2346 2832
6424 2 2 2 11 3916 2261 2820
6425 2 2 2 11 2820 381 3916
6426 2 2 2 11 601 1162 3917
6427 2 2 2 11 3917 1162 2568
6428 2 2 2 11 3917 3840 601
6429 2 2 2 11 3921 611 3132
6430 2 2 2 11 3922 612 3131
6431 2 2 2 11 3923 610 3130
6432 2 2 2 11 3924 609 3133
6433 2 2 2 11 3941 3860 1883
6434 2 2 2 11 3942 3862 1884
6435 2 2 2 11 3943 3861 1886
6436 2 2 2 11 3944 3863 1885
6437 2 2 2 11 2092 1004 3945
6438 2 2 2 11 2090 1005 3946
6439 2 2 2 11 2089 1002 3947
6440 2 2 2 11 2091 1003 3948
6441 2 2 2 11 1071 1791 3949
6442 2 2 2 11 3949 1791 2994
6443 2 2 2 11 1074 1792 3950
6444 2 2 2 11 3950 1792 2995
6445 2 2 2 11 1073 1790 3951
6446 2 2 2 11 3951 1790 2997
6447 2 2 2 11 1072 1793 3952
6448 2 2 2 11 3952 1793 2996
6449 2 2 2 11 3958 2406 2586
6450 2 2 2 11 3959 2407 2585
6451 2 2 2 11 3960 2405 2587
6452 2 2 2 11 3961 2408 2588
6453 2 2 2 11 3965 873 2049
6454 2 2 2 11 3965 2186 2339
6455 2 2 2 11 2339 873 3965
6456 2 2 2 11 2049 2186 3965
6457 2 2 2 11 3966 872 2051
6458 2 2 2 11 3966 2188 2341
6459 2 2 2 11 2341 872 3966
6460 2 2 2 11 2051 2188 3966
6461 2 2 2 11 3967 875 2050
6462 2 2 2 11 3967 2187 2340
6463 2 2 2 11 2340 875 3967
6464 2 2 2 11 2050 2187 3967
6465 2 2 2 11 3968 874 2048
6466 2 2 2 11 3968 2185 2338
6467 2 2 2 11 2338 874 3968
6468 2 2 2 11 2048 2185 3968
6469 2 2 2 11 114 3303 3969
6470 2 2 2 11 3969 3303 1347
6471 2 2 2 11 309 3305 3970
6472 2 2 2 11 3970 3305 1348
6473 2 2 2 11 244 3306 3971
6474 2 2 2 11 3971 3306 1349
6475 2 2 2 11 179 3304 3972
6476 2 2 2 11 3972 3304 1346
6477 2 2 2 11 3973 3775 3347
6478 2 2 2 11 3978 2443 3789
6479 2 2 2 11 3979 2442 3790
6480 2 2 2 11 3980 2444 3791
6481 2 2 2 11 3981 2441 3792
6482 2 2 2 11 1042 547 3982
6483 2 2 2 11 3982 2990 1042
6484 2 2 2 11 3983 1183 745
6485 2 2 2 11 1279 1183 3983
6486 2 2 2 11 3984 1184 746
6487 2 2 2 11 1280 1184 3984
6488 2 2 2 11 3985 1181 747
6489 2 2 2 11 1281 1181 3985
6490 2 2 2 11 3986 1182 748
6491 2 2 2 11 1282 1182 3986
6492 2 2 2 11 3987 203 204
6493 2 2 2 11 204 3861 3987
6494 2 2 2 11 3988 268 269
6495 2 2 2 11 269 3862 3988
6496 2 2 2 11 3989 333 334
6497 2 2 2 11 334 3863 3989
6498 2 2 2 11 3990 138 139
6499 2 2 2 11 139 3860 3990
6500 2 2 2 11 1043 546 3991
6501 2 2 2 11 3991 2993 1043
6502 2 2 2 11 1045 548 3992
6503 2 2 2 11 3992 2992 1045
6504 2 2 2 11 1044 549 3993
6505 2 2 2 11 3993 2991 1044
6506 2 2 2 11 1397 2892 3994
6507 2 2 2 11 3994 2892 765
6508 2 2 2 11 1398 2893 3995
6509 2 2 2 11 3995 2893 766
6510 2 2 2 11 1399 2894 3996
6511 2 2 2 11 3996 2894 767
6512 2 2 2 11 1400 2895 3997
6513 2 2 2 11 3997 2895 768
6514 2 2 2 11 2758 3058 4002
6515 2 2 2 11 3120 3298 4002
6516 2 2 2 11 4002 3298 2758
6517 2 2 2 11 2757 3057 4003
6518 2 2 2 11 3119 3297 4003
6519 2 2 2 11 4003 3297 2757
6520 2 2 2 11 2756 3056 4004
6521 2 2 2 11 3118 3296 4004
6522 2 2 2 11 4004 3296 2756
6523 2 2 2 11 2755 3055 4005
6524 2 2 2 11 3121 3294 4005
6525 2 2 2 11 4005 3294 2755
6526 2 2 2 11 4010 1436 2214
6527 2 2 2 11 2718 1436 4010
6528 2 2 2 11 2214 2261 4010
6529 2 2 2 11 2683 1751 4011
6530 2 2 2 11 3155 3528 4011
6531 2 2 2 11 4011 1751 3155
6532 2 2 2 11 4011 3528 2683
6533 2 2 2 11 2680 1752 4012
6534 2 2 2 11 3152 3530 4012
6535 2 2 2 11 4012 1752 3152
6536 2 2 2 11 4012 3530 2680
6537 2 2 2 11 2681 1753 4013
6538 2 2 2 11 3153 3531 4013
6539 2 2 2 11 4013 1753 3153
6540 2 2 2 11 4013 3531 2681
6541 2 2 2 11 2682 1754 4014
6542 2 2 2 11 3154 3529 4014
6543 2 2 2 11 4014 1754 3154
6544 2 2 2 11 4014 3529 2682
6545 2 2 2 11 4015 1054 3173
6546 2 2 2 11 3173 1923 4015
6547 2 2 2 11 4016 1165 1148
6548 2 2 2 11 4016 2873 1363
6549 2 2 2 11 1363 1165 4016
6550 2 2 2 11 1148 2873 4016
6551 2 2 2 11 4017 1164 1147
6552 2 2 2 11 4017 2874 1364
6553 2 2 2 11 1364 1164 4017
6554 2 2 2 11 1147 2874 4017
6555 2 2 2 11 4018 1163 1146
6556 2 2 2 11 4018 2875 1365
6557 2 2 2 11 1365 1163 4018
6558 2 2 2 11 1146 2875 4018
6559 2 2 2 11 4023 2404 156
6560 2 2 2 11 4023 3423 3548
6561 2 2 2 11 3548 2404 4023
6562 2 2 2 11 4025 2775 555
6563 2 2 2 11 4026 2776 556
6564 2 2 2 11 4027 2774 554
6565 2 2 2 11 127 128 4028
6566 2 2 2 11 3429 3467 4028
6567 2 2 2 11 4028 128 3429
6568 2 2 2 11 257 258 4029
6569 2 2 2 11 3428 3466 4029
6570 2 2 2 11 4029 258 3428
6571 2 2 2 11 322 323 4030
6572 2 2 2 11 3430 3465 4030
6573 2 2 2 11 4030 323 3430
6574 2 2 2 11 192 193 4031
6575 2 2 2 11 3431 3464 4031
6576 2 2 2 11 4031 193 3431
6577 2 2 2 11 593 588 4032
6578 2 2 2 11 4032 1066 593
6579 2 2 2 11 1066 4032 3098
6580 2 2 2 11 3991 546 3512
6581 2 2 2 11 1226 3991 3512
6582 2 2 2 11 3982 547 3507
6583 2 2 2 11 1227 3982 3507
6584 2 2 2 11 3992 548 3513
6585 2 2 2 11 1228 3992 3513
6586 2 2 2 11 3993 549 3514
6587 2 2 2 11 1229 3993 3514
6588 2 2 2 11 3892 137 3870
6589 2 2 2 11 1854 3892 3870
6590 2 2 2 11 3895 202 3869
6591 2 2 2 11 1855 3895 3869
6592 2 2 2 11 3894 332 3868
6593 2 2 2 11 1856 3894 3868
6594 2 2 2 11 3893 267 3867
6595 2 2 2 11 1857 3893 3867
6596 2 2 2 11 3947 1926 3799
6597 2 2 2 11 2089 3947 3799
6598 2 2 2 11 3946 1927 3801
6599 2 2 2 11 2090 3946 3801
6600 2 2 2 11 3948 1925 3800
6601 2 2 2 11 2091 3948 3800
6602 2 2 2 11 3945 1928 3798
6603 2 2 2 11 2092 3945 3798
6604 2 2 2 11 3856 2702 3890
6605 2 2 2 11 3857 2703 3891
6606 2 2 2 11 3855 2705 3888
6607 2 2 2 11 3858 2704 3889
6608 2 2 2 11 3916 381 2896
6609 2 2 2 11 2718 3916 2896
6610 2 2 2 11 4010 2261 3916
6611 2 2 2 11 2718 4010 3916
6612 2 2 2 11 3993 1229 3054
6613 2 2 2 11 2991 3993 3054
6614 2 2 2 11 3992 1228 3053
6615 2 2 2 11 2992 3992 3053
6616 2 2 2 11 3991 1226 3052
6617 2 2 2 11 2993 3991 3052
6618 2 2 2 11 3982 1227 3051
6619 2 2 2 11 2990 3982 3051
6620 2 2 2 11 3892 1854 1152
6621 2 2 2 11 3895 1855 1151
6622 2 2 2 11 3894 1856 1150
6623 2 2 2 11 3893 1857 1149
6624 2 2 2 11 3574 4007 1841
6625 2 2 2 11 3575 4008 1839
6626 2 2 2 11 3576 4009 1838
6627 2 2 2 11 3577 4006 1840
6628 2 2 2 11 2404 1054 4015
6629 2 2 2 11 2404 4015 3776
6630 2 2 2 11 4015 1923 1833
6631 2 2 2 11 3776 4015 1833
6632 2 2 2 11 4023 156 157
6633 2 2 2 11 3423 4023 157
6634 2 2 2 11 3973 4024 3775
6635 2 2 2 11 3842 2776 4026
6636 2 2 2 11 3841 2775 4025
6637 2 2 2 11 3843 2774 4027
6638 2 2 2 11 405 1520 3880
6639 2 2 2 11 406 1521 3883
6640 2 2 2 11 407 1522 3882
6641 2 2 2 11 408 1523 3881
6642 2 2 2 11 3914 2830 3056
6643 2 2 2 11 3229 3914 3056
6644 2 2 2 11 3913 2831 3058
6645 2 2 2 11 3228 3913 3058
6646 2 2 2 11 3915 2832 3057
6647 2 2 2 11 3227 3915 3057
6648 2 2 2 11 3912 2829 3055
6649 2 2 2 11 3230 3912 3055
6650 2 2 2 11 3897 2746 2727
6651 2 2 2 11 2907 3897 2727
6652 2 2 2 11 3899 2747 2730
6653 2 2 2 11 2906 3899 2730
6654 2 2 2 11 3898 2748 2729
6655 2 2 2 11 2908 3898 2729
6656 2 2 2 11 3896 2749 2728
6657 2 2 2 11 2905 3896 2728
6658 2 2 2 11 3875 1280 2802
6659 2 2 2 11 3311 3875 2802
6660 2 2 2 11 3878 1281 2803
6661 2 2 2 11 3312 3878 2803
6662 2 2 2 11 3877 1279 2800
6663 2 2 2 11 3313 3877 2800
6664 2 2 2 11 3876 1282 2801
6665 2 2 2 11 3314 3876 2801
6666 2 2 2 11 3870 138 3990
6667 2 2 2 11 3870 3990 1328
6668 2 2 2 11 3867 268 3988
6669 2 2 2 11 3867 3988 1327
6670 2 2 2 11 3869 203 3987
6671 2 2 2 11 3869 3987 1329
6672 2 2 2 11 3868 333 3989
6673 2 2 2 11 3868 3989 1326
6674 2 2 2 11 3863 335 2432
6675 2 2 2 11 1885 3863 2432
6676 2 2 2 11 3862 270 2431
6677 2 2 2 11 1884 3862 2431
6678 2 2 2 11 3861 205 2430
6679 2 2 2 11 1886 3861 2430
6680 2 2 2 11 3860 140 2429
6681 2 2 2 11 1883 3860 2429
6682 2 2 2 11 3941 1328 3990
6683 2 2 2 11 3941 3990 3860
6684 2 2 2 11 3943 1329 3987
6685 2 2 2 11 3943 3987 3861
6686 2 2 2 11 3942 1327 3988
6687 2 2 2 11 3942 3988 3862
6688 2 2 2 11 3944 1326 3989
6689 2 2 2 11 3944 3989 3863
6690 2 2 2 11 3506 820 3953
6691 2 2 2 11 3953 820 3522
6692 2 2 2 11 3503 819 3962
6693 2 2 2 11 3962 819 3521
6694 2 2 2 11 3505 817 3964
6695 2 2 2 11 3964 817 3519
6696 2 2 2 11 3504 818 3963
6697 2 2 2 11 3963 818 3520
6698 2 2 2 11 130 3844 129
6699 2 2 2 11 2806 3844 130
6700 2 2 2 11 195 3845 194
6701 2 2 2 11 2804 3845 195
6702 2 2 2 11 325 3846 324
6703 2 2 2 11 2805 3846 325
6704 2 2 2 11 260 3847 259
6705 2 2 2 11 2807 3847 260
6706 2 2 2 11 1116 3502 3879
6707 2 2 2 11 3796 263 264
6708 2 2 2 11 3946 1005 3796
6709 2 2 2 11 3795 328 329
6710 2 2 2 11 3947 1002 3795
6711 2 2 2 11 3794 198 199
6712 2 2 2 11 3948 1003 3794
6713 2 2 2 11 3793 133 134
6714 2 2 2 11 3945 1004 3793
6715 2 2 2 11 3775 4024 588
6716 2 2 2 11 4032 588 4024
6717 2 2 2 11 4032 4024 3098
6718 2 2 2 11 226 227 3872
6719 2 2 2 11 3872 2255 226
6720 2 2 2 11 1200 2255 3872
6721 2 2 2 11 291 292 3874
6722 2 2 2 11 3874 2253 291
6723 2 2 2 11 1197 2253 3874
6724 2 2 2 11 356 357 3873
6725 2 2 2 11 3873 2256 356
6726 2 2 2 11 1198 2256 3873
6727 2 2 2 11 161 162 3871
6728 2 2 2 11 3871 2254 161
6729 2 2 2 11 1199 2254 3871
6730 2 2 2 11 3849 2732 354
6731 2 2 2 11 354 355 3849
6732 2 2 2 11 3849 2149 1064
6733 2 2 2 11 2732 3849 1064
6734 2 2 2 11 3850 2733 224
6735 2 2 2 11 224 225 3850
6736 2 2 2 11 3850 2151 1063
6737 2 2 2 11 2733 3850 1063
6738 2 2 2 11 3848 2731 289
6739 2 2 2 11 289 290 3848
6740 2 2 2 11 3848 2150 1065
6741 2 2 2 11 2731 3848 1065
6742 2 2 2 11 279 280 3901
6743 2 2 2 11 3901 2212 279
6744 2 2 2 11 2503 2212 3901
6745 2 2 2 11 344 345 3902
6746 2 2 2 11 3902 2210 344
6747 2 2 2 11 2505 2210 3902
6748 2 2 2 11 214 215 3903
6749 2 2 2 11 3903 2211 214
6750 2 2 2 11 2504 2211 3903
6751 2 2 2 11 3930 1452 2713
6752 2 2 2 11 3930 3118 3255
6753 2 2 2 11 3255 1452 3930
6754 2 2 2 11 3931 1450 2712
6755 2 2 2 11 3931 3120 3254
6756 2 2 2 11 3254 1450 3931
6757 2 2 2 11 3929 1449 2711
6758 2 2 2 11 3929 3119 3253
6759 2 2 2 11 3253 1449 3929
6760 2 2 2 11 3932 1451 2710
6761 2 2 2 11 3932 3121 3252
6762 2 2 2 11 3252 1451 3932
6763 2 2 2 11 1094 1040 3759
6764 2 2 2 11 1094 3759 3838
6765 2 2 2 11 3759 1040 2814
6766 2 2 2 11 1095 1039 3760
6767 2 2 2 11 1095 3760 3839
6768 2 2 2 11 3760 1039 2815
6769 2 2 2 11 1096 1041 3758
6770 2 2 2 11 1096 3758 3837
6771 2 2 2 11 3758 1041 2813
6772 2 2 2 11 3344 2102 3921
6773 2 2 2 11 3921 3132 3344
6774 2 2 2 11 3921 2102 3537
6775 2 2 2 11 3346 2101 3923
6776 2 2 2 11 3923 3130 3346
6777 2 2 2 11 3923 2101 3539
6778 2 2 2 11 3345 2103 3922
6779 2 2 2 11 3922 3131 3345
6780 2 2 2 11 3922 2103 3538
6781 2 2 2 11 3343 2100 3924
6782 2 2 2 11 3924 3133 3343
6783 2 2 2 11 3924 2100 3536
6784 2 2 2 11 3940 326 327
6785 2 2 2 11 3940 1950 1251
6786 2 2 2 11 1251 2805 3940
6787 2 2 2 11 2805 326 3940
6788 2 2 2 11 3939 261 262
6789 2 2 2 11 3939 1951 1253
6790 2 2 2 11 1253 2807 3939
6791 2 2 2 11 2807 261 3939
6792 2 2 2 11 3938 196 197
6793 2 2 2 11 3938 1948 1250
6794 2 2 2 11 1250 2804 3938
6795 2 2 2 11 2804 196 3938
6796 2 2 2 11 3937 131 132
6797 2 2 2 11 3937 1949 1252
6798 2 2 2 11 1252 2806 3937
6799 2 2 2 11 2806 131 3937
6800 2 2 2 11 3572 1292 3645
6801 2 2 2 11 3572 3645 2407
6802 2 2 2 11 2407 3645 3934
6803 2 2 2 11 3934 3645 3462
6804 2 2 2 11 3571 1291 3644
6805 2 2 2 11 3571 3644 2405
6806 2 2 2 11 2405 3644 3935
6807 2 2 2 11 3935 3644 3461
6808 2 2 2 11 3573 1294 3643
6809 2 2 2 11 3573 3643 2408
6810 2 2 2 11 2408 3643 3936
6811 2 2 2 11 3936 3643 3460
6812 2 2 2 11 3570 1293 3642
6813 2 2 2 11 3570 3642 2406
6814 2 2 2 11 2406 3642 3933
6815 2 2 2 11 3933 3642 3463
6816 2 2 2 11 4026 556 3079
6817 2 2 2 11 3079 3540 4026
6818 2 2 2 11 3919 4026 3540
6819 2 2 2 11 4025 555 3080
6820 2 2 2 11 3080 3541 4025
6821 2 2 2 11 3918 4025 3541
6822 2 2 2 11 4027 554 3081
6823 2 2 2 11 3081 3542 4027
6824 2 2 2 11 3920 4027 3542
6825 2 2 2 11 2650 3261 3954
6826 2 2 2 11 2950 3748 3954
6827 2 2 2 11 3954 3261 2950
6828 2 2 2 11 2652 3263 3955
6829 2 2 2 11 2948 3746 3955
6830 2 2 2 11 3955 3263 2948
6831 2 2 2 11 2651 3262 3957
6832 2 2 2 11 2949 3747 3957
6833 2 2 2 11 3957 3262 2949
6834 2 2 2 11 2649 3260 3956
6835 2 2 2 11 2951 3749 3956
6836 2 2 2 11 3956 3260 2951
6837 2 2 2 11 3942 1884 2246
6838 2 2 2 11 2246 876 3942
6839 2 2 2 11 3942 876 612
6840 2 2 2 11 3944 1885 2247
6841 2 2 2 11 2247 877 3944
6842 2 2 2 11 3944 877 611
6843 2 2 2 11 3943 1886 2248
6844 2 2 2 11 2248 878 3943
6845 2 2 2 11 3943 878 610
6846 2 2 2 11 3941 1883 2245
6847 2 2 2 11 2245 879 3941
6848 2 2 2 11 3941 879 609
6849 2 2 2 11 2829 3252 3055
6850 2 2 2 11 4005 3055 3252
6851 2 2 2 11 3121 4005 3252
6852 2 2 2 11 2832 3253 3057
6853 2 2 2 11 4003 3057 3253
6854 2 2 2 11 3119 4003 3253
6855 2 2 2 11 2831 3254 3058
6856 2 2 2 11 4002 3058 3254
6857 2 2 2 11 3120 4002 3254
6858 2 2 2 11 2830 3255 3056
6859 2 2 2 11 4004 3056 3255
6860 2 2 2 11 3118 4004 3255
6861 2 2 2 11 3954 3748 3639
6862 2 2 2 11 3955 3746 3641
6863 2 2 2 11 3957 3747 3640
6864 2 2 2 11 3956 3749 3638
6865 2 2 2 11 3518 126 127
6866 2 2 2 11 3467 885 3518
6867 2 2 2 11 3518 127 4028
6868 2 2 2 11 3518 4028 3467
6869 2 2 2 11 3517 256 257
6870 2 2 2 11 3466 886 3517
6871 2 2 2 11 3517 257 4029
6872 2 2 2 11 3517 4029 3466
6873 2 2 2 11 3516 321 322
6874 2 2 2 11 3465 884 3516
6875 2 2 2 11 3516 322 4030
6876 2 2 2 11 3516 4030 3465
6877 2 2 2 11 3515 191 192
6878 2 2 2 11 3464 887 3515
6879 2 2 2 11 3515 192 4031
6880 2 2 2 11 3515 4031 3464
6881 2 2 2 11 3535 1797 3953
6882 2 2 2 11 1797 3506 3953
6883 2 2 2 11 3535 3953 3411
6884 2 2 2 11 3533 1798 3964
6885 2 2 2 11 1798 3505 3964
6886 2 2 2 11 3533 3964 3408
6887 2 2 2 11 3534 1800 3962
6888 2 2 2 11 1800 3503 3962
6889 2 2 2 11 3534 3962 3410
6890 2 2 2 11 3532 1799 3963
6891 2 2 2 11 1799 3504 3963
6892 2 2 2 11 3532 3963 3409
6893 2 2 2 11 3879 3502 2484
6894 2 2 2 11 2484 3234 3879
6895 2 2 2 11 3900 3879 3234
6896 2 2 2 11 1708 3282 3656
6897 2 2 2 11 3656 3282 2826
6898 2 2 2 11 1710 3283 3658
6899 2 2 2 11 3658 3283 2827
6900 2 2 2 11 1709 3284 3657
6901 2 2 2 11 3657 3284 2828
6902 2 2 2 11 1707 3285 3655
6903 2 2 2 11 3655 3285 2825
6904 2 2 2 11 3969 113 114
6905 2 2 2 11 1465 113 3969
6906 2 2 2 11 3969 1347 1465
6907 2 2 2 11 3970 308 309
6908 2 2 2 11 1467 308 3970
6909 2 2 2 11 3970 1348 1467
6910 2 2 2 11 3971 243 244
6911 2 2 2 11 1466 243 3971
6912 2 2 2 11 3971 1349 1466
6913 2 2 2 11 3972 178 179
6914 2 2 2 11 1464 178 3972
6915 2 2 2 11 3972 1346 1464
6916 2 2 2 11 2812 3543 3774
6917 2 2 2 11 3774 3543 3586
6918 2 2 2 11 3810 2501 1833
6919 2 2 2 11 1833 2121 3810
6920 2 2 2 11 2706 2332 1636
6921 2 2 2 11 1636 3214 2706
6922 2 2 2 11 2709 2333 1637
6923 2 2 2 11 1637 3217 2709
6924 2 2 2 11 2708 2334 1638
6925 2 2 2 11 1638 3216 2708
6926 2 2 2 11 2707 2331 1639
6927 2 2 2 11 1639 3215 2707
6928 2 2 2 11 3649 3774 2145
6929 2 2 2 11 3836 3774 3649
6930 2 2 2 11 2600 1136 2781
6931 2 2 2 11 3286 2781 1136
6932 2 2 2 11 2781 1193 2600
6933 2 2 2 11 2781 3286 2857
6934 2 2 2 11 2598 1134 2782
6935 2 2 2 11 3288 2782 1134
6936 2 2 2 11 2782 1195 2598
6937 2 2 2 11 2782 3288 2856
6938 2 2 2 11 2599 1133 2783
6939 2 2 2 11 3289 2783 1133
6940 2 2 2 11 2783 1196 2599
6941 2 2 2 11 2783 3289 2855
6942 2 2 2 11 2601 1135 2784
6943 2 2 2 11 3287 2784 1135
6944 2 2 2 11 2784 1194 2601
6945 2 2 2 11 2784 3287 2858
6946 2 2 2 11 3823 606 3800
6947 2 2 2 11 3800 1925 1151
6948 2 2 2 11 3800 1151 3823
6949 2 2 2 11 3825 607 3799
6950 2 2 2 11 3799 1926 1150
6951 2 2 2 11 3799 1150 3825
6952 2 2 2 11 3824 608 3801
6953 2 2 2 11 3801 1927 1149
6954 2 2 2 11 3801 1149 3824
6955 2 2 2 11 3822 605 3798
6956 2 2 2 11 3798 1928 1152
6957 2 2 2 11 3798 1152 3822
6958 2 2 2 11 3835 2074 1217
6959 2 2 2 11 12 11 3787
6960 2 2 2 11 11 3734 3787
6961 2 2 2 11 12 3787 3382
6962 2 2 2 11 37 36 3785
6963 2 2 2 11 36 3735 3785
6964 2 2 2 11 37 3785 3381
6965 2 2 2 11 62 61 3786
6966 2 2 2 11 61 3736 3786
6967 2 2 2 11 62 3786 3380
6968 2 2 2 11 87 86 3788
6969 2 2 2 11 86 3737 3788
6970 2 2 2 11 87 3788 3379
6971 2 2 2 11 158 159 3650
6972 2 2 2 11 3523 3650 159
6973 2 2 2 11 3523 1062 3650
6974 2 2 2 11 3905 2222 959
6975 2 2 2 11 3143 3905 959
6976 2 2 2 11 1412 3905 3143
6977 2 2 2 11 3905 2385 2222
6978 2 2 2 11 3906 2219 960
6979 2 2 2 11 3142 3906 960
6980 2 2 2 11 1410 3906 3142
6981 2 2 2 11 3906 2383 2219
6982 2 2 2 11 3907 2220 962
6983 2 2 2 11 3141 3907 962
6984 2 2 2 11 1409 3907 3141
6985 2 2 2 11 3907 2382 2220
6986 2 2 2 11 3904 2221 961
6987 2 2 2 11 3140 3904 961
6988 2 2 2 11 1411 3904 3140
6989 2 2 2 11 3904 2384 2221
6990 2 2 2 11 3282 3544 586
6991 2 2 2 11 1708 3544 3282
6992 2 2 2 11 3283 3545 585
6993 2 2 2 11 1710 3545 3283
6994 2 2 2 11 3284 3546 587
6995 2 2 2 11 1709 3546 3284
6996 2 2 2 11 3285 3543 584
6997 2 2 2 11 1707 3543 3285
6998 2 2 2 11 385 3212 761
6999 2 2 2 11 3212 385 2484
7000 2 2 2 11 761 3212 2593
7001 2 2 2 11 3799 607 2967
7002 2 2 2 11 3551 2089 3799
7003 2 2 2 11 3551 3799 2967
7004 2 2 2 11 3801 608 2964
7005 2 2 2 11 3550 2090 3801
7006 2 2 2 11 3550 3801 2964
7007 2 2 2 11 3800 606 2966
7008 2 2 2 11 3552 2091 3800
7009 2 2 2 11 3552 3800 2966
7010 2 2 2 11 3798 605 2965
7011 2 2 2 11 3549 2092 3798
7012 2 2 2 11 3549 3798 2965
7013 2 2 2 11 287 3469 3629
7014 2 2 2 11 2175 3629 3469
7015 2 2 2 11 3203 3629 2175
7016 2 2 2 11 222 3468 3627
7017 2 2 2 11 2174 3627 3468
7018 2 2 2 11 3202 3627 2174
7019 2 2 2 11 352 3470 3628
7020 2 2 2 11 2176 3628 3470
7021 2 2 2 11 3204 3628 2176
7022 2 2 2 11 1561 3301 3342
7023 2 2 2 11 1563 3299 3340
7024 2 2 2 11 1560 3300 3339
7025 2 2 2 11 1562 3302 3341
7026 2 2 2 11 2800 2077 2903
7027 2 2 2 11 3177 2077 2800
7028 2 2 2 11 3313 2800 2903
7029 2 2 2 11 2801 2078 2902
7030 2 2 2 11 3174 2078 2801
7031 2 2 2 11 3314 2801 2902
7032 2 2 2 11 2803 2079 2904
7033 2 2 2 11 3175 2079 2803
7034 2 2 2 11 3312 2803 2904
7035 2 2 2 11 2802 2076 2901
7036 2 2 2 11 3176 2076 2802
7037 2 2 2 11 3311 2802 2901
7038 2 2 2 11 3608 146 147
7039 2 2 2 11 3682 1144 3608
7040 2 2 2 11 3682 3608 147
7041 2 2 2 11 155 3776 154
7042 2 2 2 11 154 3776 2501
7043 2 2 2 11 2565 1262 3930
7044 2 2 2 11 3930 2713 2565
7045 2 2 2 11 3930 1262 3118
7046 2 2 2 11 2567 1264 3931
7047 2 2 2 11 3931 2712 2567
7048 2 2 2 11 3931 1264 3120
7049 2 2 2 11 2566 1263 3929
7050 2 2 2 11 3929 2711 2566
7051 2 2 2 11 3929 1263 3119
7052 2 2 2 11 2564 1265 3932
7053 2 2 2 11 3932 2710 2564
7054 2 2 2 11 3932 1265 3121
7055 2 2 2 11 3588 2144 3759
7056 2 2 2 11 2814 3545 3759
7057 2 2 2 11 3759 3545 3588
7058 2 2 2 11 3587 2143 3760
7059 2 2 2 11 2815 3546 3760
7060 2 2 2 11 3760 3546 3587
7061 2 2 2 11 3589 2142 3758
7062 2 2 2 11 2813 3544 3758
7063 2 2 2 11 3758 3544 3589
7064 2 2 2 11 3773 941 3730
7065 2 2 2 11 3772 942 3732
7066 2 2 2 11 3771 939 3733
7067 2 2 2 11 3770 940 3731
7068 2 2 2 11 4007 3910 1841
7069 2 2 2 11 4008 3908 1839
7070 2 2 2 11 4009 3909 1838
7071 2 2 2 11 4006 3911 1840
7072 2 2 2 11 3832 3398 1913
7073 2 2 2 11 1913 3384 3832
7074 2 2 2 11 3832 3384 4007
7075 2 2 2 11 4007 3574 3832
7076 2 2 2 11 3833 3397 1911
7077 2 2 2 11 1911 3385 3833
7078 2 2 2 11 3833 3385 4008
7079 2 2 2 11 4008 3575 3833
7080 2 2 2 11 3831 3396 1914
7081 2 2 2 11 1914 3383 3831
7082 2 2 2 11 3831 3383 4009
7083 2 2 2 11 4009 3576 3831
7084 2 2 2 11 3834 3395 1912
7085 2 2 2 11 1912 3386 3834
7086 2 2 2 11 3834 3386 4006
7087 2 2 2 11 4006 3577 3834
7088 2 2 2 11 1536 1116 3859
7089 2 2 2 11 3859 1381 1536
7090 2 2 2 11 1555 1381 3859
7091 2 2 2 11 3859 2584 1555
7092 2 2 2 11 3213 1161 3809
7093 2 2 2 11 2897 3809 1161
7094 2 2 2 11 3774 3616 2812
7095 2 2 2 11 3774 3836 3616
7096 2 2 2 11 648 2138 3553
7097 2 2 2 11 3553 2610 648
7098 2 2 2 11 2502 1075 3553
7099 2 2 2 11 2502 3553 2138
7100 2 2 2 11 3615 3725 997
7101 2 2 2 11 3615 997 3598
7102 2 2 2 11 3615 3598 29
7103 2 2 2 11 3613 3723 995
7104 2 2 2 11 3613 995 3601
7105 2 2 2 11 3613 3601 104
7106 2 2 2 11 3614 3724 996
7107 2 2 2 11 3614 996 3600
7108 2 2 2 11 3614 3600 54
7109 2 2 2 11 3612 3722 994
7110 2 2 2 11 3612 994 3599
7111 2 2 2 11 3612 3599 79
7112 2 2 2 11 2809 916 3818
7113 2 2 2 11 3818 389 2809
7114 2 2 2 11 3818 916 3106
7115 2 2 2 11 3818 3106 695
7116 2 2 2 11 2811 915 3820
7117 2 2 2 11 3820 391 2811
7118 2 2 2 11 3820 915 3103
7119 2 2 2 11 3820 3103 697
7120 2 2 2 11 2810 917 3821
7121 2 2 2 11 3821 392 2810
7122 2 2 2 11 3821 917 3105
7123 2 2 2 11 3821 3105 698
7124 2 2 2 11 2808 918 3819
7125 2 2 2 11 3819 390 2808
7126 2 2 2 11 3819 918 3104
7127 2 2 2 11 3819 3104 696
7128 2 2 2 11 554 577 3501
7129 2 2 2 11 3501 577 3712
7130 2 2 2 11 1654 2279 3501
7131 2 2 2 11 3501 3712 1654
7132 2 2 2 11 555 578 3500
7133 2 2 2 11 3500 578 3713
7134 2 2 2 11 1653 2278 3500
7135 2 2 2 11 3500 3713 1653
7136 2 2 2 11 556 579 3499
7137 2 2 2 11 3499 579 3711
7138 2 2 2 11 1652 2277 3499
7139 2 2 2 11 3499 3711 1652
7140 2 2 2 11 1436 3809 2897
7141 2 2 2 11 646 2141 3648
7142 2 2 2 11 3648 2641 646
7143 2 2 2 11 2517 3648 2141
7144 2 2 2 11 647 2140 3647
7145 2 2 2 11 3647 2640 647
7146 2 2 2 11 2516 3647 2140
7147 2 2 2 11 645 2139 3646
7148 2 2 2 11 3646 2639 645
7149 2 2 2 11 2515 3646 2139
7150 2 2 2 11 3802 3415 3522
7151 2 2 2 11 3802 3597 3415
7152 2 2 2 11 3804 3418 3520
7153 2 2 2 11 3804 3594 3418
7154 2 2 2 11 3803 3417 3521
7155 2 2 2 11 3803 3596 3417
7156 2 2 2 11 3805 3416 3519
7157 2 2 2 11 3805 3595 3416
7158 2 2 2 11 2406 3479 1235
7159 2 2 2 11 3479 2406 3958
7160 2 2 2 11 2407 3481 1236
7161 2 2 2 11 3481 2407 3959
7162 2 2 2 11 2408 3482 1237
7163 2 2 2 11 3482 2408 3961
7164 2 2 2 11 2405 3480 1234
7165 2 2 2 11 3480 2405 3960
7166 2 2 2 11 393 3098 3234
7167 2 2 2 11 3234 3098 3900
7168 2 2 2 11 3900 3098 4024
7169 2 2 2 11 3414 282 283
7170 2 2 2 11 3811 3372 282
7171 2 2 2 11 282 3414 3811
7172 2 2 2 11 3412 217 218
7173 2 2 2 11 3812 3373 217
7174 2 2 2 11 217 3412 3812
7175 2 2 2 11 3413 347 348
7176 2 2 2 11 3813 3374 347
7177 2 2 2 11 347 3413 3813
7178 2 2 2 11 3840 2568 3836
7179 2 2 2 11 3917 2568 3840
7180 2 2 2 11 3649 3387 3840
7181 2 2 2 11 3836 3649 3840
7182 2 2 2 11 3347 2584 3973
7183 2 2 2 11 3973 2584 3859
7184 2 2 2 11 3630 211 212
7185 2 2 2 11 3393 3630 212
7186 2 2 2 11 3630 3393 3703
7187 2 2 2 11 3631 276 277
7188 2 2 2 11 3392 3631 277
7189 2 2 2 11 3631 3392 3702
7190 2 2 2 11 3632 341 342
7191 2 2 2 11 3394 3632 342
7192 2 2 2 11 3632 3394 3701
7193 2 2 2 11 3488 1741 2778
7194 2 2 2 11 3488 2045 2786
7195 2 2 2 11 2045 3488 2123
7196 2 2 2 11 2778 2123 3488
7197 2 2 2 11 3489 1740 2779
7198 2 2 2 11 3489 2046 2787
7199 2 2 2 11 2046 3489 2124
7200 2 2 2 11 2779 2124 3489
7201 2 2 2 11 3490 1742 2780
7202 2 2 2 11 3490 2047 2788
7203 2 2 2 11 2047 3490 2125
7204 2 2 2 11 2780 2125 3490
7205 2 2 2 11 3487 1739 2777
7206 2 2 2 11 3487 2044 2785
7207 2 2 2 11 2044 3487 2122
7208 2 2 2 11 2777 2122 3487
7209 2 2 2 11 1909 1822 3959
7210 2 2 2 11 2127 1909 3959
7211 2 2 2 11 2585 2127 3959
7212 2 2 2 11 1907 1823 3960
7213 2 2 2 11 2129 1907 3960
7214 2 2 2 11 2587 2129 3960
7215 2 2 2 11 1908 1824 3961
7216 2 2 2 11 2128 1908 3961
7217 2 2 2 11 2588 2128 3961
7218 2 2 2 11 1910 1821 3958
7219 2 2 2 11 2126 1910 3958
7220 2 2 2 11 2586 2126 3958
7221 2 2 2 11 1267 2934 3719
7222 2 2 2 11 1267 3719 3727
7223 2 2 2 11 3719 2934 1425
7224 2 2 2 11 1269 2936 3721
7225 2 2 2 11 1269 3721 3729
7226 2 2 2 11 3721 2936 1427
7227 2 2 2 11 1266 2935 3718
7228 2 2 2 11 1266 3718 3726
7229 2 2 2 11 3718 2935 1424
7230 2 2 2 11 1268 2933 3720
7231 2 2 2 11 1268 3720 3728
7232 2 2 2 11 3720 2933 1426
7233 2 2 2 11 722 1397 3994
7234 2 2 2 11 722 3994 1679
7235 2 2 2 11 1759 3994 765
7236 2 2 2 11 3994 1759 1679
7237 2 2 2 11 723 1398 3995
7238 2 2 2 11 723 3995 1680
7239 2 2 2 11 1760 3995 766
7240 2 2 2 11 3995 1760 1680
7241 2 2 2 11 724 1399 3996
7242 2 2 2 11 724 3996 1681
7243 2 2 2 11 1761 3996 767
7244 2 2 2 11 3996 1761 1681
7245 2 2 2 11 725 1400 3997
7246 2 2 2 11 725 3997 1682
7247 2 2 2 11 1762 3997 768
7248 2 2 2 11 3997 1762 1682
7249 2 2 2 11 3497 3367 3511
7250 2 2 2 11 3511 3367 3830
7251 2 2 2 11 3496 3366 3510
7252 2 2 2 11 3510 3366 3829
7253 2 2 2 11 3495 3365 3509
7254 2 2 2 11 3509 3365 3828
7255 2 2 2 11 3498 3364 3508
7256 2 2 2 11 3508 3364 3827
7257 2 2 2 11 3700 3368 3597
7258 2 2 2 11 3700 3597 3664
7259 2 2 2 11 3700 3664 3827
7260 2 2 2 11 3699 3371 3595
7261 2 2 2 11 3699 3595 3665
7262 2 2 2 11 3699 3665 3830
7263 2 2 2 11 3698 3370 3596
7264 2 2 2 11 3698 3596 3667
7265 2 2 2 11 3698 3667 3829
7266 2 2 2 11 3697 3369 3594
7267 2 2 2 11 3697 3594 3666
7268 2 2 2 11 3697 3666 3828
7269 2 2 2 11 2485 1089 2944
7270 2 2 2 11 3977 2944 1089
7271 2 2 2 11 2742 2944 3014
7272 2 2 2 11 3014 2944 3977
7273 2 2 2 11 2488 1092 2946
7274 2 2 2 11 3975 2946 1092
7275 2 2 2 11 2744 2946 3016
7276 2 2 2 11 3016 2946 3975
7277 2 2 2 11 2487 1091 2947
7278 2 2 2 11 3976 2947 1091
7279 2 2 2 11 2745 2947 3015
7280 2 2 2 11 3015 2947 3976
7281 2 2 2 11 2486 1090 2945
7282 2 2 2 11 3974 2945 1090
7283 2 2 2 11 2743 2945 3017
7284 2 2 2 11 3017 2945 3974
7285 2 2 2 11 3838 2144 3690
7286 2 2 2 11 3759 2144 3838
7287 2 2 2 11 3839 2143 3691
7288 2 2 2 11 3760 2143 3839
7289 2 2 2 11 3837 2142 3692
7290 2 2 2 11 3758 2142 3837
7291 2 2 2 11 3581 3358 3697
7292 2 2 2 11 3697 3365 3581
7293 2 2 2 11 3581 3365 3565
7294 2 2 2 11 3580 3360 3698
7295 2 2 2 11 3698 3366 3580
7296 2 2 2 11 3580 3366 3563
7297 2 2 2 11 3579 3359 3699
7298 2 2 2 11 3699 3367 3579
7299 2 2 2 11 3579 3367 3564
7300 2 2 2 11 3578 3357 3700
7301 2 2 2 11 3700 3364 3578
7302 2 2 2 11 3578 3364 3566
7303 2 2 2 11 3268 1584 2461
7304 2 2 2 11 3540 2461 3919
7305 2 2 2 11 3269 1586 2462
7306 2 2 2 11 3541 2462 3918
7307 2 2 2 11 3270 1587 2463
7308 2 2 2 11 3542 2463 3920
7309 2 2 2 11 4033 1411 3252
7310 2 2 2 11 4033 2829 3904
7311 2 2 2 11 3904 1411 4033
7312 2 2 2 11 3252 2829 4033
7313 2 2 2 11 4034 1412 3255
7314 2 2 2 11 4034 2830 3905
7315 2 2 2 11 3905 1412 4034
7316 2 2 2 11 3255 2830 4034
7317 2 2 2 11 4035 1410 3254
7318 2 2 2 11 4035 2831 3906
7319 2 2 2 11 3906 1410 4035
7320 2 2 2 11 3254 2831 4035
7321 2 2 2 11 4036 1409 3253
7322 2 2 2 11 4036 2832 3907
7323 2 2 2 11 3907 1409 4036
7324 2 2 2 11 3253 2832 4036
7325 2 2 2 11 3247 190 4037
7326 2 2 2 11 3515 2195 4037
7327 2 2 2 11 4037 2195 3247
7328 2 2 2 11 3245 320 4038
7329 2 2 2 11 3516 2194 4038
7330 2 2 2 11 4038 2194 3245
7331 2 2 2 11 3244 255 4039
7332 2 2 2 11 3517 2192 4039
7333 2 2 2 11 4039 2192 3244
7334 2 2 2 11 3246 125 4040
7335 2 2 2 11 3518 2193 4040
7336 2 2 2 11 4040 2193 3246
7337 2 2 2 11 1217 3602 4041
7338 2 2 2 11 4042 1910 2126
7339 2 2 2 11 3508 1910 4042
7340 2 2 2 11 4043 1908 2128
7341 2 2 2 11 3511 1908 4043
7342 2 2 2 11 4044 1909 2127
7343 2 2 2 11 3510 1909 4044
7344 2 2 2 11 4045 1907 2129
7345 2 2 2 11 3509 1907 4045
7346 2 2 2 11 3212 3502 4046
7347 2 2 2 11 4046 3502 1274
7348 2 2 2 11 4047 1920 2119
7349 2 2 2 11 3777 1920 4047
7350 2 2 2 11 2119 3781 4047
7351 2 2 2 11 4048 1919 2116
7352 2 2 2 11 3779 1919 4048
7353 2 2 2 11 2116 3783 4048
7354 2 2 2 11 4049 1921 2117
7355 2 2 2 11 3778 1921 4049
7356 2 2 2 11 2117 3782 4049
7357 2 2 2 11 4050 1922 2118
7358 2 2 2 11 3780 1922 4050
7359 2 2 2 11 2118 3784 4050
7360 2 2 2 11 4051 3213 3809
7361 2 2 2 11 1274 3213 4051
7362 2 2 2 11 3835 3810 4052
7363 2 2 2 11 4052 3810 2121
7364 2 2 2 11 3859 1116 4053
7365 2 2 2 11 4053 1116 3879
7366 2 2 2 11 4053 3973 3859
7367 2 2 2 11 4054 2718 1524
7368 2 2 2 11 4059 3777 4019
7369 2 2 2 11 4060 3779 4022
7370 2 2 2 11 4061 3780 4020
7371 2 2 2 11 4062 3778 4021
7372 2 2 2 11 4063 3781 2443
7373 2 2 2 11 4064 3783 2442
7374 2 2 2 11 4065 3782 2441
7375 2 2 2 11 4066 3784 2444
7376 2 2 2 11 1431 2865 4067
7377 2 2 2 11 4067 676 1431
7378 2 2 2 11 4067 2865 1135
7379 2 2 2 11 1428 2864 4068
7380 2 2 2 11 4068 679 1428
7381 2 2 2 11 4068 2864 1134
7382 2 2 2 11 1429 2863 4069
7383 2 2 2 11 4069 678 1429
7384 2 2 2 11 4069 2863 1133
7385 2 2 2 11 1430 2866 4070
7386 2 2 2 11 4070 677 1430
7387 2 2 2 11 4070 2866 1136
7388 2 2 2 11 4075 1949 3937
7389 2 2 2 11 4075 133 3793
7390 2 2 2 11 4076 1950 3940
7391 2 2 2 11 4076 328 3795
7392 2 2 2 11 4077 1951 3939
7393 2 2 2 11 4077 263 3796
7394 2 2 2 11 4078 1948 3938
7395 2 2 2 11 4078 198 3794
7396 2 2 2 11 2126 2586 4079
7397 2 2 2 11 4079 3620 2126
7398 2 2 2 11 2127 2585 4080
7399 2 2 2 11 4080 3622 2127
7400 2 2 2 11 2128 2588 4081
7401 2 2 2 11 4081 3621 2128
7402 2 2 2 11 2129 2587 4082
7403 2 2 2 11 4082 3623 2129
7404 2 2 2 11 1847 1993 4083
7405 2 2 2 11 2443 3781 4083
7406 2 2 2 11 4083 3781 1847
7407 2 2 2 11 1848 1994 4084
7408 2 2 2 11 2441 3782 4084
7409 2 2 2 11 4084 3782 1848
7410 2 2 2 11 1846 1992 4085
7411 2 2 2 11 2442 3783 4085
7412 2 2 2 11 4085 3783 1846
7413 2 2 2 11 1849 1995 4086
7414 2 2 2 11 2444 3784 4086
7415 2 2 2 11 4086 3784 1849
7416 2 2 2 11 4091 3340 3299
7417 2 2 2 11 4092 3339 3300
7418 2 2 2 11 4093 3341 3302
7419 2 2 2 11 4094 3342 3301
7420 2 2 2 11 1213 254 4095
7421 2 2 2 11 4095 254 3244
7422 2 2 2 11 1214 319 4096
7423 2 2 2 11 4096 319 3245
7424 2 2 2 11 1215 124 4097
7425 2 2 2 11 4097 124 3246
7426 2 2 2 11 1216 189 4098
7427 2 2 2 11 4098 189 3247
7428 2 2 2 11 2988 678 4069
7429 2 2 2 11 2988 4069 1133
7430 2 2 2 11 2989 679 4068
7431 2 2 2 11 2989 4068 1134
7432 2 2 2 11 2986 676 4067
7433 2 2 2 11 2986 4067 1135
7434 2 2 2 11 2987 677 4070
7435 2 2 2 11 2987 4070 1136
7436 2 2 2 11 4046 1274 4051
7437 2 2 2 11 4054 1524 2593
7438 2 2 2 11 3981 4065 2441
7439 2 2 2 11 3979 4064 2442
7440 2 2 2 11 3978 4063 2443
7441 2 2 2 11 3980 4066 2444
7442 2 2 2 11 4085 1992 854
7443 2 2 2 11 2442 4085 854
7444 2 2 2 11 4083 1993 855
7445 2 2 2 11 2443 4083 855
7446 2 2 2 11 4084 1994 853
7447 2 2 2 11 2441 4084 853
7448 2 2 2 11 4086 1995 856
7449 2 2 2 11 2444 4086 856
7450 2 2 2 11 1004 1949 4075
7451 2 2 2 11 1004 4075 3793
7452 2 2 2 11 1003 1948 4078
7453 2 2 2 11 1003 4078 3794
7454 2 2 2 11 1002 1950 4076
7455 2 2 2 11 1002 4076 3795
7456 2 2 2 11 1005 1951 4077
7457 2 2 2 11 1005 4077 3796
7458 2 2 2 11 4092 3014 3977
7459 2 2 2 11 3339 4092 3977
7460 2 2 2 11 4091 3015 3976
7461 2 2 2 11 3340 4091 3976
7462 2 2 2 11 4093 3016 3975
7463 2 2 2 11 3341 4093 3975
7464 2 2 2 11 4094 3017 3974
7465 2 2 2 11 3342 4094 3974
7466 2 2 2 11 132 133 4075
7467 2 2 2 11 132 4075 3937
7468 2 2 2 11 262 263 4077
7469 2 2 2 11 262 4077 3939
7470 2 2 2 11 327 328 4076
7471 2 2 2 11 327 4076 3940
7472 2 2 2 11 197 198 4078
7473 2 2 2 11 197 4078 3938
7474 2 2 2 11 150 151 4041
7475 2 2 2 11 150 4041 3602
7476 2 2 2 11 4040 125 126
7477 2 2 2 11 3518 4040 126
7478 2 2 2 11 4039 255 256
7479 2 2 2 11 3517 4039 256
7480 2 2 2 11 4038 320 321
7481 2 2 2 11 3516 4038 321
7482 2 2 2 11 4037 190 191
7483 2 2 2 11 3515 4037 191
7484 2 2 2 11 1436 2718 4054
7485 2 2 2 11 1436 4054 3809
7486 2 2 2 11 4066 3780 4050
7487 2 2 2 11 3784 4066 4050
7488 2 2 2 11 4065 3778 4049
7489 2 2 2 11 3782 4065 4049
7490 2 2 2 11 4064 3779 4048
7491 2 2 2 11 3783 4064 4048
7492 2 2 2 11 4063 3777 4047
7493 2 2 2 11 3781 4063 4047
7494 2 2 2 11 3261 1462 3620
7495 2 2 2 11 3261 3620 4058
7496 2 2 2 11 4058 3620 3773
7497 2 2 2 11 3620 4079 3773
7498 2 2 2 11 3263 1460 3621
7499 2 2 2 11 3263 3621 4055
7500 2 2 2 11 4055 3621 3771
7501 2 2 2 11 3621 4081 3771
7502 2 2 2 11 3262 1461 3623
7503 2 2 2 11 3262 3623 4056
7504 2 2 2 11 4056 3623 3770
7505 2 2 2 11 3623 4082 3770
7506 2 2 2 11 3260 1463 3622
7507 2 2 2 11 3260 3622 4057
7508 2 2 2 11 4057 3622 3772
7509 2 2 2 11 3622 4080 3772
7510 2 2 2 11 4053 3879 3900
7511 2 2 2 11 3973 3900 4024
7512 2 2 2 11 3973 4053 3900
7513 2 2 2 11 3513 1389 4093
7514 2 2 2 11 4093 1389 3016
7515 2 2 2 11 4093 1228 3513
7516 2 2 2 11 4093 3302 1228
7517 2 2 2 11 3514 1386 4091
7518 2 2 2 11 4091 1386 3015
7519 2 2 2 11 4091 1229 3514
7520 2 2 2 11 4091 3299 1229
7521 2 2 2 11 3512 1387 4092
7522 2 2 2 11 4092 1387 3014
7523 2 2 2 11 4092 1226 3512
7524 2 2 2 11 4092 3300 1226
7525 2 2 2 11 3507 1388 4094
7526 2 2 2 11 4094 1388 3017
7527 2 2 2 11 4094 1227 3507
7528 2 2 2 11 4094 3301 1227
7529 2 2 2 11 4055 3733 2948
7530 2 2 2 11 2948 3263 4055
7531 2 2 2 11 3771 3733 4055
7532 2 2 2 11 4056 3731 2949
7533 2 2 2 11 2949 3262 4056
7534 2 2 2 11 3770 3731 4056
7535 2 2 2 11 4057 3732 2951
7536 2 2 2 11 2951 3260 4057
7537 2 2 2 11 3772 3732 4057
7538 2 2 2 11 4058 3730 2950
7539 2 2 2 11 2950 3261 4058
7540 2 2 2 11 3773 3730 4058
7541 2 2 2 11 4071 2204 1098
7542 2 2 2 11 1098 2612 4071
7543 2 2 2 11 4071 93 2204
7544 2 2 2 11 4074 2203 1097
7545 2 2 2 11 1097 2613 4074
7546 2 2 2 11 4074 68 2203
7547 2 2 2 11 4073 2205 1099
7548 2 2 2 11 1099 2614 4073
7549 2 2 2 11 4073 43 2205
7550 2 2 2 11 4072 2202 1100
7551 2 2 2 11 1100 2611 4072
7552 2 2 2 11 4072 18 2202
7553 2 2 2 11 371 1898 4060
7554 2 2 2 11 4022 371 4060
7555 2 2 2 11 2269 4060 1898
7556 2 2 2 11 4060 2269 2445
7557 2 2 2 11 2862 4060 2445
7558 2 2 2 11 369 1895 4061
7559 2 2 2 11 4020 369 4061
7560 2 2 2 11 2267 4061 1895
7561 2 2 2 11 4061 2267 2447
7562 2 2 2 11 2860 4061 2447
7563 2 2 2 11 372 1896 4062
7564 2 2 2 11 4021 372 4062
7565 2 2 2 11 2268 4062 1896
7566 2 2 2 11 4062 2268 2446
7567 2 2 2 11 2861 4062 2446
7568 2 2 2 11 370 1897 4059
7569 2 2 2 11 4019 370 4059
7570 2 2 2 11 2266 4059 1897
7571 2 2 2 11 4059 2266 2448
7572 2 2 2 11 2859 4059 2448
7573 2 2 2 11 265 266 3999
7574 2 2 2 11 3893 3999 266
7575 2 2 2 11 1149 1927 3999
7576 2 2 2 11 3999 3893 1149
7577 2 2 2 11 200 201 4000
7578 2 2 2 11 3895 4000 201
7579 2 2 2 11 1151 1925 4000
7580 2 2 2 11 4000 3895 1151
7581 2 2 2 11 330 331 4001
7582 2 2 2 11 3894 4001 331
7583 2 2 2 11 1150 1926 4001
7584 2 2 2 11 4001 3894 1150
7585 2 2 2 11 135 136 3998
7586 2 2 2 11 3892 3998 136
7587 2 2 2 11 1152 1928 3998
7588 2 2 2 11 3998 3892 1152
7589 2 2 2 11 3842 4026 3865
7590 2 2 2 11 3865 4026 3919
7591 2 2 2 11 3843 4027 3866
7592 2 2 2 11 3866 4027 3920
7593 2 2 2 11 3841 4025 3864
7594 2 2 2 11 3864 4025 3918
7595 2 2 2 11 3952 1384 1072
7596 2 2 2 11 3133 1384 3952
7597 2 2 2 11 3133 3952 3710
7598 2 2 2 11 3710 3952 2996
7599 2 2 2 11 3950 1385 1074
7600 2 2 2 11 3130 1385 3950
7601 2 2 2 11 3130 3950 3708
7602 2 2 2 11 3708 3950 2995
7603 2 2 2 11 3949 1383 1071
7604 2 2 2 11 3131 1383 3949
7605 2 2 2 11 3131 3949 3707
7606 2 2 2 11 3707 3949 2994
7607 2 2 2 11 3951 1382 1073
7608 2 2 2 11 3132 1382 3951
7609 2 2 2 11 3132 3951 3709
7610 2 2 2 11 3709 3951 2997
7611 2 2 2 11 3539 610 3923
7612 2 2 2 11 3539 3943 610
7613 2 2 2 11 3539 1329 3943
7614 2 2 2 11 3538 612 3922
7615 2 2 2 11 3538 3942 612
7616 2 2 2 11 3538 1327 3942
7617 2 2 2 11 3537 611 3921
7618 2 2 2 11 3537 3944 611
7619 2 2 2 11 3537 1326 3944
7620 2 2 2 11 3536 609 3924
7621 2 2 2 11 3536 3941 609
7622 2 2 2 11 3536 1328 3941
7623 2 2 2 11 4046 2593 3212
7624 2 2 2 11 3809 2593 4051
7625 2 2 2 11 4054 2593 3809
7626 2 2 2 11 4046 4051 2593
7627 2 2 2 11 4090 816 3436
7628 2 2 2 11 4087 815 3439
7629 2 2 2 11 4089 813 3438
7630 2 2 2 11 4088 814 3437
7631 2 2 2 11 3927 2748 1642
7632 2 2 2 11 3926 2747 1641
7633 2 2 2 11 3925 2746 1640
7634 2 2 2 11 3928 2749 1643
7635 2 2 2 11 3457 3408 3964
7636 2 2 2 11 3519 3416 3457
7637 2 2 2 11 3519 3457 3964
7638 2 2 2 11 3458 3410 3962
7639 2 2 2 11 3521 3417 3458
7640 2 2 2 11 3521 3458 3962
7641 2 2 2 11 3459 3409 3963
7642 2 2 2 11 3520 3418 3459
7643 2 2 2 11 3520 3459 3963
7644 2 2 2 11 3456 3411 3953
7645 2 2 2 11 3522 3415 3456
7646 2 2 2 11 3522 3456 3953
7647 2 2 2 11 4042 1462 920
7648 2 2 2 11 4042 920 3508
7649 2 2 2 11 1462 4042 3620
7650 2 2 2 11 4042 2126 3620
7651 2 2 2 11 4043 1460 922
7652 2 2 2 11 4043 922 3511
7653 2 2 2 11 1460 4043 3621
7654 2 2 2 11 4043 2128 3621
7655 2 2 2 11 4044 1463 919
7656 2 2 2 11 4044 919 3510
7657 2 2 2 11 1463 4044 3622
7658 2 2 2 11 4044 2127 3622
7659 2 2 2 11 4045 1461 921
7660 2 2 2 11 4045 921 3509
7661 2 2 2 11 1461 4045 3623
7662 2 2 2 11 4045 2129 3623
7663 2 2 2 11 778 422 3854
7664 2 2 2 11 422 3858 3854
7665 2 2 2 11 3858 3889 3854
7666 2 2 2 11 780 424 3853
7667 2 2 2 11 424 3856 3853
7668 2 2 2 11 3856 3890 3853
7669 2 2 2 11 779 423 3852
7670 2 2 2 11 423 3857 3852
7671 2 2 2 11 3857 3891 3852
7672 2 2 2 11 777 421 3851
7673 2 2 2 11 421 3855 3851
7674 2 2 2 11 3855 3888 3851
7675 2 2 2 11 3835 1217 4041
7676 2 2 2 11 3960 1823 3480
7677 2 2 2 11 3959 1822 3481
7678 2 2 2 11 3961 1824 3482
7679 2 2 2 11 3958 1821 3479
7680 2 2 2 11 3722 3638 3749
7681 2 2 2 11 3722 3612 3638
7682 2 2 2 11 3725 3641 3746
7683 2 2 2 11 3725 3615 3641
7684 2 2 2 11 3724 3640 3747
7685 2 2 2 11 3724 3614 3640
7686 2 2 2 11 3723 3639 3748
7687 2 2 2 11 3723 3613 3639
7688 2 2 2 11 1279 3983 2800
7689 2 2 2 11 2800 3983 3177
7690 2 2 2 11 1281 3985 2803
7691 2 2 2 11 2803 3985 3175
7692 2 2 2 11 1282 3986 2801
7693 2 2 2 11 2801 3986 3174
7694 2 2 2 11 1280 3984 2802
7695 2 2 2 11 2802 3984 3176
7696 2 2 2 11 2729 2748 3927
7697 2 2 2 11 2730 2747 3926
7698 2 2 2 11 2727 2746 3925
7699 2 2 2 11 2728 2749 3928
7700 2 2 2 11 3979 3790 3114
7701 2 2 2 11 3767 3979 3114
7702 2 2 2 11 3767 371 3979
7703 2 2 2 11 3980 3791 3117
7704 2 2 2 11 3769 3980 3117
7705 2 2 2 11 3769 369 3980
7706 2 2 2 11 3981 3792 3116
7707 2 2 2 11 3768 3981 3116
7708 2 2 2 11 3768 372 3981
7709 2 2 2 11 3978 3789 3115
7710 2 2 2 11 3766 3978 3115
7711 2 2 2 11 3766 370 3978
7712 2 2 2 11 1587 1419 3920
7713 2 2 2 11 3920 2463 1587
7714 2 2 2 11 3920 1419 3866
7715 2 2 2 11 1586 1418 3918
7716 2 2 2 11 3918 2462 1586
7717 2 2 2 11 3918 1418 3864
7718 2 2 2 11 1584 1417 3919
7719 2 2 2 11 3919 2461 1584
7720 2 2 2 11 3919 1417 3865
7721 2 2 2 11 3646 3199 1101
7722 2 2 2 11 2648 3199 2515
7723 2 2 2 11 2515 3199 3646
7724 2 2 2 11 3648 3200 1103
7725 2 2 2 11 2646 3200 2517
7726 2 2 2 11 2517 3200 3648
7727 2 2 2 11 3647 3201 1102
7728 2 2 2 11 2647 3201 2516
7729 2 2 2 11 2516 3201 3647
7730 2 2 2 11 767 3852 1761
7731 2 2 2 11 3852 1790 1761
7732 2 2 2 11 3891 1790 3852
7733 2 2 2 11 768 3853 1762
7734 2 2 2 11 3853 1791 1762
7735 2 2 2 11 3890 1791 3853
7736 2 2 2 11 766 3854 1760
7737 2 2 2 11 3854 1792 1760
7738 2 2 2 11 3889 1792 3854
7739 2 2 2 11 765 3851 1759
7740 2 2 2 11 3851 1793 1759
7741 2 2 2 11 3888 1793 3851
7742 2 2 2 11 2897 2529 377
7743 2 2 2 11 2897 377 3243
7744 2 2 2 11 1161 2529 2897
7745 2 2 2 11 2368 1213 4095
7746 2 2 2 11 4095 2535 2368
7747 2 2 2 11 2325 4095 3244
7748 2 2 2 11 2325 2535 4095
7749 2 2 2 11 2369 1214 4096
7750 2 2 2 11 4096 2536 2369
7751 2 2 2 11 2324 4096 3245
7752 2 2 2 11 2324 2536 4096
7753 2 2 2 11 2370 1215 4097
7754 2 2 2 11 4097 2537 2370
7755 2 2 2 11 2323 4097 3246
7756 2 2 2 11 2323 2537 4097
7757 2 2 2 11 2371 1216 4098
7758 2 2 2 11 4098 2538 2371
7759 2 2 2 11 2326 4098 3247
7760 2 2 2 11 2326 2538 4098
7761 2 2 2 11 3979 371 4022
7762 2 2 2 11 4064 4022 3779
7763 2 2 2 11 3979 4022 4064
7764 2 2 2 11 3980 369 4020
7765 2 2 2 11 4066 4020 3780
7766 2 2 2 11 3980 4020 4066
7767 2 2 2 11 3981 372 4021
7768 2 2 2 11 4065 4021 3778
7769 2 2 2 11 3981 4021 4065
7770 2 2 2 11 3978 370 4019
7771 2 2 2 11 4063 4019 3777
7772 2 2 2 11 3978 4019 4063
7773 2 2 2 11 2832 2346 2382
7774 2 2 2 11 2832 2382 3907
7775 2 2 2 11 2830 2349 2385
7776 2 2 2 11 2830 2385 3905
7777 2 2 2 11 2831 2347 2383
7778 2 2 2 11 2831 2383 3906
7779 2 2 2 11 2829 2348 2384
7780 2 2 2 11 2829 2384 3904
7781 2 2 2 11 2862 1919 3779
7782 2 2 2 11 2862 3779 4060
7783 2 2 2 11 2860 1922 3780
7784 2 2 2 11 2860 3780 4061
7785 2 2 2 11 2861 1921 3778
7786 2 2 2 11 2861 3778 4062
7787 2 2 2 11 2859 1920 3777
7788 2 2 2 11 2859 3777 4059
7789 2 2 2 11 4099 2974 3660
7790 2 2 2 11 3660 1139 4099
7791 2 2 2 11 4100 2973 3661
7792 2 2 2 11 3661 1138 4100
7793 2 2 2 11 4101 2975 3659
7794 2 2 2 11 3659 1140 4101
7795 2 2 2 11 4102 2972 3662
7796 2 2 2 11 3662 1137 4102
7797 2 2 2 11 4103 1643 1649
7798 2 2 2 11 3928 1643 4103
7799 2 2 2 11 1649 2664 4103
7800 2 2 2 11 4104 1642 1648
7801 2 2 2 11 3927 1642 4104
7802 2 2 2 11 1648 2661 4104
7803 2 2 2 11 4105 1640 1651
7804 2 2 2 11 3925 1640 4105
7805 2 2 2 11 1651 2663 4105
7806 2 2 2 11 4106 1641 1650
7807 2 2 2 11 3926 1641 4106
7808 2 2 2 11 1650 2662 4106
7809 2 2 2 11 4107 2728 3928
7810 2 2 2 11 4108 2729 3927
7811 2 2 2 11 4109 2730 3926
7812 2 2 2 11 4110 2727 3925
7813 2 2 2 11 4111 1033 2705
7814 2 2 2 11 2705 3855 4111
7815 2 2 2 11 4112 1032 2704
7816 2 2 2 11 2704 3858 4112
7817 2 2 2 11 4113 1031 2703
7818 2 2 2 11 2703 3857 4113
7819 2 2 2 11 4114 1030 2702
7820 2 2 2 11 2702 3856 4114
7821 2 2 2 11 4119 920 1462
7822 2 2 2 11 4119 2970 3436
7823 2 2 2 11 1462 2970 4119
7824 2 2 2 11 4120 921 1461
7825 2 2 2 11 4120 2969 3437
7826 2 2 2 11 1461 2969 4120
7827 2 2 2 11 4121 919 1463
7828 2 2 2 11 4121 2971 3439
7829 2 2 2 11 1463 2971 4121
7830 2 2 2 11 4122 922 1460
7831 2 2 2 11 4122 2968 3438
7832 2 2 2 11 1460 2968 4122
7833 2 2 2 11 1090 3444 4127
7834 2 2 2 11 3342 3974 4127
7835 2 2 2 11 4127 3444 3342
7836 2 2 2 11 4127 3974 1090
7837 2 2 2 11 1091 3445 4128
7838 2 2 2 11 3340 3976 4128
7839 2 2 2 11 4128 3445 3340
7840 2 2 2 11 4128 3976 1091
7841 2 2 2 11 1089 3446 4129
7842 2 2 2 11 3339 3977 4129
7843 2 2 2 11 4129 3446 3339
7844 2 2 2 11 4129 3977 1089
7845 2 2 2 11 1092 3447 4130
7846 2 2 2 11 3341 3975 4130
7847 2 2 2 11 4130 3447 3341
7848 2 2 2 11 4130 3975 1092
7849 2 2 2 11 3793 134 4139
7850 2 2 2 11 4139 3945 3793
7851 2 2 2 11 3796 264 4140
7852 2 2 2 11 4140 3946 3796
7853 2 2 2 11 3794 199 4141
7854 2 2 2 11 4141 3948 3794
7855 2 2 2 11 3795 329 4142
7856 2 2 2 11 4142 3947 3795
7857 2 2 2 11 816 920 4119
7858 2 2 2 11 816 4119 3436
7859 2 2 2 11 815 919 4121
7860 2 2 2 11 815 4121 3439
7861 2 2 2 11 813 922 4122
7862 2 2 2 11 813 4122 3438
7863 2 2 2 11 814 921 4120
7864 2 2 2 11 814 4120 3437
7865 2 2 2 11 4104 2661 2835
7866 2 2 2 11 3927 4104 2835
7867 2 2 2 11 4106 2662 2836
7868 2 2 2 11 3926 4106 2836
7869 2 2 2 11 4105 2663 2833
7870 2 2 2 11 3925 4105 2833
7871 2 2 2 11 4103 2664 2834
7872 2 2 2 11 3928 4103 2834
7873 2 2 2 11 4100 1138 1032
7874 2 2 2 11 4101 1140 1030
7875 2 2 2 11 4102 1137 1031
7876 2 2 2 11 4099 1139 1033
7877 2 2 2 11 4101 1030 4114
7878 2 2 2 11 4102 1031 4113
7879 2 2 2 11 4100 1032 4112
7880 2 2 2 11 4099 1033 4111
7881 2 2 2 11 1927 3946 4140
7882 2 2 2 11 1927 4140 3999
7883 2 2 2 11 4140 264 265
7884 2 2 2 11 3999 4140 265
7885 2 2 2 11 1925 3948 4141
7886 2 2 2 11 1925 4141 4000
7887 2 2 2 11 4141 199 200
7888 2 2 2 11 4000 4141 200
7889 2 2 2 11 1926 3947 4142
7890 2 2 2 11 1926 4142 4001
7891 2 2 2 11 4142 329 330
7892 2 2 2 11 4001 4142 330
7893 2 2 2 11 1928 3945 4139
7894 2 2 2 11 1928 4139 3998
7895 2 2 2 11 4139 134 135
7896 2 2 2 11 3998 4139 135
7897 2 2 2 11 2835 4108 3927
7898 2 2 2 11 2836 4109 3926
7899 2 2 2 11 2833 4110 3925
7900 2 2 2 11 2834 4107 3928
7901 2 2 2 11 4135 1671 405
7902 2 2 2 11 405 3880 4135
7903 2 2 2 11 1671 4135 4134
7904 2 2 2 11 4136 1672 406
7905 2 2 2 11 406 3883 4136
7906 2 2 2 11 1672 4136 4133
7907 2 2 2 11 4138 1674 408
7908 2 2 2 11 408 3881 4138
7909 2 2 2 11 1674 4138 4131
7910 2 2 2 11 4137 1673 407
7911 2 2 2 11 407 3882 4137
7912 2 2 2 11 1673 4137 4132
7913 2 2 2 11 4135 3880 2974
7914 2 2 2 11 2974 4099 4135
7915 2 2 2 11 4136 3883 2973
7916 2 2 2 11 2973 4100 4136
7917 2 2 2 11 4138 3881 2975
7918 2 2 2 11 2975 4101 4138
7919 2 2 2 11 4137 3882 2972
7920 2 2 2 11 2972 4102 4137
7921 2 2 2 11 423 1673 4132
7922 2 2 2 11 4132 3857 423
7923 2 2 2 11 4113 3857 4132
7924 2 2 2 11 424 1674 4131
7925 2 2 2 11 4131 3856 424
7926 2 2 2 11 4114 3856 4131
7927 2 2 2 11 422 1672 4133
7928 2 2 2 11 4133 3858 422
7929 2 2 2 11 4112 3858 4133
7930 2 2 2 11 421 1671 4134
7931 2 2 2 11 4134 3855 421
7932 2 2 2 11 4111 3855 4134
7933 2 2 2 11 4124 2614 480
7934 2 2 2 11 480 1839 4124
7935 2 2 2 11 2614 4124 4073
7936 2 2 2 11 3908 4124 1839
7937 2 2 2 11 4125 2613 478
7938 2 2 2 11 478 1841 4125
7939 2 2 2 11 2613 4125 4074
7940 2 2 2 11 3910 4125 1841
7941 2 2 2 11 4123 2611 479
7942 2 2 2 11 479 1838 4123
7943 2 2 2 11 2611 4123 4072
7944 2 2 2 11 3909 4123 1838
7945 2 2 2 11 4126 2612 477
7946 2 2 2 11 477 1840 4126
7947 2 2 2 11 2612 4126 4071
7948 2 2 2 11 3911 4126 1840
7949 2 2 2 11 4082 940 3770
7950 2 2 2 11 4081 939 3771
7951 2 2 2 11 4080 942 3772
7952 2 2 2 11 4079 941 3773
7953 2 2 2 11 3934 3462 942
7954 2 2 2 11 3934 942 4080
7955 2 2 2 11 3934 2585 2407
7956 2 2 2 11 4080 2585 3934
7957 2 2 2 11 3936 3460 939
7958 2 2 2 11 3936 939 4081
7959 2 2 2 11 3936 2588 2408
7960 2 2 2 11 4081 2588 3936
7961 2 2 2 11 3935 3461 940
7962 2 2 2 11 3935 940 4082
7963 2 2 2 11 3935 2587 2405
7964 2 2 2 11 4082 2587 3935
7965 2 2 2 11 3933 3463 941
7966 2 2 2 11 3933 941 4079
7967 2 2 2 11 3933 2586 2406
7968 2 2 2 11 4079 2586 3933
7969 2 2 2 11 3983 745 3021
7970 2 2 2 11 3021 1225 2306
7971 2 2 2 11 3177 3021 2306
7972 2 2 2 11 3177 3983 3021
7973 2 2 2 11 3985 747 3023
7974 2 2 2 11 3023 1223 2304
7975 2 2 2 11 3175 3023 2304
7976 2 2 2 11 3175 3985 3023
7977 2 2 2 11 3986 748 3024
7978 2 2 2 11 3024 1224 2303
7979 2 2 2 11 3174 3024 2303
7980 2 2 2 11 3174 3986 3024
7981 2 2 2 11 3984 746 3022
7982 2 2 2 11 3022 1222 2305
7983 2 2 2 11 3176 3022 2305
7984 2 2 2 11 3176 3984 3022
7985 2 2 2 11 3273 3677 1174
7986 2 2 2 11 3159 1174 3677
7987 2 2 2 11 2648 3677 3199
7988 2 2 2 11 3273 3199 3677
7989 2 2 2 11 3272 3676 1175
7990 2 2 2 11 3158 1175 3676
7991 2 2 2 11 2647 3676 3201
7992 2 2 2 11 3272 3201 3676
7993 2 2 2 11 3271 3675 1176
7994 2 2 2 11 3157 1176 3675
7995 2 2 2 11 2646 3675 3200
7996 2 2 2 11 3271 3200 3675
7997 2 2 2 11 2968 3885 3438
7998 2 2 2 11 2971 3886 3439
7999 2 2 2 11 2969 3887 3437
8000 2 2 2 11 2970 3884 3436
8001 2 2 2 11 3295 588 4052
8002 2 2 2 11 588 2074 4052
8003 2 2 2 11 2121 3295 4052
8004 2 2 2 11 3835 4052 2074
8005 2 2 2 11 3911 4006 4143
8006 2 2 2 11 3909 4009 4144
8007 2 2 2 11 3908 4008 4145
8008 2 2 2 11 3910 4007 4146
8009 2 2 2 11 4151 3887 2651
8010 2 2 2 11 2627 3887 4151
8011 2 2 2 11 4152 3885 2652
8012 2 2 2 11 2630 3885 4152
8013 2 2 2 11 4153 3886 2649
8014 2 2 2 11 2629 3886 4153
8015 2 2 2 11 4154 3884 2650
8016 2 2 2 11 2628 3884 4154
8017 2 2 2 11 4145 46 45
8018 2 2 2 11 45 3908 4145
8019 2 2 2 11 4144 21 20
8020 2 2 2 11 20 3909 4144
8021 2 2 2 11 4146 71 70
8022 2 2 2 11 70 3910 4146
8023 2 2 2 11 4143 96 95
8024 2 2 2 11 95 3911 4143
8025 2 2 2 11 4137 4102 4113
8026 2 2 2 11 4137 4113 4132
8027 2 2 2 11 4138 4101 4114
8028 2 2 2 11 4138 4114 4131
8029 2 2 2 11 4136 4100 4112
8030 2 2 2 11 4136 4112 4133
8031 2 2 2 11 4135 4099 4111
8032 2 2 2 11 4135 4111 4134
8033 2 2 2 11 4151 52 51
8034 2 2 2 11 52 4151 3640
8035 2 2 2 11 2627 4151 51
8036 2 2 2 11 3957 4151 2651
8037 2 2 2 11 3640 4151 3957
8038 2 2 2 11 4152 27 26
8039 2 2 2 11 27 4152 3641
8040 2 2 2 11 2630 4152 26
8041 2 2 2 11 3955 4152 2652
8042 2 2 2 11 3641 4152 3955
8043 2 2 2 11 4153 77 76
8044 2 2 2 11 77 4153 3638
8045 2 2 2 11 2629 4153 76
8046 2 2 2 11 3956 4153 2649
8047 2 2 2 11 3638 4153 3956
8048 2 2 2 11 4154 102 101
8049 2 2 2 11 102 4154 3639
8050 2 2 2 11 2628 4154 101
8051 2 2 2 11 3954 4154 2650
8052 2 2 2 11 3639 4154 3954
8053 2 2 2 11 1923 3295 2121
8054 2 2 2 11 4118 99 98
8055 2 2 2 11 4117 74 73
8056 2 2 2 11 4116 24 23
8057 2 2 2 11 4115 49 48
8058 2 2 2 11 2834 3479 4155
8059 2 2 2 11 4155 4107 2834
8060 2 2 2 11 2836 3480 4156
8061 2 2 2 11 4156 4109 2836
8062 2 2 2 11 2835 3481 4157
8063 2 2 2 11 4157 4108 2835
8064 2 2 2 11 2833 3482 4158
8065 2 2 2 11 4158 4110 2833
8066 2 2 2 11 4159 1821 473
8067 2 2 2 11 4160 1823 475
8068 2 2 2 11 4161 1822 474
8069 2 2 2 11 4162 1824 476
8070 2 2 2 11 4156 3480 1823
8071 2 2 2 11 4157 3481 1822
8072 2 2 2 11 4158 3482 1824
8073 2 2 2 11 4155 3479 1821
8074 2 2 2 11 4160 475 1851
8075 2 2 2 11 1851 2061 4160
8076 2 2 2 11 4161 474 1852
8077 2 2 2 11 1852 2062 4161
8078 2 2 2 11 4162 476 1850
8079 2 2 2 11 1850 2060 4162
8080 2 2 2 11 4159 473 1853
8081 2 2 2 11 1853 2059 4159
8082 2 2 2 11 4118 4090 3436
8083 2 2 2 11 4117 4087 3439
8084 2 2 2 11 4116 4089 3438
8085 2 2 2 11 4115 4088 3437
8086 2 2 2 11 45 44 3908
8087 2 2 2 11 20 19 3909
8088 2 2 2 11 70 69 3910
8089 2 2 2 11 95 94 3911
8090 2 2 2 11 3347 1923 841
8091 2 2 2 11 841 2584 3347
8092 2 2 2 11 3295 1923 3347
8093 2 2 2 11 4159 2059 2919
8094 2 2 2 11 2919 2728 4107
8095 2 2 2 11 4162 2060 2916
8096 2 2 2 11 2916 2727 4110
8097 2 2 2 11 4161 2062 2917
8098 2 2 2 11 2917 2729 4108
8099 2 2 2 11 4160 2061 2918
8100 2 2 2 11 2918 2730 4109
8101 2 2 2 11 4006 3386 4163
8102 2 2 2 11 4163 4143 4006
8103 2 2 2 11 4007 3384 4164
8104 2 2 2 11 4164 4146 4007
8105 2 2 2 11 4009 3383 4165
8106 2 2 2 11 4165 4144 4009
8107 2 2 2 11 4008 3385 4166
8108 2 2 2 11 4166 4145 4008
8109 2 2 2 11 4167 3566 816
8110 2 2 2 11 4167 4090 1912
8111 2 2 2 11 1912 3566 4167
8112 2 2 2 11 816 4090 4167
8113 2 2 2 11 4168 3564 813
8114 2 2 2 11 4168 4089 1914
8115 2 2 2 11 1914 3564 4168
8116 2 2 2 11 813 4089 4168
8117 2 2 2 11 4169 3565 814
8118 2 2 2 11 4169 4088 1911
8119 2 2 2 11 1911 3565 4169
8120 2 2 2 11 814 4088 4169
8121 2 2 2 11 4170 3563 815
8122 2 2 2 11 4170 4087 1913
8123 2 2 2 11 1913 3563 4170
8124 2 2 2 11 815 4087 4170
8125 2 2 2 11 4179 72 71
8126 2 2 2 11 71 4146 4179
8127 2 2 2 11 4180 47 46
8128 2 2 2 11 46 4145 4180
8129 2 2 2 11 4181 22 21
8130 2 2 2 11 21 4144 4181
8131 2 2 2 11 4182 97 96
8132 2 2 2 11 96 4143 4182
8133 2 2 2 11 4183 1968 1129
8134 2 2 2 11 4183 2728 2919
8135 2 2 2 11 2919 1968 4183
8136 2 2 2 11 1129 2728 4183
8137 2 2 2 11 4184 1969 1132
8138 2 2 2 11 4184 2727 2916
8139 2 2 2 11 2916 1969 4184
8140 2 2 2 11 1132 2727 4184
8141 2 2 2 11 4185 1970 1130
8142 2 2 2 11 4185 2729 2917
8143 2 2 2 11 2917 1970 4185
8144 2 2 2 11 1130 2729 4185
8145 2 2 2 11 4186 1971 1131
8146 2 2 2 11 4186 2730 2918
8147 2 2 2 11 2918 1971 4186
8148 2 2 2 11 1131 2730 4186
8149 2 2 2 11 94 93 4187
8150 2 2 2 11 4187 93 4071
8151 2 2 2 11 69 68 4188
8152 2 2 2 11 4188 68 4074
8153 2 2 2 11 19 18 4189
8154 2 2 2 11 4189 18 4072
8155 2 2 2 11 44 43 4190
8156 2 2 2 11 4190 43 4073
8157 2 2 2 11 4174 4177 4148
8158 2 2 2 11 4172 4176 4147
8159 2 2 2 11 4173 4175 4149
8160 2 2 2 11 4171 4178 4150
8161 2 2 2 11 4182 4143 4163
8162 2 2 2 11 4150 4182 4163
8163 2 2 2 11 4179 4146 4164
8164 2 2 2 11 4148 4179 4164
8165 2 2 2 11 4181 4144 4165
8166 2 2 2 11 4149 4181 4165
8167 2 2 2 11 4180 4145 4166
8168 2 2 2 11 4147 4180 4166
8169 2 2 2 11 4187 3911 94
8170 2 2 2 11 4126 3911 4187
8171 2 2 2 11 4187 4071 4126
8172 2 2 2 11 4190 3908 44
8173 2 2 2 11 4124 3908 4190
8174 2 2 2 11 4190 4073 4124
8175 2 2 2 11 4189 3909 19
8176 2 2 2 11 4123 3909 4189
8177 2 2 2 11 4189 4072 4123
8178 2 2 2 11 4188 3910 69
8179 2 2 2 11 4125 3910 4188
8180 2 2 2 11 4188 4074 4125
8181 2 2 2 11 4087 4117 4174
8182 2 2 2 11 4088 4115 4172
8183 2 2 2 11 4089 4116 4173
8184 2 2 2 11 4090 4118 4171
8185 2 2 2 11 4157 1822 4161
8186 2 2 2 11 4108 4157 2917
8187 2 2 2 11 4157 4161 2917
8188 2 2 2 11 4156 1823 4160
8189 2 2 2 11 4109 4156 2918
8190 2 2 2 11 4156 4160 2918
8191 2 2 2 11 4158 1824 4162
8192 2 2 2 11 4110 4158 2916
8193 2 2 2 11 4158 4162 2916
8194 2 2 2 11 4155 1821 4159
8195 2 2 2 11 4107 4155 2919
8196 2 2 2 11 4155 4159 2919
8197 2 2 2 11 3639 3613 103
8198 2 2 2 11 103 102 3639
8199 2 2 2 11 3638 3612 78
8200 2 2 2 11 78 77 3638
8201 2 2 2 11 3640 3614 53
8202 2 2 2 11 53 52 3640
8203 2 2 2 11 3641 3615 28
8204 2 2 2 11 28 27 3641
8205 2 2 2 11 4174 3384 1913
8206 2 2 2 11 1913 4087 4174
8207 2 2 2 11 4172 3385 1911
8208 2 2 2 11 1911 4088 4172
8209 2 2 2 11 4173 3383 1914
8210 2 2 2 11 1914 4089 4173
8211 2 2 2 11 4171 3386 1912
8212 2 2 2 11 1912 4090 4171
8213 2 2 2 11 4148 4164 3384
8214 2 2 2 11 4148 3384 4174
8215 2 2 2 11 4147 4166 3385
8216 2 2 2 11 4147 3385 4172
8217 2 2 2 11 4149 4165 3383
8218 2 2 2 11 4149 3383 4173
8219 2 2 2 11 4150 4163 3386
8220 2 2 2 11 4150 3386 4171
8221 2 2 2 11 4178 4118 98
8222 2 2 2 11 4178 98 97
8223 2 2 2 11 4171 4118 4178
8224 2 2 2 11 4177 4117 73
8225 2 2 2 11 4177 73 72
8226 2 2 2 11 4174 4117 4177
8227 2 2 2 11 4176 4115 48
8228 2 2 2 11 4176 48 47
8229 2 2 2 11 4172 4115 4176
8230 2 2 2 11 4175 4116 23
8231 2 2 2 11 4175 23 22
8232 2 2 2 11 4173 4116 4175
8233 2 2 2 11 4191 3436 3884
8234 2 2 2 11 4118 3436 4191
8235 2 2 2 11 4192 3438 3885
8236 2 2 2 11 4116 3438 4192
8237 2 2 2 11 4193 3439 3886
8238 2 2 2 11 4117 3439 4193
8239 2 2 2 11 4194 3437 3887
8240 2 2 2 11 4115 3437 4194
8241 2 2 2 11 99 4118 4191
8242 2 2 2 11 100 99 4191
8243 2 2 2 11 3884 2628 4191
8244 2 2 2 11 100 4191 2628
8245 2 2 2 11 24 4116 4192
8246 2 2 2 11 25 24 4192
8247 2 2 2 11 3885 2630 4192
8248 2 2 2 11 25 4192 2630
8249 2 2 2 11 74 4117 4193
8250 2 2 2 11 75 74 4193
8251 2 2 2 11 3886 2629 4193
8252 2 2 2 11 75 4193 2629
8253 2 2 2 11 49 4115 4194
8254 2 2 2 11 50 49 4194
8255 2 2 2 11 3887 2627 4194
8256 2 2 2 11 50 4194 2627
8257 2 2 2 11 3835 4041 4195
8258 2 2 2 11 998 1933 4196
8259 2 2 2 11 4196 1216 998
8260 2 2 2 11 1000 1936 4197
8261 2 2 2 11 4197 1214 1000
8262 2 2 2 11 1001 1935 4198
8263 2 2 2 11 4198 1213 1001
8264 2 2 2 11 999 1934 4199
8265 2 2 2 11 4199 1215 999
8266 2 2 2 11 4199 122 123
8267 2 2 2 11 1215 4199 123
8268 2 2 2 11 121 122 4199
8269 2 2 2 11 121 4199 1934
8270 2 2 2 11 4197 317 318
8271 2 2 2 11 1214 4197 318
8272 2 2 2 11 316 317 4197
8273 2 2 2 11 316 4197 1936
8274 2 2 2 11 4198 252 253
8275 2 2 2 11 1213 4198 253
8276 2 2 2 11 251 252 4198
8277 2 2 2 11 251 4198 1935
8278 2 2 2 11 4196 187 188
8279 2 2 2 11 1216 4196 188
8280 2 2 2 11 186 187 4196
8281 2 2 2 11 186 4196 1933
8282 2 2 2 11 151 152 4195
8283 2 2 2 11 151 4195 4041
8284 2 2 2 11 152 153 4195
8285 2 2 2 11 4195 153 3810
8286 2 2 2 11 3810 3835 4195
8287 2 2 2 11 4148 4177 72
8288 2 2 2 11 4179 4148 72
8289 2 2 2 11 4147 4176 47
8290 2 2 2 11 4180 4147 47
8291 2 2 2 11 4149 4175 22
8292 2 2 2 11 4181 4149 22
8293 2 2 2 11 4150 4178 97
8294 2 2 2 11 4182 4150 97
8295 2 2 1 12 4212 70 71
8296 2 2 1 12 4273 90 91
8297 2 2 1 12 4279 69 70
8298 2 2 1 12 4281 102 103
8299 2 2 1 12 11 12 4282
8300 2 2 1 12 4283 12 13
8301 2 2 1 12 101 102 4286
8302 2 2 1 12 4286 102 4281
8303 2 2 1 12 4282 12 4283
8304 2 2 1 12 71 72 4287
8305 2 2 1 12 71 4287 4212
8306 2 2 1 12 4266 10 11
8307 2 2 1 12 4269 18 19
8308 2 2 1 12 4274 87 88
8309 2 2 1 12 4282 4266 11
8310 2 2 1 12 4280 89 90
8311 2 2 1 12 19 20 4285
8312 2 2 1 12 4285 4269 19
8313 2 2 1 12 4276 66 67
8314 2 2 1 12 4279 70 4212
8315 2 2 1 12 72 4260 4287
8316 2 2 1 12 4260 72 73
8317 2 2 1 12 4272 4378 4384
8318 2 2 1 12 4238 4317 4387
8319 2 2 1 12 4259 4381 4393
8320 2 2 1 12 4397 4373 4262
8321 2 2 1 12 4401 41 42
8322 2 2 1 12 4403 4317 4238
8323 2 2 1 12 4404 50 51
8324 2 2 1 12 4407 31 32
8325 2 2 1 12 4411 4402 4268
8326 2 2 1 12 4416 4369 4276
8327 2 2 1 12 4419 4412 4253
8328 2 2 1 12 51 52 4420
8329 2 2 1 12 4421 4397 4262
8330 2 2 1 12 4423 105 106
8331 2 2 1 12 4217 4411 4425
8332 2 2 1 12 4277 4397 4428
8333 2 2 1 12 4428 4367 4277
8334 2 2 1 12 4235 4416 4434
8335 2 2 1 12 4259 4402 4435
8336 2 2 1 12 4274 4415 4437
8337 2 2 1 12 4439 4436 4253
8338 2 2 1 12 4253 4412 4439
8339 2 2 1 12 4242 4432 4440
8340 2 2 1 12 4440 4380 4242
8341 2 2 1 12 4444 4368 4278
8342 2 2 1 12 4447 4416 4276
8343 2 2 1 12 4449 4378 4272
8344 2 2 1 12 4229 4375 4451
8345 2 2 1 12 4263 4414 4451
8346 2 2 1 12 4451 4375 4263
8347 2 2 1 12 4259 4393 4454
8348 2 2 1 12 43 44 4455
8349 2 2 1 12 4457 4403 4238
8350 2 2 1 12 4242 4380 4460
8351 2 2 1 12 4461 4399 4277
8352 2 2 1 12 4277 4367 4461
8353 2 2 1 12 4462 4454 4207
8354 2 2 1 12 4463 4402 4259
8355 2 2 1 12 4259 4454 4463
8356 2 2 1 12 4464 4411 4268
8357 2 2 1 12 4268 4402 4465
8358 2 2 1 12 4273 4382 4466
8359 2 2 1 12 4470 4285 4278
8360 2 2 1 12 4471 4457 4238
8361 2 2 1 12 4473 4418 4257
8362 2 2 1 12 4474 4415 4280
8363 2 2 1 12 4218 4415 4474
8364 2 2 1 12 4249 4394 4475
8365 2 2 1 12 4209 4436 4475
8366 2 2 1 12 22 23 4476
8367 2 2 1 12 4265 4471 4477
8368 2 2 1 12 4477 4283 4265
8369 2 2 1 12 4479 4396 4215
8370 2 2 1 12 16 17 4480
8371 2 2 1 12 4273 4466 4481
8372 2 2 1 12 4218 4474 4481
8373 2 2 1 12 4257 4418 4482
8374 2 2 1 12 4260 4419 4484
8375 2 2 1 12 4484 4287 4260
8376 2 2 1 12 4484 4419 4253
8377 2 2 1 12 4486 4436 4209
8378 2 2 1 12 77 78 4488
8379 2 2 1 12 4268 4465 4488
8380 2 2 1 12 4274 88 4489
8381 2 2 1 12 4280 4415 4489
8382 2 2 1 12 4489 4415 4274
8383 2 2 1 12 4276 67 4491
8384 2 2 1 12 4491 4447 4276
8385 2 2 1 12 75 76 4492
8386 2 2 1 12 4493 21 22
8387 2 2 1 12 4493 4444 4278
8388 2 2 1 12 99 100 4495
8389 2 2 1 12 4271 4430 4499
8390 2 2 1 12 4209 4447 4500
8391 2 2 1 12 4500 4486 4209
8392 2 2 1 12 4214 4457 4501
8393 2 2 1 12 4501 4458 4214
8394 2 2 1 12 4503 76 77
8395 2 2 1 12 4503 4465 4275
8396 2 2 1 12 4238 4387 4506
8397 2 2 1 12 4508 4353 4218
8398 2 2 1 12 4508 4466 4228
8399 2 2 1 12 4228 4353 4508
8400 2 2 1 12 4509 4449 4272
8401 2 2 1 12 4286 4449 4509
8402 2 2 1 12 4208 4473 4510
8403 2 2 1 12 4510 4473 4269
8404 2 2 1 12 4244 4426 4511
8405 2 2 1 12 4511 4426 4266
8406 2 2 1 12 4513 4462 4207
8407 2 2 1 12 4207 4419 4514
8408 2 2 1 12 4514 4419 4260
8409 2 2 1 12 4514 4513 4207
8410 2 2 1 12 4515 17 18
8411 2 2 1 12 18 4269 4515
8412 2 2 1 12 4212 4287 4516
8413 2 2 1 12 4519 78 79
8414 2 2 1 12 4519 4464 4268
8415 2 2 1 12 4520 69 4279
8416 2 2 1 12 4279 4486 4520
8417 2 2 1 12 4260 73 4521
8418 2 2 1 12 4522 4449 4286
8419 2 2 1 12 4286 4281 4522
8420 2 2 1 12 4213 4449 4522
8421 2 2 1 12 4523 90 4273
8422 2 2 1 12 4523 4474 4280
8423 2 2 1 12 4280 90 4523
8424 2 2 1 12 4480 17 4515
8425 2 2 1 12 4480 4515 4257
8426 2 2 1 12 4473 4257 4515
8427 2 2 1 12 4473 4515 4269
8428 2 2 1 12 4492 76 4503
8429 2 2 1 12 4492 4503 4275
8430 2 2 1 12 4484 4253 4516
8431 2 2 1 12 4484 4516 4287
8432 2 2 1 12 4489 88 89
8433 2 2 1 12 4280 4489 89
8434 2 2 1 12 4488 78 4519
8435 2 2 1 12 4488 4519 4268
8436 2 2 1 12 68 69 4520
8437 2 2 1 12 4521 73 74
8438 2 2 1 12 4424 4236 4347
8439 2 2 1 12 4325 4424 4347
8440 2 2 1 12 4467 4250 4340
8441 2 2 1 12 4394 4249 4372
8442 2 2 1 12 4372 4249 4429
8443 2 2 1 12 4409 4232 4408
8444 2 2 1 12 4400 4262 4373
8445 2 2 1 12 4405 4229 4483
8446 2 2 1 12 4397 4277 4479
8447 2 2 1 12 4430 4433 4377
8448 2 2 1 12 4449 4213 4427
8449 2 2 1 12 4378 4449 4427
8450 2 2 1 12 4383 4384 4378
8451 2 2 1 12 4380 4440 4392
8452 2 2 1 12 4398 4234 4460
8453 2 2 1 12 4398 4460 4380
8454 2 2 1 12 4349 28 29
8455 2 2 1 12 4404 51 4420
8456 2 2 1 12 4485 4229 4405
8457 2 2 1 12 4432 4242 4453
8458 2 2 1 12 4422 4207 4454
8459 2 2 1 12 4422 4454 4393
8460 2 2 1 12 4434 4209 4475
8461 2 2 1 12 4434 4475 4394
8462 2 2 1 12 4479 4277 4399
8463 2 2 1 12 4396 4479 4399
8464 2 2 1 12 4421 4428 4397
8465 2 2 1 12 4461 4216 4456
8466 2 2 1 12 4399 4461 4456
8467 2 2 1 12 4411 4217 4435
8468 2 2 1 12 4411 4435 4402
8469 2 2 1 12 4463 4275 4465
8470 2 2 1 12 4463 4465 4402
8471 2 2 1 12 4457 4214 4442
8472 2 2 1 12 4403 4457 4442
8473 2 2 1 12 4426 4244 4505
8474 2 2 1 12 4464 4258 4425
8475 2 2 1 12 4411 4464 4425
8476 2 2 1 12 4419 4207 4422
8477 2 2 1 12 4419 4422 4412
8478 2 2 1 12 4429 4249 4439
8479 2 2 1 12 4429 4439 4412
8480 2 2 1 12 4483 4229 4451
8481 2 2 1 12 4414 4483 4451
8482 2 2 1 12 4417 4222 4437
8483 2 2 1 12 4447 4209 4434
8484 2 2 1 12 4416 4447 4434
8485 2 2 1 12 4442 4214 4482
8486 2 2 1 12 4442 4482 4418
8487 2 2 1 12 4431 4261 4499
8488 2 2 1 12 4431 4499 4430
8489 2 2 1 12 4432 4496 4440
8490 2 2 1 12 4439 4249 4475
8491 2 2 1 12 4439 4475 4436
8492 2 2 1 12 4493 22 4476
8493 2 2 1 12 4444 4493 4476
8494 2 2 1 12 4491 4500 4447
8495 2 2 1 12 4462 4275 4463
8496 2 2 1 12 4462 4463 4454
8497 2 2 1 12 4471 4265 4501
8498 2 2 1 12 4471 4501 4457
8499 2 2 1 12 4480 4257 4482
8500 2 2 1 12 4503 77 4488
8501 2 2 1 12 4465 4503 4488
8502 2 2 1 12 4508 4218 4481
8503 2 2 1 12 4466 4508 4481
8504 2 2 1 12 4523 4273 4481
8505 2 2 1 12 4474 4523 4481
8506 2 2 1 12 4487 4244 4511
8507 2 2 1 12 4500 4520 4486
8508 2 2 1 12 4514 4260 4521
8509 2 2 1 12 4514 4521 4513
8510 2 2 1 12 4469 53 54
8511 2 2 1 12 103 104 4498
8512 2 2 1 12 4498 4281 103
8513 2 2 1 12 39 40 4445
8514 2 2 1 12 4518 14 15
8515 2 2 1 12 15 4458 4518
8516 2 2 1 12 4501 4265 4518
8517 2 2 1 12 4458 4501 4518
8518 2 2 1 12 62 63 4438
8519 2 2 1 12 4497 37 38
8520 2 2 1 12 55 56 4507
8521 2 2 1 12 4494 4414 4263
8522 2 2 1 12 4512 80 81
8523 2 2 1 12 4512 4452 4258
8524 2 2 1 12 4517 45 46
8525 2 2 1 12 44 45 4517
8526 2 2 1 12 4517 4455 44
8527 2 2 1 12 4251 4455 4517
8528 2 2 1 12 4458 15 16
8529 2 2 1 12 4480 4458 16
8530 2 2 1 12 4214 4458 4482
8531 2 2 1 12 4480 4482 4458
8532 2 2 1 12 48 49 4443
8533 2 2 1 12 4487 4502 4210
8534 2 2 1 12 4266 4282 4502
8535 2 2 1 12 4266 4502 4511
8536 2 2 1 12 4487 4511 4502
8537 2 2 1 12 4509 100 101
8538 2 2 1 12 101 4286 4509
8539 2 2 1 12 4272 4495 4509
8540 2 2 1 12 4495 100 4509
8541 2 2 1 12 4502 4477 4210
8542 2 2 1 12 4283 4477 4502
8543 2 2 1 12 4502 4282 4283
8544 2 2 1 12 4510 4470 4208
8545 2 2 1 12 4285 4470 4510
8546 2 2 1 12 4510 4269 4285
8547 2 2 1 12 4275 4462 4492
8548 2 2 1 12 4462 4513 4492
8549 2 2 1 12 4518 13 14
8550 2 2 1 12 13 4265 4283
8551 2 2 1 12 4265 13 4518
8552 2 2 1 12 4253 4436 4516
8553 2 2 1 12 4279 4212 4516
8554 2 2 1 12 4486 4279 4516
8555 2 2 1 12 4436 4486 4516
8556 2 2 1 12 4506 4210 4477
8557 2 2 1 12 4506 4471 4238
8558 2 2 1 12 4471 4506 4477
8559 2 2 1 12 4220 4208 4470
8560 2 2 1 12 4504 4213 4522
8561 2 2 1 12 4311 4527 4566
8562 2 2 1 12 4568 4554 4300
8563 2 2 1 12 4297 4541 4569
8564 2 2 1 12 4307 4550 4578
8565 2 2 1 12 4579 4557 4204
8566 2 2 1 12 4584 4566 4200
8567 2 2 1 12 4585 4584 4200
8568 2 2 1 12 4593 4582 4319
8569 2 2 1 12 4597 4593 4319
8570 2 2 1 12 4599 4583 4305
8571 2 2 1 12 4600 4547 4326
8572 2 2 1 12 4600 4575 4299
8573 2 2 1 12 4231 4588 4602
8574 2 2 1 12 4295 4579 4607
8575 2 2 1 12 4295 4589 4609
8576 2 2 1 12 4610 4609 4343
8577 2 2 1 12 4450 4224 4611
8578 2 2 1 12 4612 4544 4339
8579 2 2 1 12 4616 4571 4294
8580 2 2 1 12 4616 4603 4390
8581 2 2 1 12 4617 4601 4202
8582 2 2 1 12 4246 4559 4620
8583 2 2 1 12 4233 4608 4622
8584 2 2 1 12 4627 4578 4201
8585 2 2 1 12 4201 4606 4627
8586 2 2 1 12 4224 4450 4628
8587 2 2 1 12 4322 4606 4629
8588 2 2 1 12 4631 4603 4297
8589 2 2 1 12 4201 4575 4634
8590 2 2 1 12 4634 4606 4201
8591 2 2 1 12 4303 4596 4636
8592 2 2 1 12 4202 4601 4636
8593 2 2 1 12 4637 4558 4270
8594 2 2 1 12 4321 4597 4638
8595 2 2 1 12 4246 4598 4638
8596 2 2 1 12 4497 38 4641
8597 2 2 1 12 4309 4561 4643
8598 2 2 1 12 4643 4618 4309
8599 2 2 1 12 4299 4572 4646
8600 2 2 1 12 4647 55 4507
8601 2 2 1 12 4362 4594 4649
8602 2 2 1 12 4650 4572 4227
8603 2 2 1 12 4650 4611 4296
8604 2 2 1 12 4651 4573 4318
8605 2 2 1 12 4652 4585 4200
8606 2 2 1 12 4302 4549 4653
8607 2 2 1 12 4654 4602 4320
8608 2 2 1 12 4654 4639 4357
8609 2 2 1 12 4478 4562 4655
8610 2 2 1 12 4305 4587 4656
8611 2 2 1 12 4660 4628 4450
8612 2 2 1 12 4374 4628 4660
8613 2 2 1 12 4296 4611 4661
8614 2 2 1 12 4661 4611 4224
8615 2 2 1 12 4329 4584 4662
8616 2 2 1 12 4665 4624 4203
8617 2 2 1 12 4666 4571 4223
8618 2 2 1 12 4223 4657 4667
8619 2 2 1 12 4670 4659 4362
8620 2 2 1 12 4295 4607 4672
8621 2 2 1 12 4674 4561 4309
8622 2 2 1 12 4309 4570 4674
8623 2 2 1 12 4226 4621 4675
8624 2 2 1 12 4332 4666 4676
8625 2 2 1 12 4341 4637 4677
8626 2 2 1 12 4678 4575 4201
8627 2 2 1 12 4201 4618 4678
8628 2 2 1 12 4302 4653 4679
8629 2 2 1 12 4679 4653 4220
8630 2 2 1 12 4682 4669 4390
8631 2 2 1 12 4687 4615 4320
8632 2 2 1 12 4688 4657 4223
8633 2 2 1 12 4688 4669 4346
8634 2 2 1 12 4348 4556 4689
8635 2 2 1 12 4323 4608 4690
8636 2 2 1 12 4389 4633 4690
8637 2 2 1 12 4691 4666 4223
8638 2 2 1 12 4223 4667 4691
8639 2 2 1 12 4692 4539 4294
8640 2 2 1 12 4692 4630 4318
8641 2 2 1 12 4227 4572 4694
8642 2 2 1 12 4695 4623 4324
8643 2 2 1 12 4696 4559 4246
8644 2 2 1 12 4696 4597 4319
8645 2 2 1 12 4697 4588 4231
8646 2 2 1 12 4698 4572 4299
8647 2 2 1 12 4698 4668 4308
8648 2 2 1 12 4308 4668 4701
8649 2 2 1 12 4243 4700 4703
8650 2 2 1 12 4707 4624 4356
8651 2 2 1 12 4707 4663 4371
8652 2 2 1 12 4708 4540 4306
8653 2 2 1 12 4708 4596 4303
8654 2 2 1 12 4389 4590 4709
8655 2 2 1 12 4301 4604 4709
8656 2 2 1 12 4306 4540 4710
8657 2 2 1 12 4305 4583 4710
8658 2 2 1 12 4356 4682 4711
8659 2 2 1 12 4329 4662 4712
8660 2 2 1 12 4338 4700 4712
8661 2 2 1 12 4713 4562 4358
8662 2 2 1 12 4714 4556 4348
8663 2 2 1 12 4714 4598 4246
8664 2 2 1 12 4323 4683 4715
8665 2 2 1 12 4716 4527 4311
8666 2 2 1 12 4717 4583 4371
8667 2 2 1 12 4717 4671 4306
8668 2 2 1 12 4315 4577 4719
8669 2 2 1 12 4720 4625 4255
8670 2 2 1 12 4335 4713 4721
8671 2 2 1 12 4294 4539 4722
8672 2 2 1 12 4297 4603 4722
8673 2 2 1 12 4452 4512 4723
8674 2 2 1 12 4724 4693 4328
8675 2 2 1 12 4328 4588 4724
8676 2 2 1 12 4725 4718 4322
8677 2 2 1 12 4315 4719 4726
8678 2 2 1 12 4215 4396 4727
8679 2 2 1 12 4361 4633 4728
8680 2 2 1 12 4226 4675 4728
8681 2 2 1 12 4729 4703 4334
8682 2 2 1 12 4730 4563 4354
8683 2 2 1 12 4730 4642 4221
8684 2 2 1 12 4359 4664 4731
8685 2 2 1 12 4406 4702 4731
8686 2 2 1 12 4732 4719 4336
8687 2 2 1 12 4406 4596 4734
8688 2 2 1 12 4306 4671 4734
8689 2 2 1 12 4735 4441 4247
8690 2 2 1 12 4736 4630 4332
8691 2 2 1 12 4736 4704 4237
8692 2 2 1 12 4316 4598 4738
8693 2 2 1 12 4348 4733 4738
8694 2 2 1 12 4294 4571 4739
8695 2 2 1 12 4332 4630 4739
8696 2 2 1 12 4248 4448 4740
8697 2 2 1 12 4741 4387 4317
8698 2 2 1 12 4741 4672 4206
8699 2 2 1 12 4311 4566 4742
8700 2 2 1 12 4329 4658 4742
8701 2 2 1 12 4743 4680 4205
8702 2 2 1 12 4744 4392 4366
8703 2 2 1 12 4324 4623 4748
8704 2 2 1 12 4254 4725 4748
8705 2 2 1 12 4749 4651 4318
8706 2 2 1 12 4750 4697 4231
8707 2 2 1 12 4361 4658 4751
8708 2 2 1 12 4243 4683 4751
8709 2 2 1 12 4335 4721 4752
8710 2 2 1 12 4314 4593 4753
8711 2 2 1 12 4753 4740 4314
8712 2 2 1 12 4302 4679 4754
8713 2 2 1 12 4754 4685 4302
8714 2 2 1 12 4755 4551 4301
8715 2 2 1 12 4755 4590 4312
8716 2 2 1 12 4758 4550 4307
8717 2 2 1 12 4758 4631 4297
8718 2 2 1 12 4254 4684 4759
8719 2 2 1 12 4761 4605 4343
8720 2 2 1 12 4343 4686 4761
8721 2 2 1 12 4762 4721 4222
8722 2 2 1 12 4764 4267 4433
8723 2 2 1 12 4497 4267 4764
8724 2 2 1 12 4433 4763 4764
8725 2 2 1 12 4248 4740 4765
8726 2 2 1 12 4321 4747 4765
8727 2 2 1 12 4255 4681 4766
8728 2 2 1 12 4301 4551 4767
8729 2 2 1 12 4305 4656 4767
8730 2 2 1 12 4768 4604 4226
8731 2 2 1 12 4768 4633 4389
8732 2 2 1 12 4769 4662 4313
8733 2 2 1 12 4313 4735 4769
8734 2 2 1 12 4770 4628 4374
8735 2 2 1 12 4374 4746 4770
8736 2 2 1 12 4365 4749 4771
8737 2 2 1 12 4772 4576 4324
8738 2 2 1 12 4772 4725 4322
8739 2 2 1 12 4773 4604 4301
8740 2 2 1 12 4773 4656 4344
8741 2 2 1 12 4774 4589 4317
8742 2 2 1 12 4317 4403 4774
8743 2 2 1 12 4230 4589 4774
8744 2 2 1 12 4775 4704 4330
8745 2 2 1 12 4223 4571 4776
8746 2 2 1 12 4390 4669 4776
8747 2 2 1 12 4459 4284 4777
8748 2 2 1 12 4778 4590 4389
8749 2 2 1 12 4778 4608 4233
8750 2 2 1 12 4382 4659 4779
8751 2 2 1 12 4371 4583 4780
8752 2 2 1 12 4203 4624 4780
8753 2 2 1 12 4231 4602 4781
8754 2 2 1 12 4782 4623 4341
8755 2 2 1 12 4782 4684 4254
8756 2 2 1 12 4783 4577 4315
8757 2 2 1 12 4783 4752 4331
8758 2 2 1 12 4296 4661 4784
8759 2 2 1 12 4315 4726 4785
8760 2 2 1 12 4786 4598 4316
8761 2 2 1 12 4786 4747 4321
8762 2 2 1 12 4787 4749 4318
8763 2 2 1 12 4318 4630 4787
8764 2 2 1 12 4205 4706 4788
8765 2 2 1 12 4788 4743 4205
8766 2 2 1 12 4789 4588 4328
8767 2 2 1 12 4789 4687 4320
8768 2 2 1 12 4344 4567 4790
8769 2 2 1 12 4226 4604 4790
8770 2 2 1 12 4791 4596 4406
8771 2 2 1 12 4791 4664 4202
8772 2 2 1 12 4792 4658 4361
8773 2 2 1 12 4792 4675 4311
8774 2 2 1 12 4793 4641 4445
8775 2 2 1 12 4421 4262 4795
8776 2 2 1 12 4795 4262 4507
8777 2 2 1 12 4795 4745 4421
8778 2 2 1 12 4796 4614 4211
8779 2 2 1 12 4796 4733 4348
8780 2 2 1 12 4797 4591 4231
8781 2 2 1 12 4364 4591 4797
8782 2 2 1 12 4231 4781 4797
8783 2 2 1 12 4341 4623 4798
8784 2 2 1 12 4799 4553 4303
8785 2 2 1 12 4799 4601 4291
8786 2 2 1 12 4332 4676 4800
8787 2 2 1 12 4330 4704 4800
8788 2 2 1 12 4335 4752 4801
8789 2 2 1 12 4315 4785 4801
8790 2 2 1 12 4802 4589 4230
8791 2 2 1 12 4802 4686 4343
8792 2 2 1 12 4803 4658 4329
8793 2 2 1 12 4803 4700 4243
8794 2 2 1 12 4804 4633 4361
8795 2 2 1 12 4804 4683 4323
8796 2 2 1 12 4299 4575 4805
8797 2 2 1 12 4350 4668 4805
8798 2 2 1 12 65 66 4807
8799 2 2 1 12 4276 4369 4807
8800 2 2 1 12 4807 66 4276
8801 2 2 1 12 4384 4383 4808
8802 2 2 1 12 4224 4628 4808
8803 2 2 1 12 4256 4806 4809
8804 2 2 1 12 4341 4677 4811
8805 2 2 1 12 4359 4684 4811
8806 2 2 1 12 4812 4561 4241
8807 2 2 1 12 4812 4668 4350
8808 2 2 1 12 4331 4762 4813
8809 2 2 1 12 4413 4810 4813
8810 2 2 1 12 4815 4435 4217
8811 2 2 1 12 4241 4561 4816
8812 2 2 1 12 4363 4810 4816
8813 2 2 1 12 4817 4735 4247
8814 2 2 1 12 4817 4794 4338
8815 2 2 1 12 4336 4651 4818
8816 2 2 1 12 4365 4815 4818
8817 2 2 1 12 4346 4665 4819
8818 2 2 1 12 4327 4591 4820
8819 2 2 1 12 4820 4591 4364
8820 2 2 1 12 4821 4262 4400
8821 2 2 1 12 4821 4647 4507
8822 2 2 1 12 4507 4262 4821
8823 2 2 1 12 4822 4807 4369
8824 2 2 1 12 65 4807 4822
8825 2 2 1 12 4824 4781 4357
8826 2 2 1 12 4312 4366 4825
8827 2 2 1 12 4827 4771 4237
8828 2 2 1 12 4376 4793 4828
8829 2 2 1 12 4828 4747 4376
8830 2 2 1 12 4830 4702 4406
8831 2 2 1 12 4831 4794 4385
8832 2 2 1 12 4831 4809 4334
8833 2 2 1 12 4832 4655 4335
8834 2 2 1 12 4832 4785 4252
8835 2 2 1 12 82 83 4834
8836 2 2 1 12 4834 83 4478
8837 2 2 1 12 4834 4723 82
8838 2 2 1 12 4355 4409 4835
8839 2 2 1 12 4835 4409 4408
8840 2 2 1 12 4835 4759 4355
8841 2 2 1 12 4836 4793 4445
8842 2 2 1 12 4837 4664 4359
8843 2 2 1 12 4838 4213 4504
8844 2 2 1 12 4840 4836 4445
8845 2 2 1 12 4227 4564 4841
8846 2 2 1 12 4450 4611 4841
8847 2 2 1 12 4842 4676 4345
8848 2 2 1 12 4842 4680 4330
8849 2 2 1 12 4844 4732 4336
8850 2 2 1 12 4844 4815 4217
8851 2 2 1 12 4388 4775 4845
8852 2 2 1 12 4845 4239 4388
8853 2 2 1 12 4371 4663 4846
8854 2 2 1 12 4376 4747 4847
8855 2 2 1 12 4848 4683 4243
8856 2 2 1 12 4243 4703 4848
8857 2 2 1 12 4849 4847 4316
8858 2 2 1 12 4850 4581 4331
8859 2 2 1 12 4850 4810 4363
8860 2 2 1 12 4853 4684 4359
8861 2 2 1 12 4853 4702 4355
8862 2 2 1 12 4854 4264 4325
8863 2 2 1 12 4854 4838 4504
8864 2 2 1 12 4504 4264 4854
8865 2 2 1 12 4237 4704 4856
8866 2 2 1 12 4856 4827 4237
8867 2 2 1 12 4857 4589 4295
8868 2 2 1 12 4317 4589 4857
8869 2 2 1 12 4295 4672 4857
8870 2 2 1 12 4300 4554 4858
8871 2 2 1 12 4469 4647 4863
8872 2 2 1 12 4338 4794 4864
8873 2 2 1 12 4864 4700 4338
8874 2 2 1 12 4865 4810 4413
8875 2 2 1 12 4330 4680 4866
8876 2 2 1 12 4866 4775 4330
8877 2 2 1 12 4202 4664 4868
8878 2 2 1 12 4339 4625 4869
8879 2 2 1 12 4870 4637 4270
8880 2 2 1 12 4871 4667 4337
8881 2 2 1 12 4871 4855 4345
8882 2 2 1 12 4873 4208 4220
8883 2 2 1 12 4220 4843 4873
8884 2 2 1 12 4874 4867 4354
8885 2 2 1 12 4354 4563 4874
8886 2 2 1 12 4875 4496 4284
8887 2 2 1 12 4395 4496 4875
8888 2 2 1 12 4876 4608 4323
8889 2 2 1 12 4878 4564 4227
8890 2 2 1 12 4879 47 48
8891 2 2 1 12 4882 4733 4377
8892 2 2 1 12 4882 4849 4316
8893 2 2 1 12 4883 4806 4256
8894 2 2 1 12 4883 4863 4400
8895 2 2 1 12 4352 4663 4885
8896 2 2 1 12 4356 4711 4885
8897 2 2 1 12 4333 4394 4886
8898 2 2 1 12 4886 4394 4372
8899 2 2 1 12 4886 4706 4333
8900 2 2 1 12 4887 4682 4390
8901 2 2 1 12 4390 4603 4887
8902 2 2 1 12 4888 4448 4248
8903 2 2 1 12 4401 4448 4888
8904 2 2 1 12 4248 4836 4888
8905 2 2 1 12 4889 4568 4300
8906 2 2 1 12 4300 4639 4889
8907 2 2 1 12 4376 4847 4890
8908 2 2 1 12 4398 4622 4891
8909 2 2 1 12 4346 4819 4895
8910 2 2 1 12 4349 29 4896
8911 2 2 1 12 4896 4681 4349
8912 2 2 1 12 4404 4877 4899
8913 2 2 1 12 4381 4259 4900
8914 2 2 1 12 4900 4259 4435
8915 2 2 1 12 98 99 4902
8916 2 2 1 12 4495 4746 4902
8917 2 2 1 12 4902 99 4495
8918 2 2 1 12 4904 4453 4245
8919 2 2 1 12 4905 4579 4204
8920 2 2 1 12 4204 4615 4905
8921 2 2 1 12 4410 4897 4906
8922 2 2 1 12 4494 4263 4907
8923 2 2 1 12 4426 4505 4908
8924 2 2 1 12 4911 4285 20
8925 2 2 1 12 4278 4285 4911
8926 2 2 1 12 20 21 4911
8927 2 2 1 12 4912 4485 4216
8928 2 2 1 12 4322 4718 4913
8929 2 2 1 12 4913 4606 4322
8930 2 2 1 12 4356 4624 4914
8931 2 2 1 12 4346 4669 4914
8932 2 2 1 12 4915 4483 4414
8933 2 2 1 12 4487 4360 4916
8934 2 2 1 12 4916 4244 4487
8935 2 2 1 12 4916 4360 4342
8936 2 2 1 12 4459 4855 4917
8937 2 2 1 12 4918 4452 4252
8938 2 2 1 12 4400 4373 4919
8939 2 2 1 12 4408 4718 4920
8940 2 2 1 12 4254 4759 4920
8941 2 2 1 12 4365 4771 4922
8942 2 2 1 12 4203 4635 4923
8943 2 2 1 12 4923 4665 4203
8944 2 2 1 12 4217 4425 4928
8945 2 2 1 12 4388 4239 4929
8946 2 2 1 12 4307 4578 4931
8947 2 2 1 12 4377 4733 4932
8948 2 2 1 12 4498 4264 4933
8949 2 2 1 12 4933 4264 4504
8950 2 2 1 12 4933 4281 4498
8951 2 2 1 12 4478 4655 4934
8952 2 2 1 12 4216 4485 4936
8953 2 2 1 12 4333 4706 4937
8954 2 2 1 12 4351 4756 4937
8955 2 2 1 12 4393 4929 4938
8956 2 2 1 12 4938 4422 4393
8957 2 2 1 12 4938 4929 4239
8958 2 2 1 12 4939 4762 4222
8959 2 2 1 12 4313 4585 4941
8960 2 2 1 12 4438 4903 4942
8961 2 2 1 12 4943 4403 4442
8962 2 2 1 12 4944 4272 4384
8963 2 2 1 12 4944 4746 4495
8964 2 2 1 12 4495 4272 4944
8965 2 2 1 12 42 43 4945
8966 2 2 1 12 4945 4401 42
8967 2 2 1 12 4946 4877 4404
8968 2 2 1 12 4235 4434 4947
8969 2 2 1 12 4947 4434 4394
8970 2 2 1 12 4327 4838 4948
8971 2 2 1 12 4948 4591 4327
8972 2 2 1 12 4949 4729 4334
8973 2 2 1 12 4337 4894 4950
8974 2 2 1 12 4373 4397 4952
8975 2 2 1 12 4952 4397 4479
8976 2 2 1 12 4369 4416 4953
8977 2 2 1 12 4469 4863 4954
8978 2 2 1 12 4954 4851 4469
8979 2 2 1 12 4385 4794 4955
8980 2 2 1 12 4247 4877 4955
8981 2 2 1 12 4957 4433 4267
8982 2 2 1 12 4377 4433 4957
8983 2 2 1 12 4267 4849 4957
8984 2 2 1 12 4958 4258 4464
8985 2 2 1 12 4512 4258 4958
8986 2 2 1 12 4420 4851 4959
8987 2 2 1 12 4961 4453 4242
8988 2 2 1 12 4242 4460 4961
8989 2 2 1 12 4399 4456 4962
8990 2 2 1 12 4962 4396 4399
8991 2 2 1 12 4256 4809 4964
8992 2 2 1 12 4965 4679 4220
8993 2 2 1 12 4505 4244 4967
8994 2 2 1 12 4967 4240 4505
8995 2 2 1 12 4444 4476 4969
8996 2 2 1 12 4970 31 4407
8997 2 2 1 12 4971 4862 4383
8998 2 2 1 12 46 47 4973
8999 2 2 1 12 4974 4460 4234
9000 2 2 1 12 4975 4425 4258
9001 2 2 1 12 4258 4452 4975
9002 2 2 1 12 4415 4218 4976
9003 2 2 1 12 4417 4437 4976
9004 2 2 1 12 4976 4437 4415
9005 2 2 1 12 4427 4213 4838
9006 2 2 1 12 4427 4838 4327
9007 2 2 1 12 4967 4244 4916
9008 2 2 1 12 4342 4967 4916
9009 2 2 1 12 4490 4825 4366
9010 2 2 1 12 4943 4230 4774
9011 2 2 1 12 4403 4943 4774
9012 2 2 1 12 4425 4975 4928
9013 2 2 1 12 4898 4284 4496
9014 2 2 1 12 4432 4898 4496
9015 2 2 1 12 4918 4975 4452
9016 2 2 1 12 4974 4234 4962
9017 2 2 1 12 4456 4974 4962
9018 2 2 1 12 4460 4974 4961
9019 2 2 1 12 4483 4915 4897
9020 2 2 1 12 4912 4375 4229
9021 2 2 1 12 4485 4912 4229
9022 2 2 1 12 4907 60 61
9023 2 2 1 12 4494 4907 61
9024 2 2 1 12 4522 4281 4933
9025 2 2 1 12 4522 4933 4504
9026 2 2 1 12 30 31 4970
9027 2 2 1 12 35 36 4763
9028 2 2 1 12 4911 21 4493
9029 2 2 1 12 4278 4911 4493
9030 2 2 1 12 4625 4339 4544
9031 2 2 1 12 4533 4625 4544
9032 2 2 1 12 4610 4343 4605
9033 2 2 1 12 4534 4610 4605
9034 2 2 1 12 4535 4784 4563
9035 2 2 1 12 4642 4357 4639
9036 2 2 1 12 4536 4642 4639
9037 2 2 1 12 4541 4297 4722
9038 2 2 1 12 4541 4722 4539
9039 2 2 1 12 4692 4318 4573
9040 2 2 1 12 4539 4692 4573
9041 2 2 1 12 4587 4305 4710
9042 2 2 1 12 4587 4710 4540
9043 2 2 1 12 4549 4673 4653
9044 2 2 1 12 4618 4201 4578
9045 2 2 1 12 4550 4618 4578
9046 2 2 1 12 4758 4297 4569
9047 2 2 1 12 4550 4758 4569
9048 2 2 1 12 4599 4305 4767
9049 2 2 1 12 4599 4767 4551
9050 2 2 1 12 4755 4312 4635
9051 2 2 1 12 4551 4755 4635
9052 2 2 1 12 4799 4291 4619
9053 2 2 1 12 4553 4799 4619
9054 2 2 1 12 4940 4204 4557
9055 2 2 1 12 4555 4940 4557
9056 2 2 1 12 4714 4246 4620
9057 2 2 1 12 4556 4714 4620
9058 2 2 1 12 4579 4295 4760
9059 2 2 1 12 4579 4760 4557
9060 2 2 1 12 4637 4341 4798
9061 2 2 1 12 4637 4798 4558
9062 2 2 1 12 4696 4319 4560
9063 2 2 1 12 4559 4696 4560
9064 2 2 1 12 4812 4350 4643
9065 2 2 1 12 4561 4812 4643
9066 2 2 1 12 4674 4363 4816
9067 2 2 1 12 4674 4816 4561
9068 2 2 1 12 4713 4335 4655
9069 2 2 1 12 4562 4713 4655
9070 2 2 1 12 4649 4450 4841
9071 2 2 1 12 4649 4841 4564
9072 2 2 1 12 4584 4329 4742
9073 2 2 1 12 4584 4742 4566
9074 2 2 1 12 4621 4226 4790
9075 2 2 1 12 4621 4790 4567
9076 2 2 1 12 4889 4320 4615
9077 2 2 1 12 4568 4889 4615
9078 2 2 1 12 4644 4363 4674
9079 2 2 1 12 4644 4674 4570
9080 2 2 1 12 4666 4332 4739
9081 2 2 1 12 4666 4739 4571
9082 2 2 1 12 4616 4390 4776
9083 2 2 1 12 4616 4776 4571
9084 2 2 1 12 4650 4296 4646
9085 2 2 1 12 4572 4650 4646
9086 2 2 1 12 4698 4308 4694
9087 2 2 1 12 4572 4698 4694
9088 2 2 1 12 4651 4336 4586
9089 2 2 1 12 4573 4651 4586
9090 2 2 1 12 4617 4202 4868
9091 2 2 1 12 4617 4868 4574
9092 2 2 1 12 4678 4350 4805
9093 2 2 1 12 4678 4805 4575
9094 2 2 1 12 4600 4326 4634
9095 2 2 1 12 4600 4634 4575
9096 2 2 1 12 4772 4322 4629
9097 2 2 1 12 4576 4772 4629
9098 2 2 1 12 4783 4331 4581
9099 2 2 1 12 4577 4783 4581
9100 2 2 1 12 4586 4336 4719
9101 2 2 1 12 4586 4719 4577
9102 2 2 1 12 4627 4931 4578
9103 2 2 1 12 4579 4905 4607
9104 2 2 1 12 4850 4363 4644
9105 2 2 1 12 4581 4850 4644
9106 2 2 1 12 4599 4203 4780
9107 2 2 1 12 4599 4780 4583
9108 2 2 1 12 4717 4306 4710
9109 2 2 1 12 4583 4717 4710
9110 2 2 1 12 4585 4313 4662
9111 2 2 1 12 4585 4662 4584
9112 2 2 1 12 4697 4724 4588
9113 2 2 1 12 4789 4320 4602
9114 2 2 1 12 4588 4789 4602
9115 2 2 1 12 4802 4343 4609
9116 2 2 1 12 4589 4802 4609
9117 2 2 1 12 4755 4301 4709
9118 2 2 1 12 4590 4755 4709
9119 2 2 1 12 4597 4321 4753
9120 2 2 1 12 4597 4753 4593
9121 2 2 1 12 4660 4450 4649
9122 2 2 1 12 4594 4660 4649
9123 2 2 1 12 4791 4202 4636
9124 2 2 1 12 4596 4791 4636
9125 2 2 1 12 4708 4306 4734
9126 2 2 1 12 4708 4734 4596
9127 2 2 1 12 4696 4246 4638
9128 2 2 1 12 4597 4696 4638
9129 2 2 1 12 4786 4321 4638
9130 2 2 1 12 4598 4786 4638
9131 2 2 1 12 4714 4348 4738
9132 2 2 1 12 4714 4738 4598
9133 2 2 1 12 4799 4303 4636
9134 2 2 1 12 4601 4799 4636
9135 2 2 1 12 4654 4357 4781
9136 2 2 1 12 4654 4781 4602
9137 2 2 1 12 4631 4225 4887
9138 2 2 1 12 4631 4887 4603
9139 2 2 1 12 4616 4294 4722
9140 2 2 1 12 4616 4722 4603
9141 2 2 1 12 4773 4344 4790
9142 2 2 1 12 4773 4790 4604
9143 2 2 1 12 4768 4389 4709
9144 2 2 1 12 4604 4768 4709
9145 2 2 1 12 4605 4761 4673
9146 2 2 1 12 4606 4913 4627
9147 2 2 1 12 4634 4326 4629
9148 2 2 1 12 4606 4634 4629
9149 2 2 1 12 4956 4206 4672
9150 2 2 1 12 4607 4956 4672
9151 2 2 1 12 4608 4876 4622
9152 2 2 1 12 4778 4389 4690
9153 2 2 1 12 4608 4778 4690
9154 2 2 1 12 4650 4227 4841
9155 2 2 1 12 4650 4841 4611
9156 2 2 1 12 4796 4348 4689
9157 2 2 1 12 4614 4796 4689
9158 2 2 1 12 4687 4905 4615
9159 2 2 1 12 4643 4350 4678
9160 2 2 1 12 4643 4678 4618
9161 2 2 1 12 4716 4311 4675
9162 2 2 1 12 4621 4716 4675
9163 2 2 1 12 4782 4254 4748
9164 2 2 1 12 4623 4782 4748
9165 2 2 1 12 4695 4798 4623
9166 2 2 1 12 4665 4346 4914
9167 2 2 1 12 4665 4914 4624
9168 2 2 1 12 4707 4371 4780
9169 2 2 1 12 4707 4780 4624
9170 2 2 1 12 4720 4391 4869
9171 2 2 1 12 4720 4869 4625
9172 2 2 1 12 4770 4384 4808
9173 2 2 1 12 4770 4808 4628
9174 2 2 1 12 4736 4237 4787
9175 2 2 1 12 4736 4787 4630
9176 2 2 1 12 4692 4294 4739
9177 2 2 1 12 4692 4739 4630
9178 2 2 1 12 4768 4226 4728
9179 2 2 1 12 4633 4768 4728
9180 2 2 1 12 4804 4323 4690
9181 2 2 1 12 4633 4804 4690
9182 2 2 1 12 4637 4870 4677
9183 2 2 1 12 4654 4320 4889
9184 2 2 1 12 4654 4889 4639
9185 2 2 1 12 4821 4400 4863
9186 2 2 1 12 4821 4863 4647
9187 2 2 1 12 4749 4365 4818
9188 2 2 1 12 4749 4818 4651
9189 2 2 1 12 4832 4252 4934
9190 2 2 1 12 4832 4934 4655
9191 2 2 1 12 4773 4301 4767
9192 2 2 1 12 4656 4773 4767
9193 2 2 1 12 4894 4337 4667
9194 2 2 1 12 4657 4894 4667
9195 2 2 1 12 4688 4346 4895
9196 2 2 1 12 4688 4895 4657
9197 2 2 1 12 4803 4243 4751
9198 2 2 1 12 4658 4803 4751
9199 2 2 1 12 4792 4311 4742
9200 2 2 1 12 4658 4792 4742
9201 2 2 1 12 4670 4779 4659
9202 2 2 1 12 4769 4338 4712
9203 2 2 1 12 4662 4769 4712
9204 2 2 1 12 4707 4356 4885
9205 2 2 1 12 4707 4885 4663
9206 2 2 1 12 4837 4868 4664
9207 2 2 1 12 4791 4406 4731
9208 2 2 1 12 4664 4791 4731
9209 2 2 1 12 4665 4923 4819
9210 2 2 1 12 4691 4345 4676
9211 2 2 1 12 4666 4691 4676
9212 2 2 1 12 4871 4345 4691
9213 2 2 1 12 4667 4871 4691
9214 2 2 1 12 4812 4241 4701
9215 2 2 1 12 4668 4812 4701
9216 2 2 1 12 4698 4299 4805
9217 2 2 1 12 4698 4805 4668
9218 2 2 1 12 4688 4223 4776
9219 2 2 1 12 4688 4776 4669
9220 2 2 1 12 4682 4356 4914
9221 2 2 1 12 4682 4914 4669
9222 2 2 1 12 4830 4406 4734
9223 2 2 1 12 4671 4830 4734
9224 2 2 1 12 4717 4371 4846
9225 2 2 1 12 4717 4846 4671
9226 2 2 1 12 4741 4317 4857
9227 2 2 1 12 4741 4857 4672
9228 2 2 1 12 4878 4227 4694
9229 2 2 1 12 4792 4361 4728
9230 2 2 1 12 4675 4792 4728
9231 2 2 1 12 4842 4330 4800
9232 2 2 1 12 4676 4842 4800
9233 2 2 1 12 4837 4359 4811
9234 2 2 1 12 4677 4837 4811
9235 2 2 1 12 4965 4368 4754
9236 2 2 1 12 4679 4965 4754
9237 2 2 1 12 4743 4866 4680
9238 2 2 1 12 4681 4896 4766
9239 2 2 1 12 4887 4225 4711
9240 2 2 1 12 4682 4887 4711
9241 2 2 1 12 4804 4361 4751
9242 2 2 1 12 4683 4804 4751
9243 2 2 1 12 4848 4379 4715
9244 2 2 1 12 4683 4848 4715
9245 2 2 1 12 4853 4355 4759
9246 2 2 1 12 4684 4853 4759
9247 2 2 1 12 4782 4341 4811
9248 2 2 1 12 4782 4811 4684
9249 2 2 1 12 4802 4230 4814
9250 2 2 1 12 4802 4814 4686
9251 2 2 1 12 4686 4843 4761
9252 2 2 1 12 4789 4328 4829
9253 2 2 1 12 4789 4829 4687
9254 2 2 1 12 4750 4347 4927
9255 2 2 1 12 4750 4927 4697
9256 2 2 1 12 4864 4334 4703
9257 2 2 1 12 4700 4864 4703
9258 2 2 1 12 4803 4329 4712
9259 2 2 1 12 4700 4803 4712
9260 2 2 1 12 4853 4359 4731
9261 2 2 1 12 4702 4853 4731
9262 2 2 1 12 4729 4379 4848
9263 2 2 1 12 4729 4848 4703
9264 2 2 1 12 4736 4332 4800
9265 2 2 1 12 4736 4800 4704
9266 2 2 1 12 4775 4388 4856
9267 2 2 1 12 4775 4856 4704
9268 2 2 1 12 4886 4372 4788
9269 2 2 1 12 4706 4886 4788
9270 2 2 1 12 4876 4323 4715
9271 2 2 1 12 4725 4254 4920
9272 2 2 1 12 4725 4920 4718
9273 2 2 1 12 4719 4732 4726
9274 2 2 1 12 4762 4331 4752
9275 2 2 1 12 4721 4762 4752
9276 2 2 1 12 4772 4324 4748
9277 2 2 1 12 4725 4772 4748
9278 2 2 1 12 4918 4252 4785
9279 2 2 1 12 4726 4918 4785
9280 2 2 1 12 4844 4217 4928
9281 2 2 1 12 4844 4928 4732
9282 2 2 1 12 4796 4211 4932
9283 2 2 1 12 4796 4932 4733
9284 2 2 1 12 4882 4316 4738
9285 2 2 1 12 4733 4882 4738
9286 2 2 1 12 4817 4338 4769
9287 2 2 1 12 4735 4817 4769
9288 2 2 1 12 4753 4321 4765
9289 2 2 1 12 4753 4765 4740
9290 2 2 1 12 4944 4384 4770
9291 2 2 1 12 4746 4944 4770
9292 2 2 1 12 4828 4248 4765
9293 2 2 1 12 4747 4828 4765
9294 2 2 1 12 4786 4316 4847
9295 2 2 1 12 4786 4847 4747
9296 2 2 1 12 4787 4237 4771
9297 2 2 1 12 4749 4787 4771
9298 2 2 1 12 4783 4315 4801
9299 2 2 1 12 4783 4801 4752
9300 2 2 1 12 4901 4333 4937
9301 2 2 1 12 4901 4937 4756
9302 2 2 1 12 4835 4408 4920
9303 2 2 1 12 4835 4920 4759
9304 2 2 1 12 4939 4413 4813
9305 2 2 1 12 4762 4939 4813
9306 2 2 1 12 4827 4381 4922
9307 2 2 1 12 4827 4922 4771
9308 2 2 1 12 4775 4866 4845
9309 2 2 1 12 4824 4364 4797
9310 2 2 1 12 4781 4824 4797
9311 2 2 1 12 4832 4335 4801
9312 2 2 1 12 4785 4832 4801
9313 2 2 1 12 4836 4248 4828
9314 2 2 1 12 4793 4836 4828
9315 2 2 1 12 4817 4247 4955
9316 2 2 1 12 4817 4955 4794
9317 2 2 1 12 4831 4334 4864
9318 2 2 1 12 4831 4864 4794
9319 2 2 1 12 4950 4395 4875
9320 2 2 1 12 4949 4334 4809
9321 2 2 1 12 4806 4949 4809
9322 2 2 1 12 4883 4400 4919
9323 2 2 1 12 4883 4919 4806
9324 2 2 1 12 4831 4385 4964
9325 2 2 1 12 4831 4964 4809
9326 2 2 1 12 4865 4241 4816
9327 2 2 1 12 4810 4865 4816
9328 2 2 1 12 4850 4331 4813
9329 2 2 1 12 4810 4850 4813
9330 2 2 1 12 4844 4336 4818
9331 2 2 1 12 4815 4844 4818
9332 2 2 1 12 4953 4410 4906
9333 2 2 1 12 4840 4401 4888
9334 2 2 1 12 4840 4888 4836
9335 2 2 1 12 4854 4325 4948
9336 2 2 1 12 4854 4948 4838
9337 2 2 1 12 4849 4267 4890
9338 2 2 1 12 4849 4890 4847
9339 2 2 1 12 4882 4377 4957
9340 2 2 1 12 4882 4957 4849
9341 2 2 1 12 4954 4256 4959
9342 2 2 1 12 4954 4959 4851
9343 2 2 1 12 4871 4337 4917
9344 2 2 1 12 4871 4917 4855
9345 2 2 1 12 4883 4256 4954
9346 2 2 1 12 4883 4954 4863
9347 2 2 1 12 4946 4385 4955
9348 2 2 1 12 4946 4955 4877
9349 2 2 1 12 4922 4381 4900
9350 2 2 1 12 4915 4414 4942
9351 2 2 1 12 4915 4942 4903
9352 2 2 1 12 4959 4256 4964
9353 2 2 1 12 4232 4468 4833
9354 2 2 1 12 4232 4833 4859
9355 2 2 1 12 4931 4833 4307
9356 2 2 1 12 4833 4931 4859
9357 2 2 1 12 4232 4409 4893
9358 2 2 1 12 4893 4468 4232
9359 2 2 1 12 4893 4409 4352
9360 2 2 1 12 4927 4347 4236
9361 2 2 1 12 4869 4860 4339
9362 2 2 1 12 4825 4635 4312
9363 2 2 1 12 4825 4923 4635
9364 2 2 1 12 4833 4468 4225
9365 2 2 1 12 4225 4631 4833
9366 2 2 1 12 4758 4307 4833
9367 2 2 1 12 4631 4758 4833
9368 2 2 1 12 4225 4468 4893
9369 2 2 1 12 4893 4711 4225
9370 2 2 1 12 4893 4352 4885
9371 2 2 1 12 4893 4885 4711
9372 2 2 1 12 4741 4206 4951
9373 2 2 1 12 4387 4741 4951
9374 2 2 1 12 4892 4744 4233
9375 2 2 1 12 4392 4744 4892
9376 2 2 1 12 4892 4380 4392
9377 2 2 1 12 4368 4444 4969
9378 2 2 1 12 4754 4368 4969
9379 2 2 1 12 4754 4969 4685
9380 2 2 1 12 4958 80 4512
9381 2 2 1 12 4958 4464 4519
9382 2 2 1 12 4926 4472 4236
9383 2 2 1 12 4236 4424 4926
9384 2 2 1 12 4881 97 98
9385 2 2 1 12 4881 98 4902
9386 2 2 1 12 4881 4746 4374
9387 2 2 1 12 4881 4902 4746
9388 2 2 1 12 4705 26 27
9389 2 2 1 12 4909 4505 4240
9390 2 2 1 12 4240 4472 4909
9391 2 2 1 12 4909 4908 4505
9392 2 2 1 12 4378 4427 4910
9393 2 2 1 12 4910 4383 4378
9394 2 2 1 12 4383 4910 4971
9395 2 2 1 12 82 4723 81
9396 2 2 1 12 81 4723 4512
9397 2 2 1 12 4441 4250 4960
9398 2 2 1 12 4968 4441 4960
9399 2 2 1 12 58 4745 57
9400 2 2 1 12 4941 4340 4250
9401 2 2 1 12 4941 4250 4441
9402 2 2 1 12 4941 4735 4313
9403 2 2 1 12 4441 4735 4941
9404 2 2 1 12 4766 4720 4255
9405 2 2 1 12 4943 4814 4230
9406 2 2 1 12 4943 4442 4418
9407 2 2 1 12 4943 4418 4930
9408 2 2 1 12 4943 4930 4814
9409 2 2 1 12 55 4647 54
9410 2 2 1 12 54 4647 4469
9411 2 2 1 12 4492 4513 75
9412 2 2 1 12 4314 4740 4924
9413 2 2 1 12 4924 4740 4448
9414 2 2 1 12 4233 4622 4892
9415 2 2 1 12 4892 4622 4398
9416 2 2 1 12 4398 4380 4892
9417 2 2 1 12 4231 4591 4750
9418 2 2 1 12 4325 4347 4750
9419 2 2 1 12 4948 4325 4750
9420 2 2 1 12 4591 4948 4750
9421 2 2 1 12 80 4958 79
9422 2 2 1 12 79 4958 4519
9423 2 2 1 12 4960 4250 4467
9424 2 2 1 12 4898 4777 4284
9425 2 2 1 12 4351 4777 4898
9426 2 2 1 12 4245 4756 4904
9427 2 2 1 12 4904 4756 4351
9428 2 2 1 12 4930 4418 4473
9429 2 2 1 12 4473 4208 4930
9430 2 2 1 12 4930 4208 4873
9431 2 2 1 12 4228 4466 4779
9432 2 2 1 12 4779 4466 4382
9433 2 2 1 12 4952 4479 4215
9434 2 2 1 12 4215 4826 4952
9435 2 2 1 12 4952 4826 4373
9436 2 2 1 12 4234 4398 4891
9437 2 2 1 12 4962 4234 4891
9438 2 2 1 12 4396 4962 4891
9439 2 2 1 12 4396 4891 4727
9440 2 2 1 12 4822 64 65
9441 2 2 1 12 4936 4456 4216
9442 2 2 1 12 4936 4974 4456
9443 2 2 1 12 4385 4946 4964
9444 2 2 1 12 4946 4404 4420
9445 2 2 1 12 4959 4946 4420
9446 2 2 1 12 4959 4964 4946
9447 2 2 1 12 4851 53 4469
9448 2 2 1 12 39 4641 38
9449 2 2 1 12 4445 4641 39
9450 2 2 1 12 4355 4702 4839
9451 2 2 1 12 4839 4409 4355
9452 2 2 1 12 4830 4839 4702
9453 2 2 1 12 67 68 4491
9454 2 2 1 12 68 4520 4491
9455 2 2 1 12 4500 4491 4520
9456 2 2 1 12 4859 4718 4408
9457 2 2 1 12 4408 4232 4859
9458 2 2 1 12 4859 4913 4718
9459 2 2 1 12 4216 4461 4912
9460 2 2 1 12 4912 4461 4367
9461 2 2 1 12 4367 4375 4912
9462 2 2 1 12 4284 4459 4917
9463 2 2 1 12 4284 4917 4875
9464 2 2 1 12 4950 4917 4337
9465 2 2 1 12 4917 4950 4875
9466 2 2 1 12 4942 62 4438
9467 2 2 1 12 4942 4414 4494
9468 2 2 1 12 61 4942 4494
9469 2 2 1 12 61 62 4942
9470 2 2 1 12 4247 4441 4968
9471 2 2 1 12 4968 4877 4247
9472 2 2 1 12 4968 4443 4899
9473 2 2 1 12 4968 4899 4877
9474 2 2 1 12 4517 46 4973
9475 2 2 1 12 4467 4973 4960
9476 2 2 1 12 4965 4278 4368
9477 2 2 1 12 4470 4278 4965
9478 2 2 1 12 4965 4220 4470
9479 2 2 1 12 4947 4901 4235
9480 2 2 1 12 83 4 4478
9481 2 2 1 12 4342 4360 4951
9482 2 2 1 12 4840 40 41
9483 2 2 1 12 41 4401 4840
9484 2 2 1 12 4445 40 4840
9485 2 2 1 12 4823 4437 4222
9486 2 2 1 12 4795 4507 56
9487 2 2 1 12 4860 4431 4211
9488 2 2 1 12 4506 4360 4210
9489 2 2 1 12 4487 4210 4360
9490 2 2 1 12 4506 4387 4360
9491 2 2 1 12 4360 4387 4951
9492 2 2 1 12 4245 4453 4966
9493 2 2 1 12 4934 4252 4452
9494 2 2 1 12 4452 4723 4934
9495 2 2 1 12 4834 4478 4934
9496 2 2 1 12 4723 4834 4934
9497 2 2 1 12 4839 4663 4352
9498 2 2 1 12 4352 4409 4839
9499 2 2 1 12 4839 4846 4663
9500 2 2 1 12 4862 4661 4224
9501 2 2 1 12 4862 4784 4661
9502 2 2 1 12 4899 49 50
9503 2 2 1 12 50 4404 4899
9504 2 2 1 12 4443 49 4899
9505 2 2 1 12 4939 4370 4413
9506 2 2 1 12 4417 4370 4939
9507 2 2 1 12 4939 4222 4417
9508 2 2 1 12 4855 4459 4205
9509 2 2 1 12 4205 4680 4855
9510 2 2 1 12 4842 4345 4855
9511 2 2 1 12 4680 4842 4855
9512 2 2 1 12 4205 4459 4777
9513 2 2 1 12 4777 4706 4205
9514 2 2 1 12 4777 4351 4937
9515 2 2 1 12 4777 4937 4706
9516 2 2 1 12 4865 4701 4241
9517 2 2 1 12 4865 4413 4370
9518 2 2 1 12 4879 48 4443
9519 2 2 1 12 4968 4879 4443
9520 2 2 1 12 4879 4968 4960
9521 2 2 1 12 4364 4354 4867
9522 2 2 1 12 4820 4364 4867
9523 2 2 1 12 4354 4364 4824
9524 2 2 1 12 4730 4354 4824
9525 2 2 1 12 4357 4642 4824
9526 2 2 1 12 4730 4824 4642
9527 2 2 1 12 37 4497 4764
9528 2 2 1 12 4395 4972 4490
9529 2 2 1 12 4972 4395 4950
9530 2 2 1 12 4972 4950 4894
9531 2 2 1 12 4852 4367 4428
9532 2 2 1 12 4929 4393 4381
9533 2 2 1 12 4381 4827 4929
9534 2 2 1 12 4856 4388 4929
9535 2 2 1 12 4827 4856 4929
9536 2 2 1 12 4793 4376 4890
9537 2 2 1 12 4497 4641 4890
9538 2 2 1 12 4890 4267 4497
9539 2 2 1 12 4641 4793 4890
9540 2 2 1 12 4921 4353 4228
9541 2 2 1 12 4308 4921 4694
9542 2 2 1 12 4921 4878 4694
9543 2 2 1 12 4211 4431 4932
9544 2 2 1 12 4932 4431 4430
9545 2 2 1 12 4430 4377 4932
9546 2 2 1 12 4778 4233 4744
9547 2 2 1 12 4312 4590 4744
9548 2 2 1 12 4744 4366 4312
9549 2 2 1 12 4590 4778 4744
9550 2 2 1 12 4910 4427 4327
9551 2 2 1 12 4820 4910 4327
9552 2 2 1 12 4820 4867 4910
9553 2 2 1 12 4379 4729 4826
9554 2 2 1 12 4826 4215 4379
9555 2 2 1 12 4729 4949 4826
9556 2 2 1 12 4379 4215 4727
9557 2 2 1 12 4379 4727 4715
9558 2 2 1 12 4727 4876 4715
9559 2 2 1 12 4908 1 9
9560 2 2 1 12 4861 4924 4448
9561 2 2 1 12 4485 4405 4386
9562 2 2 1 12 4936 4485 4386
9563 2 2 1 12 74 75 4513
9564 2 2 1 12 74 4513 4521
9565 2 2 1 12 52 53 4851
9566 2 2 1 12 52 4851 4420
9567 2 2 1 12 4795 56 57
9568 2 2 1 12 4745 4795 57
9569 2 2 1 12 4271 34 35
9570 2 2 1 12 4763 4271 35
9571 2 2 1 12 36 37 4764
9572 2 2 1 12 36 4764 4763
9573 2 2 1 12 4872 25 26
9574 2 2 1 12 4705 4872 26
9575 2 2 1 12 4221 4642 4977
9576 2 2 1 12 4977 4642 4536
9577 2 2 1 12 23 24 4979
9578 2 2 1 12 4200 4566 4982
9579 2 2 1 12 4982 4566 4527
9580 2 2 1 12 4990 4730 4221
9581 2 2 1 12 4563 4730 4990
9582 2 2 1 12 4992 4673 4549
9583 2 2 1 12 4613 4310 4998
9584 2 2 1 12 4546 4525 4998
9585 2 2 1 12 4878 4921 4999
9586 2 2 1 12 4999 4921 4228
9587 2 2 1 12 5000 4632 4292
9588 2 2 1 12 4296 4784 5002
9589 2 2 1 12 5002 4784 4535
9590 2 2 1 12 4865 4370 5003
9591 2 2 1 12 4255 4625 5004
9592 2 2 1 12 5004 4625 4533
9593 2 2 1 12 5006 4308 4701
9594 2 2 1 12 4921 4308 5006
9595 2 2 1 12 5007 4681 4255
9596 2 2 1 12 5008 4981 4531
9597 2 2 1 12 4310 4645 5012
9598 2 2 1 12 5014 4576 4626
9599 2 2 1 12 5015 4375 4367
9600 2 2 1 12 4367 4852 5015
9601 2 2 1 12 4274 4437 5017
9602 2 2 1 12 5017 4437 4823
9603 2 2 1 12 5018 4292 4632
9604 2 2 1 12 5018 4544 4612
9605 2 2 1 12 5019 4391 4261
9606 2 2 1 12 5019 4431 4860
9607 2 2 1 12 4261 4431 5019
9608 2 2 1 12 5020 4993 4543
9609 2 2 1 12 4645 4298 5021
9610 2 2 1 12 4203 4599 5026
9611 2 2 1 12 4551 4635 5026
9612 2 2 1 12 5026 4599 4551
9613 2 2 1 12 5026 4635 4203
9614 2 2 1 12 4705 4648 5027
9615 2 2 1 12 5027 4872 4705
9616 2 2 1 12 5028 4251 4467
9617 2 2 1 12 5028 4340 4757
9618 2 2 1 12 4757 4251 5028
9619 2 2 1 12 4467 4340 5028
9620 2 2 1 12 5029 4695 4528
9621 2 2 1 12 4693 4724 5030
9622 2 2 1 12 5030 4724 4963
9623 2 2 1 12 4543 4993 5031
9624 2 2 1 12 4467 4251 5033
9625 2 2 1 12 4517 4973 5033
9626 2 2 1 12 5033 4251 4517
9627 2 2 1 12 5033 4973 4467
9628 2 2 1 12 5035 4648 4349
9629 2 2 1 12 4531 4648 5035
9630 2 2 1 12 4349 4681 5035
9631 2 2 1 12 4236 4472 5036
9632 2 2 1 12 5036 4927 4236
9633 2 2 1 12 4553 4619 5037
9634 2 2 1 12 4310 4613 5038
9635 2 2 1 12 4556 4620 5038
9636 2 2 1 12 4966 4453 5039
9637 2 2 1 12 5039 4453 4961
9638 2 2 1 12 4424 4325 5040
9639 2 2 1 12 5040 4325 4264
9640 2 2 1 12 5042 4211 4614
9641 2 2 1 12 4860 4211 5042
9642 2 2 1 12 5043 4392 4440
9643 2 2 1 12 5045 4570 4309
9644 2 2 1 12 4693 4342 5046
9645 2 2 1 12 5046 4342 4951
9646 2 2 1 12 4421 4745 5047
9647 2 2 1 12 4881 4374 5048
9648 2 2 1 12 5051 4705 27
9649 2 2 1 12 4648 4705 5051
9650 2 2 1 12 5052 4300 4858
9651 2 2 1 12 5052 4528 4536
9652 2 2 1 12 4543 4981 5053
9653 2 2 1 12 4218 4353 5056
9654 2 2 1 12 4370 4417 5056
9655 2 2 1 12 4645 4310 5057
9656 2 2 1 12 4620 4559 5057
9657 2 2 1 12 5060 4429 4412
9658 2 2 1 12 4412 4422 5060
9659 2 2 1 12 4614 4689 5062
9660 2 2 1 12 5062 4612 4614
9661 2 2 1 12 5062 4689 4292
9662 2 2 1 12 5063 4555 4548
9663 2 2 1 12 5065 4222 4721
9664 2 2 1 12 4823 4222 5065
9665 2 2 1 12 4721 4713 5065
9666 2 2 1 12 4558 4798 5066
9667 2 2 1 12 5067 4548 4552
9668 2 2 1 12 5068 4528 4695
9669 2 2 1 12 4695 4324 5068
9670 2 2 1 12 4429 5060 5069
9671 2 2 1 12 5069 5060 4239
9672 2 2 1 12 5070 4870 4270
9673 2 2 1 12 5071 4981 4543
9674 2 2 1 12 5072 4994 4757
9675 2 2 1 12 4757 4340 5072
9676 2 2 1 12 4652 4994 5072
9677 2 2 1 12 4689 4556 5073
9678 2 2 1 12 5073 4292 4689
9679 2 2 1 12 5074 4540 4708
9680 2 2 1 12 4708 4303 5074
9681 2 2 1 12 9 10 5075
9682 2 2 1 12 4426 4908 5075
9683 2 2 1 12 5075 4908 9
9684 2 2 1 12 5076 4560 4319
9685 2 2 1 12 5079 4652 4200
9686 2 2 1 12 4224 4808 5080
9687 2 2 1 12 4383 4862 5080
9688 2 2 1 12 5080 4808 4383
9689 2 2 1 12 5080 4862 4224
9690 2 2 1 12 4557 4760 5082
9691 2 2 1 12 5082 4555 4557
9692 2 2 1 12 5082 4760 4293
9693 2 2 1 12 5056 4353 5003
9694 2 2 1 12 4370 5056 5003
9695 2 2 1 12 4976 4218 5056
9696 2 2 1 12 4976 5056 4417
9697 2 2 1 12 4938 4239 5060
9698 2 2 1 12 4938 5060 4422
9699 2 2 1 12 5075 10 4266
9700 2 2 1 12 4426 5075 4266
9701 2 2 1 12 4639 4300 5052
9702 2 2 1 12 4639 5052 4536
9703 2 2 1 12 4998 4310 5012
9704 2 2 1 12 4998 5012 4546
9705 2 2 1 12 5070 4270 5067
9706 2 2 1 12 4552 5070 5067
9707 2 2 1 12 5063 4446 4940
9708 2 2 1 12 4555 5063 4940
9709 2 2 1 12 4554 4446 5059
9710 2 2 1 12 5011 4219 4991
9711 2 2 1 12 5048 4374 4660
9712 2 2 1 12 4594 5048 4660
9713 2 2 1 12 5062 4292 5018
9714 2 2 1 12 4612 5062 5018
9715 2 2 1 12 5000 4292 5073
9716 2 2 1 12 5000 5073 4613
9717 2 2 1 12 4998 4525 5000
9718 2 2 1 12 4998 5000 4613
9719 2 2 1 12 5073 4556 5038
9720 2 2 1 12 4613 5073 5038
9721 2 2 1 12 4619 5050 5037
9722 2 2 1 12 5057 4310 5038
9723 2 2 1 12 4620 5057 5038
9724 2 2 1 12 5021 4545 5012
9725 2 2 1 12 4645 5021 5012
9726 2 2 1 12 5007 4531 5035
9727 2 2 1 12 5007 5035 4681
9728 2 2 1 12 4656 4587 5049
9729 2 2 1 12 5029 4528 5052
9730 2 2 1 12 5029 5052 4858
9731 2 2 1 12 4870 5070 4574
9732 2 2 1 12 5063 4548 5067
9733 2 2 1 12 4966 5039 4386
9734 2 2 1 12 4270 4558 5059
9735 2 2 1 12 4869 4391 5019
9736 2 2 1 12 4869 5019 4860
9737 2 2 1 12 5036 4472 4240
9738 2 2 1 12 4963 5036 4240
9739 2 2 1 12 4366 4392 5043
9740 2 2 1 12 4366 5043 4490
9741 2 2 1 12 5065 4713 4358
9742 2 2 1 12 4823 5065 4358
9743 2 2 1 12 4428 4421 5047
9744 2 2 1 12 4428 5047 4852
9745 2 2 1 12 5008 4531 5007
9746 2 2 1 12 5008 4526 5053
9747 2 2 1 12 5008 5053 4981
9748 2 2 1 12 5020 4543 5053
9749 2 2 1 12 5013 4542 5031
9750 2 2 1 12 5013 5031 4993
9751 2 2 1 12 5071 4543 5031
9752 2 2 1 12 24 25 4925
9753 2 2 1 12 4872 4925 25
9754 2 2 1 12 4979 24 4925
9755 2 2 1 12 4872 4640 4925
9756 2 2 1 12 4979 4969 4476
9757 2 2 1 12 4476 23 4979
9758 2 2 1 12 5024 4979 4925
9759 2 2 1 12 4969 4979 5024
9760 2 2 1 12 5061 4548 4555
9761 2 2 1 12 4555 5082 5061
9762 2 2 1 12 5061 4293 4737
9763 2 2 1 12 5082 4293 5061
9764 2 2 1 12 4973 4879 4960
9765 2 2 1 12 47 4879 4973
9766 2 2 1 12 4987 63 64
9767 2 2 1 12 64 4822 4987
9768 2 2 1 12 4438 4987 4903
9769 2 2 1 12 4438 63 4987
9770 2 2 1 12 4386 4405 5081
9771 2 2 1 12 4386 5081 4966
9772 2 2 1 12 5025 5032 4552
9773 2 2 1 12 5032 4290 4699
9774 2 2 1 12 4290 5032 5025
9775 2 2 1 12 5069 4935 4429
9776 2 2 1 12 5025 4737 4290
9777 2 2 1 12 5025 4552 4548
9778 2 2 1 12 5061 5025 4548
9779 2 2 1 12 4737 5025 5061
9780 2 2 1 12 4977 4536 4528
9781 2 2 1 12 4293 4610 5064
9782 2 2 1 12 5064 4737 4293
9783 2 2 1 12 5064 4610 4534
9784 2 2 1 12 4342 4693 5030
9785 2 2 1 12 5030 4967 4342
9786 2 2 1 12 5030 4963 4240
9787 2 2 1 12 4967 5030 4240
9788 2 2 1 12 4971 4910 4867
9789 2 2 1 12 58 2 4985
9790 2 2 1 12 4985 4745 58
9791 2 2 1 12 5047 4745 4985
9792 2 2 1 12 4985 4852 5047
9793 2 2 1 12 5005 4534 4530
9794 2 2 1 12 5005 4290 4737
9795 2 2 1 12 5064 5005 4737
9796 2 2 1 12 4534 5005 5064
9797 2 2 1 12 28 4349 5051
9798 2 2 1 12 5051 27 28
9799 2 2 1 12 5051 4349 4648
9800 2 2 1 12 4612 4339 5042
9801 2 2 1 12 5042 4614 4612
9802 2 2 1 12 5042 4339 4860
9803 2 2 1 12 4640 4542 5024
9804 2 2 1 12 5024 4542 4685
9805 2 2 1 12 4925 4640 5024
9806 2 2 1 12 5024 4685 4969
9807 2 2 1 12 5049 4587 4540
9808 2 2 1 12 5002 4646 4296
9809 2 2 1 12 4547 4646 5002
9810 2 2 1 12 5002 4535 4547
9811 2 2 1 12 5054 4326 4547
9812 2 2 1 12 4547 4535 5054
9813 2 2 1 12 4626 4326 5054
9814 2 2 1 12 4372 4429 4935
9815 2 2 1 12 4788 4372 4935
9816 2 2 1 12 4788 4935 4743
9817 2 2 1 12 4353 4921 5003
9818 2 2 1 12 4701 4865 5003
9819 2 2 1 12 4701 5003 5006
9820 2 2 1 12 5006 5003 4921
9821 2 2 1 12 4984 4530 4534
9822 2 2 1 12 4221 4626 4990
9823 2 2 1 12 4535 4563 4990
9824 2 2 1 12 4535 4990 5054
9825 2 2 1 12 5054 4990 4626
9826 2 2 1 12 4743 4935 4866
9827 2 2 1 12 4866 4935 4845
9828 2 2 1 12 4309 4618 5045
9829 2 2 1 12 5045 4618 4550
9830 2 2 1 12 4550 4569 5045
9831 2 2 1 12 5043 4395 4490
9832 2 2 1 12 5043 4440 4496
9833 2 2 1 12 4496 4395 5043
9834 2 2 1 12 4559 4560 5078
9835 2 2 1 12 4996 4529 4530
9836 2 2 1 12 4530 4984 4996
9837 2 2 1 12 4996 4984 4580
9838 2 2 1 12 5032 4699 4288
9839 2 2 1 12 4894 4657 4895
9840 2 2 1 12 4972 4895 4819
9841 2 2 1 12 4972 4894 4895
9842 2 2 1 12 5009 4289 4632
9843 2 2 1 12 4891 4622 4876
9844 2 2 1 12 4891 4876 4727
9845 2 2 1 12 4627 4913 4931
9846 2 2 1 12 4931 4913 4859
9847 2 2 1 12 5034 4586 4577
9848 2 2 1 12 5034 4577 4581
9849 2 2 1 12 5058 5034 4644
9850 2 2 1 12 4581 4644 5034
9851 2 2 1 12 4537 4565 5022
9852 2 2 1 12 4873 4686 4814
9853 2 2 1 12 4843 4686 4873
9854 2 2 1 12 4873 4814 4930
9855 2 2 1 12 4874 4971 4867
9856 2 2 1 12 4830 4671 4846
9857 2 2 1 12 4839 4830 4846
9858 2 2 1 12 4936 4386 5039
9859 2 2 1 12 4974 5039 4961
9860 2 2 1 12 4936 5039 4974
9861 2 2 1 12 4565 4537 5055
9862 2 2 1 12 5055 5023 4565
9863 2 2 1 12 4978 5011 4524
9864 2 2 1 12 4756 4245 4880
9865 2 2 1 12 59 60 4988
9866 2 2 1 12 4907 4263 4988
9867 2 2 1 12 4988 60 4907
9868 2 2 1 12 4924 4994 4314
9869 2 2 1 12 4245 4966 4880
9870 2 2 1 12 4880 4966 5081
9871 2 2 1 12 4956 4607 4905
9872 2 2 1 12 4905 4687 4829
9873 2 2 1 12 4956 4905 4829
9874 2 2 1 12 4915 4906 4897
9875 2 2 1 12 4915 4903 4906
9876 2 2 1 12 29 30 4896
9877 2 2 1 12 30 4970 4896
9878 2 2 1 12 4766 4896 4970
9879 2 2 1 12 4923 4972 4819
9880 2 2 1 12 4972 4923 4490
9881 2 2 1 12 4490 4923 4825
9882 2 2 1 12 4953 4987 4369
9883 2 2 1 12 4822 4369 4987
9884 2 2 1 12 4987 4953 4906
9885 2 2 1 12 4903 4987 4906
9886 2 2 1 12 4919 4373 4826
9887 2 2 1 12 4949 4806 4919
9888 2 2 1 12 4949 4919 4826
9889 2 2 1 12 4900 4815 4365
9890 2 2 1 12 4922 4900 4365
9891 2 2 1 12 4435 4815 4900
9892 2 2 1 12 5001 4995 4580
9893 2 2 1 12 4898 4904 4351
9894 2 2 1 12 4432 4453 4904
9895 2 2 1 12 4898 4432 4904
9896 2 2 1 12 4219 4980 4991
9897 2 2 1 12 4525 4546 4980
9898 2 2 1 12 4991 4980 4546
9899 2 2 1 12 5016 4526 4533
9900 2 2 1 12 5058 4644 4570
9901 2 2 1 12 4870 4574 4868
9902 2 2 1 12 4837 4677 4870
9903 2 2 1 12 4837 4870 4868
9904 2 2 1 12 5041 4553 5037
9905 2 2 1 12 4302 4685 5013
9906 2 2 1 12 5013 4685 4542
9907 2 2 1 12 4483 4897 5081
9908 2 2 1 12 5081 4405 4483
9909 2 2 1 12 87 4274 5017
9910 2 2 1 12 4255 5004 5007
9911 2 2 1 12 5004 4533 4526
9912 2 2 1 12 5008 5004 4526
9913 2 2 1 12 5004 5008 5007
9914 2 2 1 12 5014 4626 4221
9915 2 2 1 12 4221 4977 5014
9916 2 2 1 12 4732 4918 4726
9917 2 2 1 12 4918 4732 4928
9918 2 2 1 12 4975 4918 4928
9919 2 2 1 12 4455 4251 4861
9920 2 2 1 12 4251 4757 4861
9921 2 2 1 12 5076 4319 4582
9922 2 2 1 12 4779 4999 4228
9923 2 2 1 12 4670 4564 4999
9924 2 2 1 12 4999 4564 4878
9925 2 2 1 12 4670 4999 4779
9926 2 2 1 12 4784 4874 4563
9927 2 2 1 12 4862 4874 4784
9928 2 2 1 12 4874 4862 4971
9929 2 2 1 12 5023 4545 5021
9930 2 2 1 12 4565 5023 5021
9931 2 2 1 12 4947 4394 4333
9932 2 2 1 12 4901 4947 4333
9933 2 2 1 12 5069 4239 4845
9934 2 2 1 12 4935 5069 4845
9935 2 2 1 12 4595 5055 4537
9936 2 2 1 12 4595 4537 5077
9937 2 2 1 12 4565 5021 4298
9938 2 2 1 12 5022 4565 4298
9939 2 2 1 12 5011 4978 4219
9940 2 2 1 12 4532 4980 4219
9941 2 2 1 12 4532 4219 4989
9942 2 2 1 12 4538 4989 4304
9943 2 2 1 12 4995 4538 4304
9944 2 2 1 12 86 87 5017
9945 2 2 1 12 4926 4424 5084
9946 2 2 1 12 4526 5016 5085
9947 2 2 1 12 5086 5055 4595
9948 2 2 1 12 4580 4984 5087
9949 2 2 1 12 5018 4632 5088
9950 2 2 1 12 5088 4544 5018
9951 2 2 1 12 5090 4995 4304
9952 2 2 1 12 4580 4995 5090
9953 2 2 1 12 4407 4391 5091
9954 2 2 1 12 5091 4391 4720
9955 2 2 1 12 5091 4970 4407
9956 2 2 1 12 5092 4756 4880
9957 2 2 1 12 4901 4756 5092
9958 2 2 1 12 4941 4585 5093
9959 2 2 1 12 5093 4340 4941
9960 2 2 1 12 5093 4585 4652
9961 2 2 1 12 4362 4649 5094
9962 2 2 1 12 4564 4670 5094
9963 2 2 1 12 5094 4649 4564
9964 2 2 1 12 5094 4670 4362
9965 2 2 1 12 4538 4995 5096
9966 2 2 1 12 5097 4288 4617
9967 2 2 1 12 5032 4288 5097
9968 2 2 1 12 4617 4574 5097
9969 2 2 1 12 4992 4549 5098
9970 2 2 1 12 5101 4532 5009
9971 2 2 1 12 4600 4299 5102
9972 2 2 1 12 4646 4547 5102
9973 2 2 1 12 5102 4299 4646
9974 2 2 1 12 5102 4547 4600
9975 2 2 1 12 5104 4290 5005
9976 2 2 1 12 5105 4235 4410
9977 2 2 1 12 5105 4953 4416
9978 2 2 1 12 4416 4235 5105
9979 2 2 1 12 4410 4953 5105
9980 2 2 1 12 5106 4567 4344
9981 2 2 1 12 5057 4559 5108
9982 2 2 1 12 5108 4559 5078
9983 2 2 1 12 5108 4645 5057
9984 2 2 1 12 4984 4534 5109
9985 2 2 1 12 5109 4534 4605
9986 2 2 1 12 5111 5045 4569
9987 2 2 1 12 4570 5045 5111
9988 2 2 1 12 5112 4549 4302
9989 2 2 1 12 5114 4524 4291
9990 2 2 1 12 4610 4293 5115
9991 2 2 1 12 5115 4293 4760
9992 2 2 1 12 5116 4204 4940
9993 2 2 1 12 5116 4554 4568
9994 2 2 1 12 5117 4298 5078
9995 2 2 1 12 5118 105 4423
9996 2 2 1 12 5118 4264 4498
9997 2 2 1 12 5040 4264 5118
9998 2 2 1 12 5040 5118 4423
9999 2 2 1 12 5040 4423 5084
10000 2 2 1 12 5040 5084 4424
10001 2 2 1 12 5101 4525 4980
10002 2 2 1 12 4532 5101 4980
10003 2 2 1 12 4615 4204 5116
10004 2 2 1 12 4615 5116 4568
10005 2 2 1 12 5022 4298 5117
10006 2 2 1 12 5022 5117 4592
10007 2 2 1 12 5072 4340 5093
10008 2 2 1 12 5072 5093 4652
10009 2 2 1 12 4446 4554 5116
10010 2 2 1 12 4446 5116 4940
10011 2 2 1 12 5083 33 3
10012 2 2 1 12 5091 4720 4766
10013 2 2 1 12 4970 5091 4766
10014 2 2 1 12 4991 5099 5011
10015 2 2 1 12 5086 4595 5041
10016 2 2 1 12 5037 5086 5041
10017 2 2 1 12 4699 4290 5104
10018 2 2 1 12 4539 4573 5103
10019 2 2 1 12 4298 4645 5108
10020 2 2 1 12 4298 5108 5078
10021 2 2 1 12 5088 4632 4289
10022 2 2 1 12 5016 5088 4289
10023 2 2 1 12 4533 4544 5088
10024 2 2 1 12 4533 5088 5016
10025 2 2 1 12 5055 5086 5023
10026 2 2 1 12 5001 4580 5087
10027 2 2 1 12 5001 5087 4992
10028 2 2 1 12 5107 4288 4699
10029 2 2 1 12 5001 5096 4995
10030 2 2 1 12 4302 5013 5112
10031 2 2 1 12 5117 4560 5010
10032 2 2 1 12 5010 4592 5117
10033 2 2 1 12 5078 4560 5117
10034 2 2 1 12 4530 4529 5104
10035 2 2 1 12 5104 5005 4530
10036 2 2 1 12 5034 5058 5103
10037 2 2 1 12 4304 4983 5090
10038 2 2 1 12 4996 4580 5090
10039 2 2 1 12 4996 5090 4529
10040 2 2 1 12 5090 4983 4529
10041 2 2 1 12 106 107 5095
10042 2 2 1 12 5095 4423 106
10043 2 2 1 12 5084 5095 4926
10044 2 2 1 12 4423 5095 5084
10045 2 2 1 12 84 85 5110
10046 2 2 1 12 4358 4562 5110
10047 2 2 1 12 5111 4569 4541
10048 2 2 1 12 5058 4570 5111
10049 2 2 1 12 5101 5000 4525
10050 2 2 1 12 5101 5009 4632
10051 2 2 1 12 4632 5000 5101
10052 2 2 1 12 4963 4697 4927
10053 2 2 1 12 4697 4963 4724
10054 2 2 1 12 4963 4927 5036
10055 2 2 1 12 5092 4410 4235
10056 2 2 1 12 4235 4901 5092
10057 2 2 1 12 5100 5092 4880
10058 2 2 1 12 4410 5092 5100
10059 2 2 1 12 4861 4757 4924
10060 2 2 1 12 4924 4757 4994
10061 2 2 1 12 5044 92 93
10062 2 2 1 12 5044 4659 4382
10063 2 2 1 12 5076 4982 4527
10064 2 2 1 12 4582 4982 5076
10065 2 2 1 12 4291 4524 5099
10066 2 2 1 12 4291 5099 4619
10067 2 2 1 12 5011 5099 4524
10068 2 2 1 12 4619 5099 5050
10069 2 2 1 12 4526 5085 5053
10070 2 2 1 12 5020 5053 5085
10071 2 2 1 12 5106 4344 4656
10072 2 2 1 12 4695 5029 4798
10073 2 2 1 12 5066 4798 5029
10074 2 2 1 12 5066 5029 4858
10075 2 2 1 12 5083 4499 4261
10076 2 2 1 12 5076 4527 5010
10077 2 2 1 12 5010 4560 5076
10078 2 2 1 12 4582 4593 5079
10079 2 2 1 12 4582 5079 4982
10080 2 2 1 12 5079 4200 4982
10081 2 2 1 12 5070 4552 4574
10082 2 2 1 12 5097 4574 4552
10083 2 2 1 12 5032 5097 4552
10084 2 2 1 12 5115 4295 4609
10085 2 2 1 12 4609 4610 5115
10086 2 2 1 12 4760 4295 5115
10087 2 2 1 12 5066 4858 4554
10088 2 2 1 12 4554 5059 5066
10089 2 2 1 12 5059 4558 5066
10090 2 2 1 12 4897 4410 5100
10091 2 2 1 12 5081 5100 4880
10092 2 2 1 12 5081 4897 5100
10093 2 2 1 12 5067 4270 5063
10094 2 2 1 12 4270 5059 5063
10095 2 2 1 12 5059 4446 5063
10096 2 2 1 12 4884 107 108
10097 2 2 1 12 107 4884 5095
10098 2 2 1 12 5095 4884 4926
10099 2 2 1 12 4926 4884 4472
10100 2 2 1 12 4884 4909 4472
10101 2 2 1 12 5001 4992 5098
10102 2 2 1 12 5001 5098 5096
10103 2 2 1 12 5096 5098 5089
10104 2 2 1 12 5103 4541 4539
10105 2 2 1 12 4541 5103 5111
10106 2 2 1 12 5058 5111 5103
10107 2 2 1 12 4843 4220 4653
10108 2 2 1 12 4673 4843 4653
10109 2 2 1 12 4761 4843 4673
10110 2 2 1 12 4303 4553 5074
10111 2 2 1 12 4540 5074 5049
10112 2 2 1 12 5074 4553 5041
10113 2 2 1 12 5041 5049 5074
10114 2 2 1 12 4956 5046 4206
10115 2 2 1 12 5046 4951 4206
10116 2 2 1 12 4328 5046 4829
10117 2 2 1 12 5046 4328 4693
10118 2 2 1 12 5046 4956 4829
10119 2 2 1 12 4997 4537 5022
10120 2 2 1 12 4537 4997 5077
10121 2 2 1 12 4997 4567 5106
10122 2 2 1 12 4997 5106 5077
10123 2 2 1 12 5022 4592 4997
10124 2 2 1 12 4455 4945 43
10125 2 2 1 12 4455 4861 4945
10126 2 2 1 12 4945 4448 4401
10127 2 2 1 12 4861 4448 4945
10128 2 2 1 12 4994 4652 5079
10129 2 2 1 12 4593 4314 5079
10130 2 2 1 12 4314 4994 5079
10131 2 2 1 12 4983 5107 4529
10132 2 2 1 12 5015 4263 4375
10133 2 2 1 12 4263 5015 4988
10134 2 2 1 12 4985 5015 4852
10135 2 2 1 12 5015 4985 4988
10136 2 2 1 12 4542 4640 5071
10137 2 2 1 12 4542 5071 5031
10138 2 2 1 12 5071 4640 4872
10139 2 2 1 12 5071 4872 5027
10140 2 2 1 12 4576 5068 4324
10141 2 2 1 12 4528 5068 4977
10142 2 2 1 12 5068 4576 5014
10143 2 2 1 12 5014 4977 5068
10144 2 2 1 12 104 105 5118
10145 2 2 1 12 104 5118 4498
10146 2 2 1 12 4545 4546 5012
10147 2 2 1 12 4562 84 5110
10148 2 2 1 12 3 34 5119
10149 2 2 1 12 5119 34 4271
10150 2 2 1 12 5120 4573 4586
10151 2 2 1 12 5120 5034 5103
10152 2 2 1 12 5103 4573 5120
10153 2 2 1 12 4586 5034 5120
10154 2 2 1 12 4978 4524 5121
10155 2 2 1 12 5107 4983 5121
10156 2 2 1 12 5121 4524 5107
10157 2 2 1 12 5121 4983 4978
10158 2 2 1 12 5122 4629 4326
10159 2 2 1 12 5122 4626 4576
10160 2 2 1 12 4576 4629 5122
10161 2 2 1 12 4326 4626 5122
10162 2 2 1 12 5123 4219 4978
10163 2 2 1 12 5123 4304 4989
10164 2 2 1 12 4989 4219 5123
10165 2 2 1 12 5124 4567 4997
10166 2 2 1 12 4621 4567 5124
10167 2 2 1 12 5125 86 5017
10168 2 2 1 12 5017 4823 5125
10169 2 2 1 12 5127 4261 4391
10170 2 2 1 12 5083 4261 5127
10171 2 2 1 12 5128 4362 4659
10172 2 2 1 12 5129 5113 5085
10173 2 2 1 12 5085 5016 5129
10174 2 2 1 12 5130 5050 5099
10175 2 2 1 12 5099 4991 5130
10176 2 2 1 12 5131 4430 4271
10177 2 2 1 12 5131 4763 4433
10178 2 2 1 12 4433 4430 5131
10179 2 2 1 12 4271 4763 5131
10180 2 2 1 12 4908 4909 5132
10181 2 2 1 12 5132 1 4908
10182 2 2 1 12 5132 4909 4884
10183 2 2 1 12 5106 4656 5133
10184 2 2 1 12 5133 4656 5049
10185 2 2 1 12 4538 5113 5134
10186 2 2 1 12 108 1 5132
10187 2 2 1 12 108 5132 4884
10188 2 2 1 12 5129 5134 5113
10189 2 2 1 12 4289 5129 5016
10190 2 2 1 12 94 95 5126
10191 2 2 1 12 4983 4304 5123
10192 2 2 1 12 4983 5123 4978
10193 2 2 1 12 85 86 5125
10194 2 2 1 12 85 5125 5110
10195 2 2 1 12 5125 4823 4358
10196 2 2 1 12 5110 5125 4358
10197 2 2 1 12 4271 4499 5119
10198 2 2 1 12 5083 3 5119
10199 2 2 1 12 5119 4499 5083
10200 2 2 1 12 5114 5107 4524
10201 2 2 1 12 5114 4288 5107
10202 2 2 1 12 4997 4592 4986
10203 2 2 1 12 4986 4592 5010
10204 2 2 1 12 4716 4621 4986
10205 2 2 1 12 5124 4986 4621
10206 2 2 1 12 4997 4986 5124
10207 2 2 1 12 5128 4659 5044
10208 2 2 1 12 5044 93 5128
10209 2 2 1 12 5128 93 94
10210 2 2 1 12 5104 4529 5107
10211 2 2 1 12 5104 5107 4699
10212 2 2 1 12 5086 5050 5023
10213 2 2 1 12 5086 5037 5050
10214 2 2 1 12 5134 4532 4989
10215 2 2 1 12 4989 4538 5134
10216 2 2 1 12 5009 4532 5134
10217 2 2 1 12 5109 4605 4673
10218 2 2 1 12 5109 4673 4992
10219 2 2 1 12 5087 4984 5109
10220 2 2 1 12 5109 4992 5087
10221 2 2 1 12 5098 4549 5112
10222 2 2 1 12 5089 5098 5112
10223 2 2 1 12 4594 4362 5126
10224 2 2 1 12 4617 4288 5114
10225 2 2 1 12 4291 4601 5114
10226 2 2 1 12 4617 5114 4601
10227 2 2 1 12 5133 4595 5077
10228 2 2 1 12 4595 5133 5041
10229 2 2 1 12 5133 5049 5041
10230 2 2 1 12 5077 5106 5133
10231 2 2 1 12 4531 4981 5027
10232 2 2 1 12 5027 4648 4531
10233 2 2 1 12 4981 5071 5027
10234 2 2 1 12 5127 32 33
10235 2 2 1 12 5083 5127 33
10236 2 2 1 12 4407 32 5127
10237 2 2 1 12 4407 5127 4391
10238 2 2 1 12 5135 91 92
10239 2 2 1 12 4273 91 5135
10240 2 2 1 12 92 5044 5135
10241 2 2 1 12 4527 4716 5136
10242 2 2 1 12 4986 5010 5136
10243 2 2 1 12 5136 4716 4986
10244 2 2 1 12 5136 5010 4527
10245 2 2 1 12 4382 4273 5135
10246 2 2 1 12 4382 5135 5044
10247 2 2 1 12 5009 5129 4289
10248 2 2 1 12 5009 5134 5129
10249 2 2 1 12 5013 4993 5112
10250 2 2 1 12 4993 5089 5112
10251 2 2 1 12 5126 4362 5128
10252 2 2 1 12 94 5126 5128
10253 2 2 1 12 59 4988 4985
10254 2 2 1 12 4985 2 59
10255 2 2 1 12 5096 5113 4538
10256 2 2 1 12 5113 5096 5089
10257 2 2 1 12 5130 4991 4546
10258 2 2 1 12 4545 5130 4546
10259 2 2 1 12 5130 4545 5023
10260 2 2 1 12 5050 5130 5023
10261 2 2 1 12 4 84 4562
10262 2 2 1 12 4562 4478 4
10263 2 2 1 12 4993 5020 5089
10264 2 2 1 12 5089 5020 5113
10265 2 2 1 12 5020 5085 5113
10266 2 2 1 12 97 4881 5137
10267 2 2 1 12 5137 4881 5048
10268 2 2 1 12 5137 96 97
10269 2 2 1 12 5048 4594 5138
10270 2 2 1 12 5138 4594 5126
10271 2 2 1 12 5138 5126 95
10272 2 2 1 12 95 96 5138
10273 2 2 1 12 5138 5137 5048
10274 2 2 1 12 5138 96 5137
$EndElements
